id,day,title,subtitle,body,program,question_id,question_response,resources,claire_prompts,journal_prompts,meditation,page_info,stage,guide_id
1,0,🧘‍♂️ Preparation,Get Ready for Clear30!,"You’re about to start a powerful 30-day journey to take control of your habits. Clear30 is all about making small, consistent changes that lead to big results. 🌱

Quick Tips for Success:
 • Check in daily: Take just a few minutes each day to reflect on your goal, whether it’s during a quiet moment or while brushing your teeth. 🧠
 • Lean on support: Invite a friend to join you or reach out to us for help when you need it. 💪
 • Stay flexible: Use the tips that work for you, but keep an open mind—you never know when something will click. 🔄

Remember, you’ve already taken the first step by committing to this break. You’ve got this, and we’re here to support you every step of the way! 💚.",clear30,,,"{""The Problem With Weed..."":""https://www.youtube.com/watch?v=NqtYZJSGeEY"",""Addiction Mindset: T-Breaks"":""https://www.youtube.com/watch?v=Zg8mYYwbA1I"",""Weedless Guide to Preparation"":""https://www.weedless.org/guide/"",""Taking a break is hard! Any suggestions?"":""https://www.reddit.com/r/canadients/comments/5yylas/taking_a_break_is_hard_any_suggestions/"",""Mcwell: Self help guide for 30 day T-break"":""https://mcwell.nd.edu/your-well-being/physical-well-being/drugs/marijuana-or-cannabis-sativa/quitting-marijuana-a-30-day-self-help-guide/"",""UVM: T-Break Preparation (and Guide): Definitely Check it out"":""https://www.uvm.edu/health/day-0-preparation""}","{""🌿 Ease Withdrawal: Your Action Plan 🌟"":""Clairebot, based on my profile, guide me in crafting a detailed action plan with daily routines, activities, and habits to ease withdrawal symptoms in Clear30."",""🎨 New Free Time? Discover New Habits 🏃"":""Can you guide me in either finding a habit worth building or putting into practice a habit I've committed to?"",""👥 Environment Curation: Find Your Place & People 🌎"":""Help me manage environmental triggers and identifying and minimizing settings that lead to cravings based on my profile?""}","[""What steps are you taking to prepare for your Clear30?""]","{""Preparation Meditation"":""https://m.clear30.org/preparation.mp3""}","[{""body"":""What if just taking a few minutes a day could change your life? That’s all it takes to start making real, lasting progress on your Clear30 journey. Whether it’s during a quiet moment in the morning, brushing your teeth, or even while you're on the toilet, checking in with your goal for a few moments can make all the difference. 🚀"",""title"":""🕰️ Start Strong: Small Daily Steps Lead to Big Wins""},{""body"":""Clear30 isn’t just about stopping weed—it’s a chance to reinvent yourself. Over the next 30 days, you’ll have the tools to take control, not just of this one habit, but of any challenge you set your mind to. By aligning with the version of yourself you want to be, you’re not only breaking free from weed—you’re building resilience and practicing the art of doing hard things.\nThink of it this way: Every day you stay committed to this break, you’re casting votes for the person you want to become. 🎯 And by the end of these 30 days, you’ll have not just hit your goal, but also strengthened your ability to tackle bigger goals beyond Clear30."",""title"":""🧠 Reinvent Yourself, One Step at a Time""},{""body"":""You don’t have to go through this alone. In fact, starting Clear30 with a friend can be a game-changer. When you’ve got someone walking the same path as you, it’s easier to stay accountable and support each other. The break with friends option makes it easy to invite someone into the program with you. 💪\nBut whether you do it with a friend or on your own, we’re here for you. Through online support, you can connect with our team, including Dr. Fred, for that extra bit of encouragement. Sometimes, just knowing there’s someone out there rooting for you makes all the difference."",""title"":""👥 Lean on Support—From Friends or From Us""},{""body"":""One of the biggest challenges people face is staying consistent over time. That’s why we encourage you to make a habit of checking in daily. Whether it’s reading the daily message, reflecting on your goals, or thinking about your progress, setting aside just a few minutes can keep you on track.\nHere’s a tip: Pair your check-in with a habit you already have. Maybe it’s while you’re brushing your teeth in the morning, or during a moment of downtime. The easier it is to fit into your routine, the more likely you’ll stick with it—and those small, daily actions add up in a big way. 🧩"",""title"":""🎯 Consistency is Key: Check In Every Day""},{""body"":""We’re going to be sending a lot of information and strategies your way over the next 30 days. Some things will resonate with you, while others might not. And that’s okay. You don’t have to follow every piece of advice perfectly. Take what works for you and run with it.\nBut even for the strategies that don’t feel like they apply right away—keep them in the back of your mind. You never know when something you’ve learned might come in handy later on. Sometimes, the most unexpected advice turns out to be exactly what you need down the line."",""title"":""🔄 Take What Works, Leave the Rest—But Keep an Open Mind""},{""body"":""You’re about to do something that’s not easy—and that’s what makes it so powerful. Nobody’s forcing you to take this break. You’re doing it for yourself. That alone says so much about the kind of person you are—someone who is willing to step out of their comfort zone, take on challenges, and grow stronger from them. 🔥\nThis mindset is going to carry you far—not just through Clear30, but through life. So go in with excitement and an open mind. Whether it’s tough or smooth, the fact that you’re here, trying, is a win in itself. You’ve already taken the hardest step by deciding to make a change."",""title"":""🌱 Embrace the Challenge""},{""body"":""You’ve set the stage for something great. Clear30 is your chance not only to break a habit but to create a stronger version of yourself. Lean on support when you need it, stay consistent with those small daily steps, and keep an open mind. You’re not just stopping weed—you’re proving to yourself that you can do difficult things, and that strength will carry you to bigger, better places.\nWe’re excited for what’s ahead—and remember, we’re here with you every step of the way. 💚"",""title"":""🔑 Key Takeaway: You’ve Got This—And You’re Already on Your Way""}]",,
2,1,"Weekly Use, Big Adjustments 🌿
","Discomfort is often psychological
","Even if you use just once a week, taking a break might still cause discomfort—especially psychological discomfort. 

Your body may respond too as it adapts to the absence of THC, but serious physical withdrawal is unlikely. 

While all the suggestions may not apply to you, check out the Clear30 guide for tips on navigating withdrawal to stay ahead of the game.",clear30,Days-Using,About once a week or less,"{""Manage Withdrawal"":""https://www.youtube.com/watch?v=J-1neoDfLzo"",""Quitting Weed Made Me Rich"":""https://www.youtube.com/watch?v=VBtfB9DhFFo"",""Managing Cannabis Withdrawals"":""https://www.reddit.com/r/AskReddit/comments/ovrqxx/how_long_do_cannabis_withdrawals_last_anxiety/"",""Weedless: Withdrawal Timeline"":""https://www.weedless.org/withdrawal/timeline/"",""Managing Cannabis Withdrawals 2"":""https://www.reddit.com/r/leaves/comments/1hmj0u/my_personal_guide_for_withdrawal_symptoms/"",""Healthline: What to expect from withdrawal"":""https://www.healthline.com/health-news/marijuana-withdrawal-symptoms-are-real-for-regular-users#What-the-study-revealed"",""Harvard Medical School: Managing withdrawal"":""https://www.health.harvard.edu/blog/if-cannabis-becomes-a-problem-how-to-manage-withdrawal-2020052619922""}",,"[""What are you going to do to make it through the first few days without weed?""]","{""Withdrawal Meditation"":""https://m.clear30.org/withdrawal.mp3""}","[{""body"":""Withdrawal may be worse if you use weed regularly with minimal time between breaks use higher potency weed.\n✏️ But remember, it's okay to feel these things. Accept that they will happen but make sure to seek professional help if they are bad. There is help out there."",""title"":""Dealing With Withdrawal""},{""body"":""⏸️ When you decide to hit pause on cannabis, your body's first reaction might be, \""Hey, where's the THC?\"" It's like going to your favorite coffee shop only to find they're out of coffee! Your endocannabinoid system, which controls memory, mood, movement, appetite, and sleep, is left wondering where its familiar ingredient has gone. This sudden change can throw your system off.\n💭 Everyone's withdrawals are unique. You might notice changes that mirror the effects of your high. Loved those munchies? You might now experience decreased appetite. Did cannabis make you feel chill? Irritability could sneak in. Plus, there might be new experiences, like vivid dreams that can feel like you've jumped into a sci-fi movie - that's because cannabis suppresses REM sleep, and when you stop, the dreams come back in HD."",""title"":""🌿What Happens When You Break?""},{""body"":""Stomach pain 🤢\nIrritability and anxiety 😡\nDecreased appetite or nausea 🍽️\nFevers, sweating, or chills 😰\nHeadaches 🤯\nRestlessness 😣\nSleep problems, including those sci-fi dreams 🛌\nCravings 🍃\nA sense of melancholy 😔\nIf this feels like too much to handle, consider a gradual farewell to THC, a sort of \""see you later\"" approach. Check out our brief taper page.\n✏️ Withdrawal might have a psychological side too. If cannabis was your sleep companion, you might worry about restless nights. If it was your shield from boredom or anxiety, you might feel exposed. But remember, it's okay to feel these things. Accept they will happen. They are temporary.\nAnd hey, it's not all bad! Many people begin to experience benefits like improved motivation, increased energy, and sharper focus within a week of breaking. 🌞💪🧠"",""title"":""Without cannabis, you may come face to face with:""},{""body"":""🎢 The first week is like the steep climb on a rollercoaster, especially starting at day 2. Some symptoms, like brain fog, ultra vivid dreams, and stomach issues, might stick around for your whole Clear30. Remember, THC likes to hide in your fat cells and can take 3-4 weeks to leave the building.\nWe're here with tips and tricks to make this break a little less bumpy."",""title"":""How long will this last?""},{""body"":""Here are some handy tips to turn those choppy waves into a more manageable tide during Clear30. BIG NOTE: Keep it simple. This is an overview for you to pick and choose a couple. We will go over each of these in detail during your Clear30.\n1️⃣ Acceptance: Understanding and accepting that discomfort is part of the journey can help you navigate this new path with intention. It's not about running from discomfort but learning to dance in the rain. However, if the storm gets too wild, don't hesitate to seek medical help.\n2️⃣ Self-Care: This isn't the time to run a marathon or plan a house move. Keep your first week gentle and stress-free. Give yourself the green light to dodge demanding tasks, especially if they trigger cravings.\n3️⃣ Exercise: Your new best friend to combat withdrawal symptoms like sleep issues and irritability. A good workout can reset your nervous system, trigger those happy endorphins, and help revitalize your endocannabinoid system.\n4️⃣ Hydrate: Think of water as your detox ally, helping to flush out THC and support your body's natural cleansing processes. Plus, staying hydrated can also ease stomach issues and brain fog. 💧🍵\n5️⃣ Distraction: When withdrawal takes center stage, divert your attention with fun activities. The more engaged you are, the less time you'll have to dwell on your symptoms. 🎨🚴‍♂️\n6️⃣ Mindfulness: It's like a compass guiding you towards intention and away from your symptoms. Consider trying a few of our recommended meditations. 🧭🧘‍♀️\n7️⃣ Supplements: Some, like NAC, magnesium, CBD, and B-complex, have shown promise in easing cravings and withdrawal symptoms. Always consult with a healthcare provider before starting any supplement regimen. 💊👩‍⚕️ \n🌿 Taper: If you didn't choose doing a taper during your assessment but think you may need it, check out our taper guide for some support https://clear30.io/45P8EGu 🌿 \n8️⃣ Support: Lean on friends, join online support groups, or seek professional help. Social support can actually dial down the intensity of withdrawal. 👥💬"",""title"":""Making Withdrawal a Smoother Ride: Your Go-to Guide 🎢💡""},{""body"":""Actively do things to reduce withdrawal symptoms, ideally before they start."",""title"":""🔑 Key Takeaway Action""}]",withdrawal,
3,29,Day 29 🥲,It's Been Fun,"💚🤍 Just one more day. 

As Clear30 comes to an end tomorrow, take a few minutes to reflect on the last month.  

Was it…
🥱Easy?
😮‍💨Hard?
🤩Fun?

🧘‍♀️What did you learn about yourself?

Stay Strong! If you need a little boost, ask Claire for some recommendations on motivation today and your goals moving forward based on your intentions!",clear30,,,,,,,,moving_forward,
4,1,"Withdrawal for Occasional Users 🌿
","Psychological symptoms to expect
","If you use weed 2-3 days a week, taking a break can still bring withdrawal symptoms, often more psychological than physical. 

You might notice changes like increased irritability, trouble sleeping, or a stronger sense of boredom. 

These shifts are normal as your brain adjusts. Check out the Clear30 guide for tips to navigate these challenges and keep moving forward.",clear30,Days-Using,2-3 days a week,"{""Manage Withdrawal"":""https://www.youtube.com/watch?v=J-1neoDfLzo"",""Quitting Weed Made Me Rich"":""https://www.youtube.com/watch?v=VBtfB9DhFFo"",""Managing Cannabis Withdrawals"":""https://www.reddit.com/r/AskReddit/comments/ovrqxx/how_long_do_cannabis_withdrawals_last_anxiety/"",""Weedless: Withdrawal Timeline"":""https://www.weedless.org/withdrawal/timeline/"",""Managing Cannabis Withdrawals 2"":""https://www.reddit.com/r/leaves/comments/1hmj0u/my_personal_guide_for_withdrawal_symptoms/"",""Healthline: What to expect from withdrawal"":""https://www.healthline.com/health-news/marijuana-withdrawal-symptoms-are-real-for-regular-users#What-the-study-revealed"",""Harvard Medical School: Managing withdrawal"":""https://www.health.harvard.edu/blog/if-cannabis-becomes-a-problem-how-to-manage-withdrawal-2020052619922""}",,"[""What are you going to do to make it through the first few days without weed?""]","{""Withdrawal Meditation"":""https://m.clear30.org/withdrawal.mp3""}","[{""body"":""Withdrawal may be worse if you use weed regularly with minimal time between breaks use higher potency weed.\n✏️ But remember, it's okay to feel these things. Accept that they will happen but make sure to seek professional help if they are bad. There is help out there."",""title"":""Dealing With Withdrawal""},{""body"":""⏸️ When you decide to hit pause on cannabis, your body's first reaction might be, \""Hey, where's the THC?\"" It's like going to your favorite coffee shop only to find they're out of coffee! Your endocannabinoid system, which controls memory, mood, movement, appetite, and sleep, is left wondering where its familiar ingredient has gone. This sudden change can throw your system off.\n💭 Everyone's withdrawals are unique. You might notice changes that mirror the effects of your high. Loved those munchies? You might now experience decreased appetite. Did cannabis make you feel chill? Irritability could sneak in. Plus, there might be new experiences, like vivid dreams that can feel like you've jumped into a sci-fi movie - that's because cannabis suppresses REM sleep, and when you stop, the dreams come back in HD."",""title"":""🌿What Happens When You Break?""},{""body"":""Stomach pain 🤢\nIrritability and anxiety 😡\nDecreased appetite or nausea 🍽️\nFevers, sweating, or chills 😰\nHeadaches 🤯\nRestlessness 😣\nSleep problems, including those sci-fi dreams 🛌\nCravings 🍃\nA sense of melancholy 😔\nIf this feels like too much to handle, consider a gradual farewell to THC, a sort of \""see you later\"" approach. Check out our brief taper page.\n✏️ Withdrawal might have a psychological side too. If cannabis was your sleep companion, you might worry about restless nights. If it was your shield from boredom or anxiety, you might feel exposed. But remember, it's okay to feel these things. Accept they will happen. They are temporary.\nAnd hey, it's not all bad! Many people begin to experience benefits like improved motivation, increased energy, and sharper focus within a week of breaking. 🌞💪🧠"",""title"":""Without cannabis, you may come face to face with:""},{""body"":""🎢 The first week is like the steep climb on a rollercoaster, especially starting at day 2. Some symptoms, like brain fog, ultra vivid dreams, and stomach issues, might stick around for your whole Clear30. Remember, THC likes to hide in your fat cells and can take 3-4 weeks to leave the building.\nWe're here with tips and tricks to make this break a little less bumpy."",""title"":""How long will this last?""},{""body"":""Here are some handy tips to turn those choppy waves into a more manageable tide during Clear30. BIG NOTE: Keep it simple. This is an overview for you to pick and choose a couple. We will go over each of these in detail during your Clear30.\n1️⃣ Acceptance: Understanding and accepting that discomfort is part of the journey can help you navigate this new path with intention. It's not about running from discomfort but learning to dance in the rain. However, if the storm gets too wild, don't hesitate to seek medical help.\n2️⃣ Self-Care: This isn't the time to run a marathon or plan a house move. Keep your first week gentle and stress-free. Give yourself the green light to dodge demanding tasks, especially if they trigger cravings.\n3️⃣ Exercise: Your new best friend to combat withdrawal symptoms like sleep issues and irritability. A good workout can reset your nervous system, trigger those happy endorphins, and help revitalize your endocannabinoid system.\n4️⃣ Hydrate: Think of water as your detox ally, helping to flush out THC and support your body's natural cleansing processes. Plus, staying hydrated can also ease stomach issues and brain fog. 💧🍵\n5️⃣ Distraction: When withdrawal takes center stage, divert your attention with fun activities. The more engaged you are, the less time you'll have to dwell on your symptoms. 🎨🚴‍♂️\n6️⃣ Mindfulness: It's like a compass guiding you towards intention and away from your symptoms. Consider trying a few of our recommended meditations. 🧭🧘‍♀️\n7️⃣ Supplements: Some, like NAC, magnesium, CBD, and B-complex, have shown promise in easing cravings and withdrawal symptoms. Always consult with a healthcare provider before starting any supplement regimen. 💊👩‍⚕️ \n🌿 Taper: If you didn't choose doing a taper during your assessment but think you may need it, check out our taper guide for some support https://clear30.io/45P8EGu 🌿 \n8️⃣ Support: Lean on friends, join online support groups, or seek professional help. Social support can actually dial down the intensity of withdrawal. 👥💬"",""title"":""Making Withdrawal a Smoother Ride: Your Go-to Guide 🎢💡""},{""body"":""Actively do things to reduce withdrawal symptoms, ideally before they start."",""title"":""🔑 Key Takeaway Action""}]",withdrawal,
5,1,Day 1 ⚠️,Withdrawal Is Real,"The first 7-10 days after you stop smoking may not be easy. 

Your 🧠 receptors are used to the THC and when it doesn't get it you may have problems with your mood, sleep, or well-being.",clear30,Days-Using,6-7 days a week,"{""Manage Withdrawal"":""https://www.youtube.com/watch?v=J-1neoDfLzo"",""Quitting Weed Made Me Rich"":""https://www.youtube.com/watch?v=VBtfB9DhFFo"",""Managing Cannabis Withdrawals"":""https://www.reddit.com/r/AskReddit/comments/ovrqxx/how_long_do_cannabis_withdrawals_last_anxiety/"",""Weedless: Withdrawal Timeline"":""https://www.weedless.org/withdrawal/timeline/"",""Managing Cannabis Withdrawals 2"":""https://www.reddit.com/r/leaves/comments/1hmj0u/my_personal_guide_for_withdrawal_symptoms/"",""Healthline: What to expect from withdrawal"":""https://www.healthline.com/health-news/marijuana-withdrawal-symptoms-are-real-for-regular-users#What-the-study-revealed"",""Harvard Medical School: Managing withdrawal"":""https://www.health.harvard.edu/blog/if-cannabis-becomes-a-problem-how-to-manage-withdrawal-2020052619922""}",,"[""What are you going to do to make it through the first few days without weed?""]","{""Withdrawal Meditation"":""https://m.clear30.org/withdrawal.mp3""}","[{""body"":""Withdrawal may be worse if you use weed regularly with minimal time between breaks use higher potency weed.\n✏️ But remember, it's okay to feel these things. Accept that they will happen but make sure to seek professional help if they are bad. There is help out there."",""title"":""Dealing With Withdrawal""},{""body"":""⏸️ When you decide to hit pause on cannabis, your body's first reaction might be, \""Hey, where's the THC?\"" It's like going to your favorite coffee shop only to find they're out of coffee! Your endocannabinoid system, which controls memory, mood, movement, appetite, and sleep, is left wondering where its familiar ingredient has gone. This sudden change can throw your system off.\n💭 Everyone's withdrawals are unique. You might notice changes that mirror the effects of your high. Loved those munchies? You might now experience decreased appetite. Did cannabis make you feel chill? Irritability could sneak in. Plus, there might be new experiences, like vivid dreams that can feel like you've jumped into a sci-fi movie - that's because cannabis suppresses REM sleep, and when you stop, the dreams come back in HD."",""title"":""🌿What Happens When You Break?""},{""body"":""Stomach pain 🤢\nIrritability and anxiety 😡\nDecreased appetite or nausea 🍽️\nFevers, sweating, or chills 😰\nHeadaches 🤯\nRestlessness 😣\nSleep problems, including those sci-fi dreams 🛌\nCravings 🍃\nA sense of melancholy 😔\nIf this feels like too much to handle, consider a gradual farewell to THC, a sort of \""see you later\"" approach. Check out our brief taper page.\n✏️ Withdrawal might have a psychological side too. If cannabis was your sleep companion, you might worry about restless nights. If it was your shield from boredom or anxiety, you might feel exposed. But remember, it's okay to feel these things. Accept they will happen. They are temporary.\nAnd hey, it's not all bad! Many people begin to experience benefits like improved motivation, increased energy, and sharper focus within a week of breaking. 🌞💪🧠"",""title"":""Without cannabis, you may come face to face with:""},{""body"":""🎢 The first week is like the steep climb on a rollercoaster, especially starting at day 2. Some symptoms, like brain fog, ultra vivid dreams, and stomach issues, might stick around for your whole Clear30. Remember, THC likes to hide in your fat cells and can take 3-4 weeks to leave the building.\nWe're here with tips and tricks to make this break a little less bumpy."",""title"":""How long will this last?""},{""body"":""Here are some handy tips to turn those choppy waves into a more manageable tide during Clear30. BIG NOTE: Keep it simple. This is an overview for you to pick and choose a couple. We will go over each of these in detail during your Clear30.\n1️⃣ Acceptance: Understanding and accepting that discomfort is part of the journey can help you navigate this new path with intention. It's not about running from discomfort but learning to dance in the rain. However, if the storm gets too wild, don't hesitate to seek medical help.\n2️⃣ Self-Care: This isn't the time to run a marathon or plan a house move. Keep your first week gentle and stress-free. Give yourself the green light to dodge demanding tasks, especially if they trigger cravings.\n3️⃣ Exercise: Your new best friend to combat withdrawal symptoms like sleep issues and irritability. A good workout can reset your nervous system, trigger those happy endorphins, and help revitalize your endocannabinoid system.\n4️⃣ Hydrate: Think of water as your detox ally, helping to flush out THC and support your body's natural cleansing processes. Plus, staying hydrated can also ease stomach issues and brain fog. 💧🍵\n5️⃣ Distraction: When withdrawal takes center stage, divert your attention with fun activities. The more engaged you are, the less time you'll have to dwell on your symptoms. 🎨🚴‍♂️\n6️⃣ Mindfulness: It's like a compass guiding you towards intention and away from your symptoms. Consider trying a few of our recommended meditations. 🧭🧘‍♀️\n7️⃣ Supplements: Some, like NAC, magnesium, CBD, and B-complex, have shown promise in easing cravings and withdrawal symptoms. Always consult with a healthcare provider before starting any supplement regimen. 💊👩‍⚕️ \n🌿 Taper: If you didn't choose doing a taper during your assessment but think you may need it, check out our taper guide for some support https://clear30.io/45P8EGu 🌿 \n8️⃣ Support: Lean on friends, join online support groups, or seek professional help. Social support can actually dial down the intensity of withdrawal. 👥💬"",""title"":""Making Withdrawal a Smoother Ride: Your Go-to Guide 🎢💡""},{""body"":""Actively do things to reduce withdrawal symptoms, ideally before they start."",""title"":""🔑 Key Takeaway Action""}]",withdrawal,
6,1,Day 1 ⚠️,Withdrawal Is Real,"The first 7-10 days after you stop smoking may not be easy. 

Your 🧠 receptors are used to the THC 4-5 days a week and when it doesn't get it you may have problems with your mood, sleep, or well-being.",clear30,Days-Using,4-5 days a week,"{""Manage Withdrawal"":""https://www.youtube.com/watch?v=J-1neoDfLzo"",""Quitting Weed Made Me Rich"":""https://www.youtube.com/watch?v=VBtfB9DhFFo"",""Managing Cannabis Withdrawals"":""https://www.reddit.com/r/AskReddit/comments/ovrqxx/how_long_do_cannabis_withdrawals_last_anxiety/"",""Weedless: Withdrawal Timeline"":""https://www.weedless.org/withdrawal/timeline/"",""Managing Cannabis Withdrawals 2"":""https://www.reddit.com/r/leaves/comments/1hmj0u/my_personal_guide_for_withdrawal_symptoms/"",""Healthline: What to expect from withdrawal"":""https://www.healthline.com/health-news/marijuana-withdrawal-symptoms-are-real-for-regular-users#What-the-study-revealed"",""Harvard Medical School: Managing withdrawal"":""https://www.health.harvard.edu/blog/if-cannabis-becomes-a-problem-how-to-manage-withdrawal-2020052619922""}",,"[""What are you going to do to make it through the first few days without weed?""]","{""Withdrawal Meditation"":""https://m.clear30.org/withdrawal.mp3""}","[{""body"":""Withdrawal may be worse if you use weed regularly with minimal time between breaks use higher potency weed.\n✏️ But remember, it's okay to feel these things. Accept that they will happen but make sure to seek professional help if they are bad. There is help out there."",""title"":""Dealing With Withdrawal""},{""body"":""⏸️ When you decide to hit pause on cannabis, your body's first reaction might be, \""Hey, where's the THC?\"" It's like going to your favorite coffee shop only to find they're out of coffee! Your endocannabinoid system, which controls memory, mood, movement, appetite, and sleep, is left wondering where its familiar ingredient has gone. This sudden change can throw your system off.\n💭 Everyone's withdrawals are unique. You might notice changes that mirror the effects of your high. Loved those munchies? You might now experience decreased appetite. Did cannabis make you feel chill? Irritability could sneak in. Plus, there might be new experiences, like vivid dreams that can feel like you've jumped into a sci-fi movie - that's because cannabis suppresses REM sleep, and when you stop, the dreams come back in HD."",""title"":""🌿What Happens When You Break?""},{""body"":""Stomach pain 🤢\nIrritability and anxiety 😡\nDecreased appetite or nausea 🍽️\nFevers, sweating, or chills 😰\nHeadaches 🤯\nRestlessness 😣\nSleep problems, including those sci-fi dreams 🛌\nCravings 🍃\nA sense of melancholy 😔\nIf this feels like too much to handle, consider a gradual farewell to THC, a sort of \""see you later\"" approach. Check out our brief taper page.\n✏️ Withdrawal might have a psychological side too. If cannabis was your sleep companion, you might worry about restless nights. If it was your shield from boredom or anxiety, you might feel exposed. But remember, it's okay to feel these things. Accept they will happen. They are temporary.\nAnd hey, it's not all bad! Many people begin to experience benefits like improved motivation, increased energy, and sharper focus within a week of breaking. 🌞💪🧠"",""title"":""Without cannabis, you may come face to face with:""},{""body"":""🎢 The first week is like the steep climb on a rollercoaster, especially starting at day 2. Some symptoms, like brain fog, ultra vivid dreams, and stomach issues, might stick around for your whole Clear30. Remember, THC likes to hide in your fat cells and can take 3-4 weeks to leave the building.\nWe're here with tips and tricks to make this break a little less bumpy."",""title"":""How long will this last?""},{""body"":""Here are some handy tips to turn those choppy waves into a more manageable tide during Clear30. BIG NOTE: Keep it simple. This is an overview for you to pick and choose a couple. We will go over each of these in detail during your Clear30.\n1️⃣ Acceptance: Understanding and accepting that discomfort is part of the journey can help you navigate this new path with intention. It's not about running from discomfort but learning to dance in the rain. However, if the storm gets too wild, don't hesitate to seek medical help.\n2️⃣ Self-Care: This isn't the time to run a marathon or plan a house move. Keep your first week gentle and stress-free. Give yourself the green light to dodge demanding tasks, especially if they trigger cravings.\n3️⃣ Exercise: Your new best friend to combat withdrawal symptoms like sleep issues and irritability. A good workout can reset your nervous system, trigger those happy endorphins, and help revitalize your endocannabinoid system.\n4️⃣ Hydrate: Think of water as your detox ally, helping to flush out THC and support your body's natural cleansing processes. Plus, staying hydrated can also ease stomach issues and brain fog. 💧🍵\n5️⃣ Distraction: When withdrawal takes center stage, divert your attention with fun activities. The more engaged you are, the less time you'll have to dwell on your symptoms. 🎨🚴‍♂️\n6️⃣ Mindfulness: It's like a compass guiding you towards intention and away from your symptoms. Consider trying a few of our recommended meditations. 🧭🧘‍♀️\n7️⃣ Supplements: Some, like NAC, magnesium, CBD, and B-complex, have shown promise in easing cravings and withdrawal symptoms. Always consult with a healthcare provider before starting any supplement regimen. 💊👩‍⚕️ \n🌿 Taper: If you didn't choose doing a taper during your assessment but think you may need it, check out our taper guide for some support https://clear30.io/45P8EGu 🌿 \n8️⃣ Support: Lean on friends, join online support groups, or seek professional help. Social support can actually dial down the intensity of withdrawal. 👥💬"",""title"":""Making Withdrawal a Smoother Ride: Your Go-to Guide 🎢💡""},{""body"":""Actively do things to reduce withdrawal symptoms, ideally before they start."",""title"":""🔑 Key Takeaway Action""}]",withdrawal,
7,2,Day 2 🌍,Engineer Your Environment,"Did you ever need to throw out something because it reminded you of your ex? 💔❤️‍🩹

If you have not done so already, during your break, you might have to do the same thing. 😤

👷‍♂️🌎🌍🌏
You can engineer your environment to help you avoid triggers before they start🍃

1️⃣Think about your triggers and do what you can to prevent them.
2️⃣Remove any weed from your environment.
3️⃣Create new habits and start with new activities that don’t involve weed. Bless your future self by making it easier to reach your goals. You deserve it.",clear30,,,"{""How to stop smoking weed everyday"":""https://www.reddit.com/r/IWantToLearn/comments/7lh5ib/iwtl_how_to_stop_smoking_weed_everyday/"",""DrugRehab: Relapse Trigger Sources"":""https://www.drugrehab.com/recovery/triggers/"",""Anecdote, resisting the reward of weed"":""https://www.reddit.com/r/trees/comments/83o5qw/i_havent_smoked_in_5_months_but_i_am_really/"",""Experience Recovery: Identifying addiction triggers"":""https://www.experiencerecovery.com/blog/identifying-addiction-triggers/"",""Kingsway: Coping Skills to Deal With Addiction Triggers"":""https://kingswayrecovery.com/dealing-with-addiction-triggers/"",""Gateway Foundation: Common Relapse Triggers and How to Avoid Them"":""https://www.gatewayfoundation.org/addiction-blog/triggers-in-addiction-recovery/""}","{""🌟 Trigger preparation"":""ClaireBot, based on my triggers, what can I do to avoid or manage them""}","[""What are your triggers and how do you respond to them?""]","{""Triggers Meditation"":""https://m.clear30.org/triggers.mp3""}","[{""body"":""Triggers are thoughts, behaviors, places, or even people that can cause you to experience cravings, even outside of our awareness! Our brains seek consistency. So when we walk by a dispensary or hangout with a weed friend, your brain automatically says, “okay, time to get high.”\nWhile triggers may feel hard to manage, know that there are ways to shape your world so you are faced with fewer triggers - which results in less use."",""title"":""Managing Triggers""},{""body"":""Triggers can come in various forms. It could be a group of friends who enjoy lighting up, a stressful situation, a regular haunt, or even strong emotions like stress and anxiety if cannabis was your go-to coping mechanism. During the assessment, we asked you about a few. Now we are diving a little deeper. What are some other triggers you may not have thought about?\nEnvironmental: Like specific locations or items associated with cannabis or cannabis-related media.\nBehavioral: Like unhealthy sleeping or eating habits.\nSocial: Like being around friends who use or conflict with others.\nEmotional: Like anger or boredom.\nCognitive: Like negative beliefs about yourself."",""title"":""💭 Personal Triggers: Recognize""},{""body"":""Overcoming triggers is about the interaction between time from last use, avoiding triggers, and creating new worlds. Now that you have been doing Clear30 for a couple of days, you may have identified others. Here are some tips:\n🔎 Monitor Triggers: Use each encounter with a trigger as a learning moment rather than a setback. Reflect on the situations that spark cravings and name your triggers, taking away their power to push you off course. Take note of them.\n🎭 Plan Your Strategy: Once you know all your triggers, devise a plan to avoid or cope with them. Change your routines, avoid cannabis-prone settings, and let your cannabis-using friends know about your goals to help you.\n📝🗒️ Avoid - Prepare - Avoid: Pretty much the easiest way to avoid triggers is to plan ahead. Anything you can do over your Clear30 to create your environment for health will make it way easier.\n🌳🚀 New Activities and Connections: Invest time in exploring new activities that interest you. 🎯 Both new routines and new or different people. 🚀 This not only helps you avoid triggers but also provides fresh experiences and habits not linked with using."",""title"":""Personal Triggers: Overcome""},{""body"":""Create a world where you can live free of triggers whenever possible, and when you can't avoid them. prepare through meditation, craving reduction, and supportive friends"",""title"":""🔑 Key Takeaway Action""}]",withdrawal,
8,2,"Cravings and Choices 😅
","Cravings don’t mean action
","Has this ever happened to you? 🙅‍♀️
“I’m gonna stop!”
⬇️
🙎‍♀️
“I’m doing so well…”
⬇️
🙍‍♀️
“Some weed would be really nice right now”
⬇️
🍃💨💆‍♀️💨🍃
*smokes*
⬇️
🤦‍♀️
“This is impossible” 
🚨🚨🚨


You don't have to act on your cravings. Prepare for the days you usually use by stopping before they start, and be prepared when they happen. Check out the Clear30 guide and craving meditations: Cravings can feel overwhelming, but they don’t have to lead to action. Sound familiar? 🙅‍♀️ “I’m gonna stop!”
⬇️
🙍‍♀️ “Some weed would be really nice right now.”
⬇️
🍃💨💆‍♀️💨🍃 smokes
⬇️
🤦‍♀️ “Why is this so hard?” 🚨

The cycle is tough, but it’s not impossible to break. Cravings are just feelings—they come and go. Take a moment to pause. You’re stronger than the pull.",clear30,Days-Using,About once a week or less,"{""Weed cravings timeline"":""https://www.reddit.com/r/recovery/comments/z4arvf/when_do_weed_cravings_stop_or_at_least_let_up/"",""Fighting the urge to smoke"":""https://www.reddit.com/r/eldertrees/comments/i6jfqp/a_potpositive_guide_on_how_to_fight_the_urge_to"",""Guided meditation to curb cravings"":""https://www.youtube.com/watch?v=1B5YeONdRTk&t=151s"",""A Pot-Positive Guide on How to Fight the Urge to Get High All the Time"":""https://www.reddit.com/r/eldertrees/comments/i6jfqp/a_potpositive_guide_on_how_to_fight_the_urge_to/""}","{""🔍 Understand Triggers 🔑"":""ClaireBot, let's dive into my cravings based on my profile. Help me uncover and understand them a bit, including why they arise"",""🌀 Beat Cravings: Quick Techniques 🛡️"":""ClaireBot, struggling with cravings. Based on my profile share techniques or activities to distract and resist the urge.""}","[""What's your strategy for getting through cravings?""]","{""Cravings Meditation"":""https://m.clear30.org/cravings.mp3""}","[{""body"":""Cravings are your brain's way of asking for the THC it's used to when you are triggered by certain things, from specific times of day, to people, to boredom, to needing to cope with something. The stronger the cravings when you don't want to use, the more important it is to fight them becaue it means they are beginning to steal your intention"",""title"":""Understanding Cravings""},{""body"":""Effectively managing cravings often involves a variety of strategies. Here are some proven methods:\n✅ Acceptance: Simply accepting you will have cravings and allowing them to happen gives you power over them. They will happen. Over and over again. They will lessen over time. Most importantly, a craving does not mean you have to use.\n🌊 Urge Surfing / Meditations: A great way to accept a craving and let it pass is by 'urge surfing.' Close your eyes and watch the urge float down a river or get carried on a wave and disappear. Check out today's meditation!\n🏋🏿 Exercise: Good for your physical health and also serves as a mental distraction.\n🔄 Altering Your Environment: Changing your surroundings can help you avoid triggers.\n👀 Distractions: Engage in activities that shift your focus away from cravings.\n📚 Being Prepared: Knowing what triggers you and avoiding it if you can (like certain people) is probably the best way to reduce cravings over time."",""title"":""Strategies for Cravings""},{""body"":""Cravings do not equal action. Each time you let one pass, you get stronger and there are proven strategies to overcome them!"",""title"":""🔑 Key Takeaway Action""}]",withdrawal,
9,2,"Cravings and Choices 😅
","Cravings don’t mean action
","Cravings can feel overwhelming, but they don’t have to lead to action. Sound familiar? 🙅‍♀️ “I’m gonna stop!”
⬇️
🙍‍♀️ “Some weed would be really nice right now.”
⬇️
🍃💨💆‍♀️💨🍃 smokes
⬇️
🤦‍♀️ “Why is this so hard?” 🚨

The cycle is tough, but it’s not impossible to break. Cravings are just feelings—they come and go. Take a moment to pause. You’re stronger than the pull.",clear30,Days-Using,2-3 days a week,"{""Weed cravings timeline"":""https://www.reddit.com/r/recovery/comments/z4arvf/when_do_weed_cravings_stop_or_at_least_let_up/"",""Fighting the urge to smoke"":""https://www.reddit.com/r/eldertrees/comments/i6jfqp/a_potpositive_guide_on_how_to_fight_the_urge_to"",""Guided meditation to curb cravings"":""https://www.youtube.com/watch?v=1B5YeONdRTk&t=151s"",""A Pot-Positive Guide on How to Fight the Urge to Get High All the Time"":""https://www.reddit.com/r/eldertrees/comments/i6jfqp/a_potpositive_guide_on_how_to_fight_the_urge_to/""}","{""🔍 Understand Triggers 🔑"":""ClaireBot, let's dive into my cravings based on my profile. Help me uncover and understand them a bit, including why they arise"",""🌀 Beat Cravings: Quick Techniques 🛡️"":""ClaireBot, struggling with cravings. Based on my profile share techniques or activities to distract and resist the urge.""}","[""What's your strategy for getting through cravings?""]","{""Cravings Meditation"":""https://m.clear30.org/cravings.mp3""}","[{""body"":""Cravings are your brain's way of asking for the THC it's used to when you are triggered by certain things, from specific times of day, to people, to boredom, to needing to cope with something. The stronger the cravings when you don't want to use, the more important it is to fight them becaue it means they are beginning to steal your intention"",""title"":""Understanding Cravings""},{""body"":""Effectively managing cravings often involves a variety of strategies. Here are some proven methods:\n✅ Acceptance: Simply accepting you will have cravings and allowing them to happen gives you power over them. They will happen. Over and over again. They will lessen over time. Most importantly, a craving does not mean you have to use.\n🌊 Urge Surfing / Meditations: A great way to accept a craving and let it pass is by 'urge surfing.' Close your eyes and watch the urge float down a river or get carried on a wave and disappear. Check out today's meditation!\n🏋🏿 Exercise: Good for your physical health and also serves as a mental distraction.\n🔄 Altering Your Environment: Changing your surroundings can help you avoid triggers.\n👀 Distractions: Engage in activities that shift your focus away from cravings.\n📚 Being Prepared: Knowing what triggers you and avoiding it if you can (like certain people) is probably the best way to reduce cravings over time."",""title"":""Strategies for Cravings""},{""body"":""Cravings do not equal action. Each time you let one pass, you get stronger and there are proven strategies to overcome them!"",""title"":""🔑 Key Takeaway Action""}]",withdrawal,
10,2,"Cravings and Choices 😅
","Cravings don’t mean action
","Cravings can feel overwhelming, but they don’t have to lead to action. Sound familiar? 🙅‍♀️ “I’m gonna stop!”
⬇️
🙍‍♀️ “Some weed would be really nice right now.”
⬇️
🍃💨💆‍♀️💨🍃 smokes
⬇️
🤦‍♀️ “Why is this so hard?” 🚨

The cycle is tough, but it’s not impossible to break. Cravings are just feelings—they come and go. Take a moment to pause. You’re stronger than the pull.",clear30,Days-Using,4-5 days a week,"{""Weed cravings timeline"":""https://www.reddit.com/r/recovery/comments/z4arvf/when_do_weed_cravings_stop_or_at_least_let_up/"",""Fighting the urge to smoke"":""https://www.reddit.com/r/eldertrees/comments/i6jfqp/a_potpositive_guide_on_how_to_fight_the_urge_to"",""Guided meditation to curb cravings"":""https://www.youtube.com/watch?v=1B5YeONdRTk&t=151s"",""A Pot-Positive Guide on How to Fight the Urge to Get High All the Time"":""https://www.reddit.com/r/eldertrees/comments/i6jfqp/a_potpositive_guide_on_how_to_fight_the_urge_to/""}","{""🔍 Understand Triggers 🔑"":""ClaireBot, let's dive into my cravings based on my profile. Help me uncover and understand them a bit, including why they arise"",""🌀 Beat Cravings: Quick Techniques 🛡️"":""ClaireBot, struggling with cravings. Based on my profile share techniques or activities to distract and resist the urge.""}","[""What's your strategy for getting through cravings?""]","{""Cravings Meditation"":""https://m.clear30.org/cravings.mp3""}","[{""body"":""Cravings are your brain's way of asking for the THC it's used to when you are triggered by certain things, from specific times of day, to people, to boredom, to needing to cope with something. The stronger the cravings when you don't want to use, the more important it is to fight them becaue it means they are beginning to steal your intention"",""title"":""Understanding Cravings""},{""body"":""Effectively managing cravings often involves a variety of strategies. Here are some proven methods:\n✅ Acceptance: Simply accepting you will have cravings and allowing them to happen gives you power over them. They will happen. Over and over again. They will lessen over time. Most importantly, a craving does not mean you have to use.\n🌊 Urge Surfing / Meditations: A great way to accept a craving and let it pass is by 'urge surfing.' Close your eyes and watch the urge float down a river or get carried on a wave and disappear. Check out today's meditation!\n🏋🏿 Exercise: Good for your physical health and also serves as a mental distraction.\n🔄 Altering Your Environment: Changing your surroundings can help you avoid triggers.\n👀 Distractions: Engage in activities that shift your focus away from cravings.\n📚 Being Prepared: Knowing what triggers you and avoiding it if you can (like certain people) is probably the best way to reduce cravings over time."",""title"":""Strategies for Cravings""},{""body"":""Cravings do not equal action. Each time you let one pass, you get stronger and there are proven strategies to overcome them!"",""title"":""🔑 Key Takeaway Action""}]",withdrawal,
11,2,"Cravings and Choices 😅
","Cravings don’t mean action
","Cravings can feel overwhelming, but they don’t have to lead to action. Sound familiar? 🙅‍♀️ “I’m gonna stop!”
⬇️
🙍‍♀️ “Some weed would be really nice right now.”
⬇️
🍃💨💆‍♀️💨🍃 smokes
⬇️
🤦‍♀️ “Why is this so hard?” 🚨

The cycle is tough, but it’s not impossible to break. Cravings are just feelings—they come and go. Take a moment to pause. You’re stronger than the pull.",clear30,Days-Using,6-7 days a week,"{""Weed cravings timeline"":""https://www.reddit.com/r/recovery/comments/z4arvf/when_do_weed_cravings_stop_or_at_least_let_up/"",""Fighting the urge to smoke"":""https://www.reddit.com/r/eldertrees/comments/i6jfqp/a_potpositive_guide_on_how_to_fight_the_urge_to"",""Guided meditation to curb cravings"":""https://www.youtube.com/watch?v=1B5YeONdRTk&t=151s"",""A Pot-Positive Guide on How to Fight the Urge to Get High All the Time"":""https://www.reddit.com/r/eldertrees/comments/i6jfqp/a_potpositive_guide_on_how_to_fight_the_urge_to/""}","{""🔍 Understand Triggers 🔑"":""ClaireBot, let's dive into my cravings based on my profile. Help me uncover and understand them a bit, including why they arise"",""🌀 Beat Cravings: Quick Techniques 🛡️"":""ClaireBot, struggling with cravings. Based on my profile share techniques or activities to distract and resist the urge.""}","[""What's your strategy for getting through cravings?""]","{""Cravings Meditation"":""https://m.clear30.org/cravings.mp3""}","[{""body"":""Cravings are your brain's way of asking for the THC it's used to when you are triggered by certain things, from specific times of day, to people, to boredom, to needing to cope with something. The stronger the cravings when you don't want to use, the more important it is to fight them becaue it means they are beginning to steal your intention"",""title"":""Understanding Cravings""},{""body"":""Effectively managing cravings often involves a variety of strategies. Here are some proven methods:\n✅ Acceptance: Simply accepting you will have cravings and allowing them to happen gives you power over them. They will happen. Over and over again. They will lessen over time. Most importantly, a craving does not mean you have to use.\n🌊 Urge Surfing / Meditations: A great way to accept a craving and let it pass is by 'urge surfing.' Close your eyes and watch the urge float down a river or get carried on a wave and disappear. Check out today's meditation!\n🏋🏿 Exercise: Good for your physical health and also serves as a mental distraction.\n🔄 Altering Your Environment: Changing your surroundings can help you avoid triggers.\n👀 Distractions: Engage in activities that shift your focus away from cravings.\n📚 Being Prepared: Knowing what triggers you and avoiding it if you can (like certain people) is probably the best way to reduce cravings over time."",""title"":""Strategies for Cravings""},{""body"":""Cravings do not equal action. Each time you let one pass, you get stronger and there are proven strategies to overcome them!"",""title"":""🔑 Key Takeaway Action""}]",withdrawal,
12,3,Day 3 🌙,Sleep,"Cannabis & sleep are complexly linked. Weed can help with a quicker transition to deep sleep 😴 and prolonged deep sleep. But weed disrupts REM sleep 🌀, causing problems with memory consolidation and mood over time. During Clear30 you may have:
1. Trouble falling asleep 
2. Vivid dreams


But taking a break can restore your full sleep cycle and reveal 🌿's impact on your sleep more clearly.",clear30,,,"{""Insomnia hacks"":""https://www.youtube.com/watch?v=DXB9tqn4LAg"",""Sleeping on a T-break"":""https://www.reddit.com/r/trees/comments/r5jze3/how_do_people_sleep_on_a_tolerance_break/"",""T-Break Sleep Question"":""https://www.reddit.com/r/Petioles/comments/g5zo3a/tbreak_sleep_question/"",""How Cannabis Use Can Disrupt Your Sleep - Healthline"":""https://www.healthline.com/health-news/how-cannabis-use-can-disrupt-your-sleep"",""How Does Cannabis Affect Sleep And Dreaming? - Benzinga"":""https://www.benzinga.com/markets/cannabis/22/08/28296768/lfly-how-does-cannabis-affect-sleep-and-dreaming""}","{""🌙 Sleep Check: Analyze & Improve 🛌"":""Clairebot, I use it as a sleep aid. Ask about my sleep patterns and disruptions so we can figure out a plan"",""🔬 Sleep Science: Discover Break Benefits 💤"":""Clairebot, explain benefits of a cannabis break on sleep. I want science on how it improves sleep quality and cycles. Share studies and findings."",""💡 Sleep Strategy: Beat Insomnia with Routine 🌟"":""Clairebot, create a sleep strategy for Clear30. Guide me through a routine to combat insomnia, including meditation and exercise, for better sleep.""}","[""How does sleeping without weed feel? Any weird dreams?""]","{""Cannabis and Sleep Meditation"":""https://m.clear30.org/sleep.mp3""}","[{""body"":""🛌 Studies have shown that weed can reduce the time it takes to fall asleep and increase the length of deep sleep, especially in the short-term. Deep sleep is associated with physical rejuvination. Sounds great, right? But there's a catch.\nIt also disrupts your REM sleep both in the short and long-term. This is the stage of sleep where you dream and consolidate memory. Disrupting your REM sleep can make you have trouble making decisions during waking hours. 🌞\nLong-term or heavy cannabis use can lead to sleep disorders, such as sleep apnea and delayed sleep phase disorder. It can also mess with your body's natural circadian rhythms, leading to difficulty sleeping at normal times. 🕰️"",""title"":""Cannabis and Sleep 😴""},{""body"":""🌿 Studies show breaks from weed eventually led to faster sleep onset and better sleep quality, reduced depressive symptoms, and help restore the body's natural sleep cycle.\nSo, taking a break from cannabis may offer you greater advantages in the long-term. The best part is that unlike some of the longer-term negative effects on your brain from weed, you should reset your sleep cycle by the end of Clear30 if you use other techniques to help you instead of weed"",""title"":""The Benefits of a Cannabis Break on Sleep 🛌""},{""body"":""You will likely have insomnia when breaking if you use weed at night. Here are some ways you can help get better sleep when you are taking a break:\nDo a body scan meditation when you get in bed. Here is one of our favorites.\nSet alarms to get up and go to bed at the same time each day even if you can't. ⏰\nListen to something else calming. It can be a show you know backwards and forwards, ASMR videos, binural beats, or whatever works for you. 🏞️ \nExercise, exercise, exercise. Really, exercise. 🏋️‍♀️\nDo something involving hot water: a bath, shower, washing your face, or having a cup of herbal tea. 🛀🚿🍵\nUse a blue-light filter on your screen or invest in a pair of blue-light-blocking glasses. (Blue light is a stimulant that may make it harder to fall asleep.) 🖥️👓"",""title"":""Tips for Better Sleep During a Cannabis Break 📝""},{""body"":""Accept you will have trouble sleeping for the first week or two while shifting your routines to make it easier."",""title"":""🔑 Key Takeaway Action""}]",withdrawal,
13,3,Digestion & Weed 🥦,Your stomach on Clear30,"Weed gives you the ""munchies"" because it affects the part of your brain that gives you food cues and your digestion adapts when you put THC into your body regularly. 
This can lead to eating more, constipation, and other digestive issues. 🛑 

When you break, your body needs to adjust to functioning without THC. This might cause your digestion to speed up, leading to symptoms like diarrhea, cramping, and nausea. You may also not be as hungry. This is your body recalibrating! 

It might be a bit uncomfortable, but it's a sign of progress. Hang in there, eat regular meals, and get help if you need it!",clear30,Days-Using,2-3 days a week,,,,,,withdrawal,
14,3,Digestion & Weed 🥦,Your stomach on Clear30,"Weed gives you the ""munchies"" because it affects the part of your brain that gives you food cues and your digestion adapts when you put THC into your body regularly. This can lead to eating more, constipation, and other digestive issues. 🛑 

When you break, your body needs to adjust to functioning without THC. This might cause your digestion to speed up, leading to symptoms like diarrhea, cramping, and nausea. You may also not be as hungry. This is your body recalibrating! It might be a bit uncomfortable, but it's a sign of progress. 

Hang in there. One way to get through it is to eat three regular meals, even if they are smaller in the beginning as you may not be hungry. Most importantly, get professional help if you need it. For general information, ask questions to Claire. Stay strong. 💪🔄",clear30,Days-Using,6-7 days a week,,,,,,withdrawal,
15,3,"Reflecting as a Weekly Smoker ✨
","Tailored steps for success
","As you explore your relationship with cannabis, remember how far you've already come. Knowing your patterns, like using about once a week, and identifying your triggers puts you ahead. 

2️⃣ Plan a relaxing, joyful activity for several hours during your usual time of use 😊. 

As someone who uses less frequently, some topics—especially early on—may not resonate, but many will. Take what helps and leave the rest. Onward!",clear30,Days-Using,About once a week or less,"{""Insight Meditation"":""https://insighttimer.com/"",""Mindfulness and Weed"":""https://www.reddit.com/r/Mindfulness/comments/azit4w/mindfulness_and_weed/"",""UCLA Mindfulness App"":""https://www.uclahealth.org/programs/marc/free-guided-meditations/guided-meditations"",""Marijuana and Meditation"":""https://www.youtube.com/watch?v=MtZmR6oK9tg&feature=youtu.be"",""Experiences on using meditation to stop smoking"":""https://www.reddit.com/r/Meditation/comments/rplucw/have_you_experience_with_using_meditation_to_stop/"",""Dr. Alok Kanojia Speaks About Marijuana and Meditation"":""https://www.youtube.com/watch?v=MtZmR6oK9tg""}","{""🧘‍♂️ Riding the Crave"":""Explain 'riding the crave' with mindfulness to manage cravings. How can I practice it?"",""📅 Daily Mindfulness: Integrating Techniques"":""How can I integrate mindfulness into daily life to manage cravings and temptations? Suggest brief daily practices.""}","[""Do you feel in control of your mind? Or do you feel like sometimes you act against your own self interest?""]","{""Mindfulness & Savoring Meditation"":""https://m.clear30.org/mindfulness.mp3""}","[{""body"":""Take a moment to breathe and imagine enhancing your joyful life experiences while embracing the present moment fully. This is where savoring and mindfulness come into play. Practicing mindfulness for even 10 minutes a day can change your outlook on life after just two weeks."",""title"":""Savoring & Mindfulness""},{""body"":""🙂 Focusing on positive experiences and embracing the moment are two skills that can reduce cannabis craving, but also make you more engaged in life.\n👉 Savoring is attending, appreciating, and enhancing the joyful experiences intentionally. It is life when we savor something like a good meal. We enjoy it in the moment. You can savor anything.\n🧘‍♂️ Mindfulness is about being fully present in the moment, acknowledging your thoughts, emotions, and sensations without judgment."",""title"":""Unveiling Savoring & Mindfulness 🎭""},{""body"":""👨‍💼👩‍💼 Mindfulness makes you more intentional. That's why elite athletes and leaders do it consistently. For Clear30, it also creates distance between you and your cravings as we discussed earlier.\n🚶‍♂️ Mindfulness also makes you more connected to your body. It is called introspection. Being aware of your body can significantly reduce cravings. One of the most powerful ways is to learn to recognize early signs of hunger, thirst, or fatigue. It is often called HALT. Hungry, Angry, Lonely, Tired. If you are having cravings or feeling down in any way, check to see if any of these ring true."",""title"":""Mindfulness Makes you More Intentional""},{""body"":""100s of studies provide evidence for the effectiveness of mindfulness and savoring in improving your wellbeing.\nA review of 30 studies showed that mindfulness meditation could reduce the intensity and frequency of cravings.\nExtensive mindfulness meditation experience is linked with increased thickness in brain regions involved in reducing craving and addiction."",""title"":""The Science behind Mindfulness & Cravings 🧪""},{""body"":""✨ Adopting mindfulness and savoring life is a journey, not a destination. Give yourself 10 minutes a day. It can be on the toilet! It can be lying in bed! For assistance aside from our meditations, we highly recommend apps like Insight Meditation Timer or the UCLA Mindfulness Center (links below). Both have lots of free mindfulness meditations. Meditation makes you a more interesting person. Try it out."",""title"":""🔑 Key Takeaway Action""}]",withdrawal,
16,3,Digestion & Weed 🥦,Your stomach on Clear30,"Weed gives you the ""munchies"" because it affects the part of your brain that gives you food cues and your digestion adapts when you put THC into your body regularly. 
This can lead to eating more, constipation, and other digestive issues. 🛑 

When you break, your body needs to adjust to functioning without THC. This might cause your digestion to speed up, leading to symptoms like diarrhea, cramping, and nausea. You may also not be as hungry. This is your body recalibrating! 

It might be a bit uncomfortable, but it's a sign of progress. Hang in there. One way to get through it is to eat three regular meals, even if they are smaller in the beginning as you may not be hungry.

Most importantly, get professional help if you need it. For general information, ask questions to Claire. Stay strong. 💪🔄",clear30,Days-Using,4-5 days a week,,,,,,withdrawal,
17,4,Day 4 💪,Exercise is key,"_CLIENTNAME_, we don't want to be texting you every day with difficult suggestions, but throughout our research, we kept coming across the same thing to support change, especially during this period. 

The best way to curb withdrawal symptoms, speed up the THC detox from fat cells, improve sleep, and elevate mood is.... Exercise 🏃‍♀️🏃🏃‍♂️

Exercising can give you a sense of control over your destiny. You are actively doing something to better yourself, and it makes Clear30 that much easier.",clear30,,,"{""Go work out"":""https://www.reddit.com/r/leaves/comments/pvhdm6/go_work_out/"",""Exercise and cravings"":""https://www.youtube.com/watch?v=StM10jzbt1k&t=217s"",""Exercise for quitting"":""https://www.reddit.com/r/leaves/comments/4mc6m1/if_youre_trying_to_quit_exercise_really_helps/"",""Replacing weed with exercise"":""https://www.reddit.com/r/IWantToLearn/comments/hjukcj/iwtl_how_to_replace_smoking_weed_with_exercise/"",""The New York Times: Can Marijuana Make You a Better Athlete?"":""https://www.nytimes.com/2021/07/11/well/move/marijuana-olympics-ban.html"",""Vanderbilt University: Exercise can curb marijuana use and cravings"":""https://news.vanderbilt.edu/2011/03/04/exercise-can-curb-marijuana-use-and-cravings/""}","{""👥 Social Workouts: Find Your Fit"":""Seeking group motivation. ClaireBot, based on what you know about me, suggest fun group exercises for CLEAR30 like sports, classes, or outdoors for fitness and socializing."",""🚴‍♂️ Build Your Anti-Craving Fitness Plan"":""Guide me to craft an exercise routine to fight cravings during CLEAR30. Need activities for 30 min daily engagement.""}","[""How does working out change your mentality?""]","{""Exercise Motivation Meditation"":""https://m.clear30.org/exercise.mp3""}","[{""body"":""Ever wondered why exercise is known as a wonderdrug? 🤔 Part of it has to do with the endocannabinoid system and dopamine. Like weed, exercise activates these systems providing a natural release of neurotransmitters.\n✅ A study conducted at the University of Colorado Boulder found that exercise can reduce cravings, lessen anxiety, and improve concentration. Other studies highlight that it can significantly benefit sleep, including deep sleep like you get when you use cannabis. 🛌🌙"",""title"":""Exercise: The Wonderdrug""},{""body"":""So what's the catch? Exercise takes work. It takes effort. There is no magic pill that makes you want to exercise. Some people have used weed to reduce the boredom of exercise. If this is you, you already have a routine! You just need to push through some of the psychological barriers from not having weed as your companion. For those without a routine, we have a couple of suggestions for your Clear30. 💡😊"",""title"":""Work it""},{""body"":""There are countless programs available to help you exercise 🏃‍♀️. The bottom line is, don't be a perfectionist! Make sure to move your body daily in a way that feels good and works up a sweat 💦."",""title"":""Your Plan""},{""body"":""Consider watching your favorite show while on a treadmill, enrolling in a local gym, taking a brisk run while listening to your preferred podcast, becoming a gym rat, or dancing along with a YouTube tutorial. It doesn't matter. JUST MOVE to something you like."",""title"":""🏋️‍♂️Discover an exercise you won't resist""},{""body"":""The only other thing that we recommend, if possible, is to try to move with a friend or a group of people. It keeps you accountable, and it keeps you motivated when you don't want to put in the effort."",""title"":""Other Humans""},{""body"":""Exercise for at least 30 minutes a day. It doesn't matter what you do as long as you move and sweat. It is the closest thing to a cure-all for withdrawal management and optimal physical and mental health."",""title"":""🔑 Key Takeaway Action""}]",withdrawal,
18,5,Day 5 😌,Asking For Help,"_CLIENTNAME_, asking for help or guidance from others is a sign of strength 💪. 

It is a sign that you want to grow.",clear30,,,"{""Quitting while all your friends smoke"":""https://www.reddit.com/r/leaves/comments/fg08fp/i_want_to_quit_weed_but_all_of_my_friends_smoke/"",""Don't throw away your “weed friends”!"":""https://www.reddit.com/r/leaves/comments/xbh3pw/dont_throw_your_weed_friends_away/"",""An online hub for members of Marijuana Anonymous."":""https://www.reddit.com/r/MarijuanaAnonymous/"",""Dealing with being the only one in a friend group who doesn't smoke"":""https://www.reddit.com/r/socialskills/comments/2r7p4l/how_do_you_guys_deal_with_being_the_only_one_in_a/"",""Discussions about reduction, moderation, and responsible consumption of cannabis - 1."":""https://www.reddit.com/r/Petioles/"",""Discussions about reduction, moderation, and responsible consumption of cannabis - 2."":""https://www.reddit.com/r/leaves/""}","{""🌉 The Art of Asking"":""Guide me, ClaireBot, in the art of seeking help. Help me reflect on my needs and practice asking for support to strengthen bonds during CLEAR30."",""🔄 Discover Support Groups"":""Can you guide me, ClaireBot, to online communities or local groups for cannabis breaks? Need insights on activities, engagement, and participation."",""📖 Storytime: The Power of Social Support "":""Share an analogy or story about social support, ClaireBot. Help me visualize the power of community and the strength of unity during CLEAR30."",""🌟 Find Your Tribe: Tailored Support Strategies"":""Help me find a support circle, ClaireBot. Suggest ways to cultivate supportive relationships during CLEAR30 based on my interests and routines.""}",,"{""Positive Social Support Meditation"":""https://m.clear30.org/social.mp3""}","[{""body"":""✨ There is no secret sauce. The bottom line is that connections with others who want you to suceed will help you achieve your goals. Get over the hump of asking, and you will be shocked at the outcome.\n👥 Identify at least one person you can lean on. Share your Clear30 plan with them and let them know how they can help you. There are always people available who do not use - more than you think, too.\n🤝🧑‍🤝‍🧑 Join a group with people who share similar goals - whether what we have suggested in your feedback (and below) or one you find yourself. Engaging with people who understand your journey can make a big difference.\nNote: we are working on having peer support during Clear30. If you are interested in volunteering, please email us at support@clear30.org"",""title"":""Finding Positive Social Support""},{""body"":""Find someone, anyone, ideally multiple people, that you can connect with when you need support."",""title"":""🔑 Key Takeaway Action""}]",mental_withdrawal,
19,5,Winning with Friends 🤝,How to do it!,"Sharing your goals with friends is one of the best ways to meet your Clear30 goals, including when you are tapering? 🔊👨🏼‍🤝‍👨🏽
Here's how to do it...

1️⃣Pick a close friend or a person that you respect and admire. 👩🏼‍🔧💬🧑🏽‍💼
2️⃣Don't just tell them what you're doing, tell them HOW with specific examples. 📝
3️⃣Consider allowing them to be a part of your plan, keeping you accountable. 👩🏼‍🔧⭐️🧑🏽‍💼


Sharing plans about your goals creates new bonds that can last long beyond C30. If you don't have someone you feel comfortable sharing your C30 plans with at this time, use an external support group or Reddit group we recommended in the feedback. Onward!",clear30,Goal30,"I want to taper for a few days, then stop",,,,,,mental_withdrawal,
20,5,Winning with Friends 🤝,How to do it!,"Sharing your goals with friends is one of the best ways to meet your Clear30 goals for a full break? 🔊👨🏼‍🤝‍👨🏽
Here's how to do it...
1️⃣Pick a close friend or a person that you respect and admire. 👩🏼‍🔧💬🧑🏽‍💼
2️⃣Don't just tell them what you're doing, tell them HOW with specific examples. 📝
3️⃣Consider allowing them to be a part of your plan, keeping you accountable. 👩🏼‍🔧⭐️🧑🏽‍💼


Sharing plans about your goals creates new bonds that can last long beyond C30. If you don't have someone you feel comfortable sharing your C30 plans with at this time, use an external support group or Reddit group we recommended in the feedback. Onward!",clear30,Goal30,I want to completely stop,,,,,,mental_withdrawal,
21,6,"Clear30 Choices 🔍
","Your break, your decision","During your Clear30 journey, you need to decide—are you taking a break from all substances or just weed? 

While we recommend a complete break from all substances—if medically safe—as the most beneficial for growth, 🌳 the focus of Clear30 is your relationship with weed. 

Do what works best for you. For some, this means exploring their relationship with all substances. For others, it’s just weed. The bottom line? Clear30 is about YOUR growth, so you do you.",clear30,Goal30,I want to completely stop,,,,,,mental_withdrawal,
22,6,"Clear30 Choices 🔍
","Your journey, your way
","During your Clear30 journey, you need to decide—are you taking a break from all substances or just weed? 

This choice applies even if you’re tapering. While a complete break from all substances—if medically safe—is often most beneficial for growth, 🌳 the goal of Clear30 is to focus on your relationship with weed. 

Do what works best for you. For some, this means exploring their relationship with all substances. For others, it’s just weed. The bottom line? Clear30 is about your personal growth. You do you.",clear30,Goal30,"I want to taper for a few days, then stop",,,,,,mental_withdrawal,
23,6,Day 6 👀,Distraction,"Look over there! After craving urge surfing meditations, one of the most effective ways to fight cravings is…

✨Distraction✨

We suggest when you are feeling overwhelmed and don't feel like diving inward with meditation, dive outward with distractions like:  

🎧Music
📺TV
🎮Video Games 
🏃‍♀️Acitivities 

The key is to give it a chance. Don't let cravings steal your intention. Your right to live free from temptation. Thanks!",clear30,,,"{""🧩 Puzzle Practice"":""https://www.jigsawplanet.com/?rc=play&pid=01fa0dabb06a"",""🧩 Mind - Games and Puzzles"":""https://www.mind.org.uk/need-urgent-help/how-can-i-distract-myself/games-and-puzzles/"",""🛠️ Coping tools and exercises"":""https://safespace.vibrant.org/en/seeking-help/"",""The trick to a T-break is just distractions"":""https://www.reddit.com/r/trees/comments/yh9g70/the_trick_to_a_tbreak_is_just_distraction/"",""Advice for distractions while taking a break from weed"":""https://www.reddit.com/r/trees/comments/6xufrb/any_advice_how_to_distract_yourself_when_making_a/""}","{""🧠 Mental Experiment: Feel Distraction's Power"":""Guide me through a mental experiment to feel how distraction beats cravings. I want to experience this science in action!"",""🗺️ Craft Your Distraction Map: Choose Your Adventure"":""Help me create a distraction roadmap. I'll input craving scenarios and pair them with strategies, like a 'Choose Your Adventure' to dodge cravings.""}","[""What is your favorite distraction in place of smoking weed?""]","{""Distraction Meditation"":""https://m.clear30.org/distractions.mp3""}","[{""body"":""Ever wondered why distraction helps with cravings? Let's break it down:\n1️⃣ Limited Cognitive Resources: Our brain, despite its might, has its limits. When you're distracted, it helps your brain stay areas– like attention and working memory - leave less room for craving-centric thoughts. This makes cravings less intense, more manageable. 🧠💡\n2️⃣ Habituation: This is the fancy term for 'familiarity breeds contempt'. When we repeatedly expose ourselves to a craving, our response can dull over time. Distractions help us engage in this exposure without giving in, reducing the craving's intensity. So, we are learning that a craving does not equal using. That we have power! 🔄⏳\n3️⃣ Slowing down your thoughts: Brain-imaging studies suggest that distractions can dial down the activity in brain regions associated with cravings, such as the ventral striatum and the orbitofrontal cortex. This means distractions can help control our brain's response to craving triggers by lessening their power. 🧠🔬"",""title"":""💭 Distraction: A Powerful Tool for Cravings""},{""body"":""We previously talked about 🏄‍♂️ urge surfing which is a very powerful tool. However, the only goal is to not use during Clear30, so do anything you like or can that will distract you when you have a craving.\n🌟 Whether Wordle or your favorite Youtube channel, doing something else when you have a craving is powerful. Below are some fun sites that can help you find a quick distraction to get your mind off a negative thought!"",""title"":""🧠 Activities that can get you distracted""},{""body"":""Have a distraction readily available (eg bookmark, homescreen, contact)."",""title"":""🔑 Key Takeaway Action""}]",mental_withdrawal,
24,7,Day 7 🍽️,Boredom," “Doing drugs is just a war with boredom but they sure to get me” -Mac Miller 💬

We are not going to sit here and lie to you that smoking doesn’t make something mundane like doing the dishes less boring. 🎢🎡

It does. Weed can make boring stuff okay, but that can be a problem. If doing absolutely nothing is fun, then why do anything else? Instead of relying on weed to make boredom tolerable, we suggest fighting that boredom head-on by reframing what you think is boring and creating new experiences to increase excitement in your life 🥱🥊😤.",clear30,,,"{""Bored without weed"":""https://www.reddit.com/r/Petioles/comments/v7k1ae/bored_without_weed/"",""Extremely bored in the evening without weed"":""https://www.reddit.com/r/leaves/comments/ygi3nz/extremely_bored_in_the_evening_without_weed/"",""Biggest trigger. What is boredom and why is it turned off with marijuana?"":""https://www.reddit.com/r/leaves/comments/tdkwie/biggest_trigger_what_is_boredom_and_why_is_it/""}","{""🧬 Dopamine & Boredom:"":""Explain the science of boredom after quitting cannabis. How does it relate to dopamine? Help me manage these feelings."",""🚀 Explore New Horizons"":""Help brainstorm activities and hobbies to explore beyond boredom. Create a go-to list for when I need inspiration."",""🌈 Joy in Everyday Moments"":""Guide me through strategies to combat boredom. How to find joy in everyday moments and connect meaningfully with others?""}","[""How do you deal with boredom without weed?""]","{""Dealing with Boredom Meditation"":""https://m.clear30.org/boredom.mp3""}","[{""body"":""The Dopamine Dip\nAs you now know, when you stop using, your brain produces less dopamine and other neurotransmitters (which may be a result of lower anandamide but that's for a later time!). Dopamine is behind feelings of motivation, along with others. A break results in a dopamine dip that could leave you feeling bored, indifferent, and unmotivated because your brain has gotten used to an outside source of it 📉.\nAssociated Activities & Hobbies\n🚬 You might associate certain activities or hobbies with being high or you get high to feel less bored doing certain activities. During Clear30, these activities might temporarily lose their charm, adding to feelings of boredom. The other thing is that you may not know what to do without weed. It was your activity, now you have to fill that void.\n🌟 Situational vs Existential Boredom\nIt's one thing to be bored washing dishes or using weed to make an activity more interesting, but you may also use weed because you don't know what you want to do with your life or don't know how to get started. These are different. Existential boredom requires us to think about how cannabis is helping us avoid our larger goals in life. While it may be okay in the short-term, this can be a dangerous path over time."",""title"":""💡 Understanding Boredom Post-Cannabis""},{""body"":""Cannabis is clingy, making boredom and cravings tough to deal with when you break.\n1️⃣ Discover new activities\nWe are not going to recommend anything new. We have already talked about exercise, activities, and hobbies. The key here is NEW activities. The nice thing about new activities is they can be taking a new route while walking somewhere or asking someone you see everyday more about themselves. Newness relieves boredom and increases dopamine.\n2️⃣ Embrace the Everyday with Awe\nSometimes discovering new activities means you have to embrace the boring as interesting. Our meditation focuses on the sensation of washing the dishes. Embrace the everyday with some awe. Life is weird - in a good way.\n3️⃣ Connect with Others\nNo more to be said about connection, although we definitely will. Hanging with new people, even if it makes you anxious, relieves boredom.\nKeep going! Keep exploring! Keep learning!"",""title"":""🎯 How to Navigate Boredom during Clear30?""},{""body"":""Plan to do at least one activity a day that expands your world to boost dopamine and increase your worldview."",""title"":""🔑 Key Takeaway Action""}]",mental_withdrawal,
25,8,Weed can numb us 😐,It can help us cope.,"Weed can help us numb our emotions. 

Don't be hard on yourself for using to cope with negative emotions. At the same time, build other coping tools so weed is not your go-to for everything because it will eventually have a boomerang effect.",clear30,Trigger,Escape from negative thoughts / emotions,,,,,,mental_withdrawal,
26,8,Navigating Weed Friendships 😶‍🌫️,Here's a resource,Navigating friendships that revolve around weed can be tricky.,clear30,Trigger,My friends,,,,,,mental_withdrawal,
27,8,"Breaking the Stress Cycle 🌪️
","Alternatives to instant relief
","There is no doubt that for many people cannabis relieves stress immediately after use, especially certain strains. 
It’s no different than substances like alcohol or opioids. 

You have to ask yourself if you’re ready to try alternatives that may not be as easy (or fun) but can help break the cycle: using weed to relax, experiencing withdrawal symptoms that increase anxiety, then using again. 

This is your time to break the cycle and discover whether you can cope without weed using other techniques.",clear30,Trigger,Stress relief / relax,,,,,,mental_withdrawal,
28,8,Day 8 🧠,Cannabis and the Brain,"Cannabis can relieve stress & enhance mood in the short-term but may have negative effects on mental health over time, especially with today's high-potency THC products. 

_CLIENTNAME_, we are not trying to scare anyone. Just presenting facts. Weed today is up to 4-20 times more potent and research 🔬 is showing that there are way more consequences to your mental health compared to the weed of 30 years ago, especially if you use regularly. 

This new weed is bringing greater chances of…
😵‍💫 psychosis & paranoia
😟 rumination & anxiety
😕 decision troubles
🤢 addiction 

We aren't saying that high THC weed will 100% cause you problems, but it is important to be aware, especially if you use regularly and use higher potency weed. Taking a break offers insight into its impact on your mental health.",clear30,,,"{""Graham Hancock Quits Marijuana"":""https://www.youtube.com/watch?v=8ZplWWVUyH8&"",""Disordered Thinking and Cannabis"":""https://pubmed.ncbi.nlm.nih.gov/30902669/"",""UNSW: Does cannabis cause mental illness?"":""https://ndarc.med.unsw.edu.au/blog/does-cannabis-cause-mental-illness"",""Weedless: Marijuana Use and Mental Health"":""https://www.weedless.org/dependence/mental-health/"",""Neuroscientist Explains how weed effects your brain"":""https://www.youtube.com/watch?v=bMvOqntD0Yg"",""Scientific American: Is Cannabis Good or Bad for Mental Health?"":""https://blogs.scientificamerican.com/observations/is-cannabis-good-or-bad-for-mental-health/"",""RC Psych: Cannabis and mental health for children and young people"":""https://www.rcpsych.ac.uk/mental-health/parents-and-young-people/young-people/cannabis-and-mental-health-information-for-young-people"",""Psychiatrists of Ireland - The Effects of Cannabis on Mental Health"":""https://www.irishpsychiatry.ie/external-affairs-policy/public-information/effects-of-cannabis-on-mental-health/the-effects-of-cannabis-on-mental-health/#1595948510871-626ab2a4-02a5""}","{""💡 Emotion Insight: Your Mental Health Check-in"":""ClaireBot, let's do a mental health check-in. Ask about my feelings and cannabis's impact on mood and mental health.""}","[""How did weed impact your mental health? How do you feel now?""]","{""Mental Health and Cannabis Meditation"":""https://m.clear30.org/mental.mp3""}","[{""body"":""Flower cannabis has been shown to help reduce stress right after you smoke primarily due to certain key compounds, including cannabinoids (THC and CBD), terpenes, and flavonoids that are found in naturally occurring cannabis flower (the latter often stripped out in edibles and vapes so know what is in your weed - it matters). 🌼\n🌿Studies have found that right after you use cannabis (with THC), people who enjoy it have reduced symptoms of stress, depression, pain, and anxiety and increased feelings of pleasure and creativity by stimulating the endocannabinoid system while also  providing a distracting and new psychological experience. These effects are one of the reasons people use, even when they don’t want to. It feels good in the moment, distracts you, can motivate you to do boring things, and releases feel good neurotransmitters. \nDon't forget that this has been studies with 2mg-10mg cannabis, not Dabs or other high potency products.\n😟There are also negative effects immediately after you use in some people such as anxiety, rumination, stagnation, and paranoia, especially the higher the potency. In some people it happens right away when they start using so they don't continue. In others, it was positive at first, then these negative feelings slowly started to creep in over time after using. If you are using regularly and beginning to have these immediate negative mental health symptoms after you use, we highly recommend stopping altogether because there seems to be little upside for you other than escape from emotions or boredom."",""title"":""Cannabis and Mental Health: Short-Term Effects""},{""body"":""We at Clear30 like to be neutral and make sure the decision is about you. 🤗 In this instance, the research is clear. The effects of regular cannabis use on mental health over the long-term are negative.\n📚 The risks to mental health over the long-term are really centered around two things. Regular use and high THC content (more than 10%). The most vulnerable group is people under 25 who use regularly and high concentration THC with serious effects if you are under 18 when your brain is developing. It actually makes your brain develop differently (in a bad way). One of the reasons we started Clear30 is to help people reset their brains, people can see how weed is affecting their mental health, especially young people.\n🚨 Regular use has been shown to increase the risk of developing anxiety, depression, psychosis, schizophrenia, or paranoia. This especially rings true for young people, biological males, or those using high-potency cannabis.\nThe craziest part is if you started to use regularly for several years while your brain is developing, you are more likely to experience depression later in life, even if you stop.\nInterestingly, the research on older people suggests that the negative effects of weed may be mostly while you are smoking and if you stop, they can be reversed. Bottom line is the negative long-term effects are mostly centered around how weed affects your brain.\nSo, what does all this mean? Hands down, three factors are contributing to the rise in mental health issues in cannabis use:\nThe potency of THC (which is often stripped of CBD and other things) is 4-20 times greater than 30 years ago. So if you smoked one joint today, it is like smoking 10-20 30 years ago. This is not even taking into account Dabs and products that are like 75% THC.\nIf you use regularly (+5x a week) you are more likely to have worse mental health outcomes than those who do not use regularly.\nIf you start regular use at a younger age when your brain is developing, it leads to both short and long-term issues with mental health, sometimes even after stopping if you used for long-periods."",""title"":""Cannabis and Mental Health: Long-term Effects""},{""body"":""Taking a break from cannabis allows your body's endocannabinoid system to reset, potentially leading to improved mental clarity.\n🤔 It may suck, too. You will likely have increased irritability and other issues - potentially for a while. Like we have mentioned, you may LIKELY experience an increase in depression for the first couple of weeks too. It is very common when your system is resetting.\nIt also may uncover things you have been self-medicating, which means getting mental health support will help a lot!\nDuring Clear30, accept that you may feel down or irritable. Don't wait for it to happen. Start doing things that can improve your mental health, like exercise, reaching out to your support system, and getting professional help. Shake things up. That is what this is all about."",""title"":""What to Expect During Clear30""},{""body"":""One of the problems with regular use is it begins to affect our emotional processing, social cognition, and convergent thinking. This may be perceived as positive in the short-term but over time, it has negative effects on our mental health.\nThe worst part is we don't realize it. We start to blame other things. How can it be weed if it makes me feel good in the moment? We start to become anxious and paranoid and don't trust others. This is the hardest part because it is exactly the time we have to get feedback from those around us, and trust it!\nIf weed is making you feel a little more disconnected from others and you are getting caught in your own thoughts, take it seriously. The newest research shows that regular use over 10mg weed causes psychosis, depression, and suidical ideation and attemtps. This shit is real. This is why a break is so important. Give yourself a pat on the back for taking a step back."",""title"":""The Worst Part""},{""body"":""Dive deep into how cannabis may be affecting your mental health over time. Ask yourself and those around you if it helps you be a content, trusting, purposeful, and connected person."",""title"":""🔑 Key Takeaway Action""}]",mental_withdrawal,
29,9,"Rediscover Creativity Without Cannabis 🎨
","Break the use-create cycle
","As noted in your feedback, Clear30 is a time to explore your creativity without cannabis. 

Many use cannabis as a creative trigger, but Clear30 invites you to break that cycle. Take a breath, do some jumping jacks, then create. You can produce results every day without cannabis. 

Remember, your brain is adjusting during the first two weeks, so don’t expect 100% right away. This is your chance to see if cannabis truly fuels your creativity—or if you’ve been giving it more credit than it deserves.",clear30,Trigger,"Wanting to enhance things chores, work, or movies or music",,,,,,your_mindset,
30,9,"Breaking Can Feel Lonely 💔
","Loneliness is a common phase
","Taking a break can be lonely. Research shows that feelings of loneliness may increase due to brain changes, shifts in cannabis-focused social networks, and the loss of distraction from being high, even when you’re alone. We love this insight from the UVM T-Break site (and the whole program is worth exploring). Check it out here: https://www.uvm.edu/health/day-12-loneliness-0",clear30,Trigger,My friends,,,,,,your_mindset,
31,9,Day 9 🌟,Positivity,Surround yourself with people that push you to do and be better. No drama or mess. Just higher goals and higher vibrations. Good times and positive energy. No jealousy or hate. Simply bringing out the absolute best in each other. - Warren Buffett.,clear30,,,"{""How to be a positive thinker"":""https://www.verywellmind.com/accentuate-the-positive-positive-thinking-and-happiness-2224115/"",""How to have a positive mindset"":""https://www.reddit.com/r/IWantToLearn/comments/o708e4/iwtl_how_to_have_a_more_positive_mindset/"",""Positive thinking for self improvement"":""https://www.reddit.com/r/selfimprovement/comments/bj2qo4/can_small_positive_habits_and_positive_thinking/"",""How To Start Thinking Only Positive Thoughts"":""https://www.reddit.com/r/selfhelp/comments/elya94/how_to_start_thinking_only_positive_thoughts/""}","{""🔍 Radical positivity"":""How do I practice radical positivity and why is it good for me?"",""🗣 Become a more positive person"":""How do I become a more positive person when lots of things are shitty?""}","[""Who in your life truly brings out your best self?""]","{""Positive Focus Meditation"":""https://m.clear30.org/positivity.mp3""}","[{""body"":""Positivity is contagious. When you are positive, life is better. You will be a better person all around if you surround yourself with positive and supportive people. Their energy can influence your mood, habits, and overall well-being, creating a conducive environment for change."",""title"":""Positive Focus: Your Tool in Difficult Times🌞""},{""body"":""🌟 Faking it until you make it: You very well may be the shining star of positivity in all you do. If not, pretend by making everything you experience today positive. Whether a lesson or savoring experience, nearly EVERYTHING has a silver lining. Shift and challenge your negative thoughts and turn them into a positive. It works.\n👍 Check Your Circle and Focus on Positivity: Take a moment to consider the five people you spend the most time with. Are they positive and supportive? Embrace the ones who are by spending more time with them or seek out some new people if needed."",""title"":""Becoming a Positive Person""},{""body"":""Studies have demonstrated the mental health benefits of engaging with positive individuals. Those with uplifting relationships tend to:\n✨ Boost Self-esteem: Interactions with positive people can reinforce one's self-worth and confidence.\n🙂 Break Isolation: Engaging with positive peers can combat feelings of loneliness, a common struggle during disruptive times like a Clear30 break.\n🚀 Advance Goals: A supportive network improves goal achievement - no matter what it is."",""title"":""The Power of Positivity and Its Scientific Backing 📚""},{""body"":""Pretend you are the most positive person in the world today and share part of your day with the most positive person you know."",""title"":""🔑 Key Takeaway Action""}]",your_mindset,
32,10,"Clear30: A New Universe 🌠
","Your journey, not punishment
","Embrace your break as an exciting journey, not a punishment. Just like smoking weed opened up a new world, so does taking a break. This isn’t about going backward to who you were before using—it’s about integrating all your experiences and evolving. 🐛🦋

Think of Clear30 as self-improvement, being badass, and exploring different realities. 🎭🔮 Viewing it this way lets you tackle it with more excitement. 🎉💪

Welcome to your alternate universe with Clear30! 🌌🚀",clear30,Help-Harm,Somewhat helping more than harming,,,,,,your_mindset,
33,10,"The Quest for Contentment 🌼
","It’s closer than you think
","What brings you joy? 

Contentment often feels elusive, but it’s closer than you imagine. Remember, contentment is a state, not a result of circumstances. 
Even in challenging times, meaning and satisfaction are within reach. 

For inspiration, check out Life is Beautiful 🎥 or The Art of Happiness 📖. 
Both highlight that contentment is a mindset requiring effort—but it’s entirely within your control. Embrace your Clear30 journey to discover your unique state of contentment. It may be challenging at first, but it’s worth the work. 💪🌅",clear30,Trigger,Escape from negative thoughts / emotions,,,,,,your_mindset,
34,10,"Balancing Weed’s Tradeoffs ⚖️
","Reflect on what matters most
","It is hard when we get some benefit from weed in one area, and begin to suffer greater harm in others. Is weed harming the things that matter to you? Is it harming certain relationships and helping others? Is it harming the version of the person you want to be but also helping you unwind? Clear30 is about exploring your values. It is about exploring how you spend your time and whether it aligns with who you want to be.",clear30,Help-Harm,Somewhat harming more than helping,,,,,,your_mindset,
35,10,"Aligning Weed with Your Values 🌟
","Does it support who you are?
","As you explore your relationship with weed, think about what truly matters in your life. Is it harming important relationships? 

Is it holding you back from becoming the person you want to be? Clear30 is your opportunity to explore your values, assess how you spend your time, and determine if it aligns with your goals. 

Embrace this time as the foundation for your growth in becoming the person you aspire to be.",clear30,Help-Harm,Mostly harming more than helping,,,,,,your_mindset,
36,10,"Weighing Weed's Tradeoffs ⚖️
","What matters most to you?
",It’s hard when weed offers benefits in one area but causes greater harm in others. Is it harming the things that matter to you? Does it harm certain relationships while helping others? Does it support you in unwinding but hold you back from becoming the person you want to be? Clear30 is about exploring your values—examining how you spend your time and whether it aligns with who you want to become. Use this time to reflect and find your balance.,clear30,Help-Harm,Equally Helping and Harming (but in different ways),,,,,,your_mindset,
37,10,"Coping with Boredom 💤
","Strategies for weed-free evenings
","Complete and utter boredom can be one of the toughest parts of taking a step back from weed. If you’re looking for ideas on how others navigate boredom and what they do to fill their time, check out this insightful thread: https://www.reddit.com/r/leaves/comments/ygi3nz/extremely_bored_in_the_evening_without_weed/

You’re not alone—see what works for others and find your own rhythm!",clear30,Trigger,Reduce boredom,,,,,,your_mindset,
38,10,"Clear30: A New Universe 🌠
","Your journey, not punishment
","Embrace your break as an exciting journey, not a punishment. Just like smoking weed opened up a new world, so does taking a break. This isn’t about going backward to who you were before using—it’s about integrating all your experiences and evolving. 🐛🦋

Think of Clear30 as self-improvement, being badass, and exploring different realities. 🎭🔮 When you see it this way, you can approach it with more excitement. 🎉💪

Welcome to your alternate universe with Clear30! 🌌🚀",clear30,Help-Harm,Mostly helping more than harming,,,,,,your_mindset,
39,10,"Supplements for Cravings 🧠
","Supporting your wellness journey
","Cravings occur partly because your brain is readjusting to a lack of THC. 

For example, N-Acetylcysteine (NAC) is a supplement known to lessen cannabis cravings by restoring serotonin and dopamine levels and reducing inflammation. 

B-Complex and Magnesium might also be helpful to curb cravings and improve sleep. Always consult your doctor before adding new supplements to your routine. 

They'll ensure these choices fit your health profile. Your wellness journey is unique!",clear30,Days-Using,6-7 days a week,"{""Supplement to wean self off of marijuana?"":""https://www.reddit.com/r/Biohackers/comments/y9ae6p/supplement_to_wean_self_off_of_marijuana/"",""Herbs & Supplements That Help Weed Withdrawals"":""https://medium.com/@steve_76718/8-herbs-supplements-that-help-weed-withdrawals-9a6fabeda865/"",""Supplement N-acetylcysteine May Help With Drug Craving"":""https://www.bu.edu/aodhealth/2018/02/21/supplement-n-acetylcysteine-may-help-with-drug-craving/"",""Supplements Proven to Help You Overcome Addiction and Withdrawal"":""https://www.reddit.com/r/selfimprovement/comments/rgztkm/why_is_it_that_since_ive_started_trying_to/"",""Supplements to help with reducing acute withdrawal syndrome (marijuana specifically)?"":""https://www.reddit.com/r/Supplements/comments/su8127/supplements_to_help_with_reducing_acute/""}",,,,"[{""body"":""Consult a medical professional before taking any supplements or medications. This information is compiled from the web and clinical studies. Clear30 is not a replacement for medical advice."",""title"":""IMPORTANT""},{""body"":""Coping with cravings can be easier with the right nutritional support. Certain supplements may help your body adjust to the absence of THC and reduce withdrawal symptoms like cravings and irritability."",""title"":""Supplements to Reduce Cravings""},{""body"":""This dietary supplement has shown promise in reducing cannabis cravings and usage. It works by restoring the body's level of neurotransmitters like serotonin and dopamine, which can help ease feelings of anxiety and stress. Some research supports that it can curb other types of cravings beyond weed too. 🧪"",""title"":""N-Acetylcysteine (NAC)""},{""body"":""Some people choose to use CBD to reduce withdrawal. There is literature suggesting this may be an effective strategy. If you choose to use CBD for your taper, we suggest ingesting differently than how you use THC (e.g. in tea)."",""title"":""Cannabidiol (CBD)""},{""body"":""This essential mineral plays a part in many biochemical reactions in your body. It can help boost serotonin levels in the brain, which might be useful in managing cravings and sleep. 💊"",""title"":""Magnesium""},{""body"":""These vitamins can help reduce anxiety and stress. The B-complex vitamins are especially good at helping your body use carbohydrates effectively, which can reduce cravings. Vitamin C, aside from its immune-supporting role, can also help curb your urges. 🍊🥦"",""title"":""Vitamin B-complex and Vitamin C""},{""body"":""These can aid healthy brain function, helping to reduce stress and anxiety, which in turn could help manage cravings. 🐟🥜"",""title"":""Omega-3 Fatty Acids""},{""body"":""Remember, your body's working hard to adjust to a new normal. While these supplements can provide support, always consult with a healthcare provider before starting any supplement, including anything on this page. 💡👩‍⚕️"",""title"":""💡 Conclusion""},{""body"":""Talk to your doctor to see if supplements are right for you. They can work well in reducing cravings."",""title"":""🔑 Key Takeaway Action""}]",your_mindset,
40,10,Day 10 🙋,Reinvent Yourself,"_CLIENTNAME_, what does it mean to reinvent yourself? 🤔💫

Disruption of a close relationship is weird, especially if you don't go back to it or have a different relationship after a break. Questions like, who am I without it? What do I become? This all takes work no matter what you do after Clear30. Take it slow. There is no rush. Two suggestions though:

1 - Don't let fear or others stop you from reinventing yourself. Reinvention is authentic and beautiful. People do it every day.
2 - Embrace the discomfort of reinvention. It is weird and that is amazing! 🧘‍♀️🌸 Here is an intention-setting meditation to think about what it means to explore your values and to reinvent yourself without fear.",clear30,,,,"{""🛡 Face Change with Courage: Overcoming Fear"":""Assist me in confronting fears of change. Need strategies to navigate uncertainties and embrace my journey with confidence."",""🌱 Uncover Your True Self: Identity Beyond Cannabis"":""Help me explore and redefine my identity without cannabis. How to uncover my true self in this new life chapter?"",""💪 Transform Discomfort into Growth: Embrace the Challenge"":""Let's discuss moments of discomfort and find strategies to transform it into growth. How to embrace and grow from discomfort?""}",,"{""Writing Meditation"":""https://m.clear30.org/day6exploringrelationshipaudioonly.mp3""}",,your_mindset,
41,10,"Supplements and Cravings 💊
","Support for your journey
","Cravings occur partly because your brain is readjusting to a lack of THC. Supplements like N-Acetylcysteine (NAC) may help lessen cravings by restoring serotonin and dopamine levels while reducing inflammation. B-Complex and Magnesium might also support you by curbing cravings and improving sleep. Always consult your doctor before adding new supplements to ensure they fit your health profile. Your wellness journey is unique, and personalized guidance matters.",clear30,Days-Using,4-5 days a week,"{""Supplement to wean self off of marijuana?"":""https://www.reddit.com/r/Biohackers/comments/y9ae6p/supplement_to_wean_self_off_of_marijuana/"",""Herbs & Supplements That Help Weed Withdrawals"":""https://medium.com/@steve_76718/8-herbs-supplements-that-help-weed-withdrawals-9a6fabeda865/"",""Supplement N-acetylcysteine May Help With Drug Craving"":""https://www.bu.edu/aodhealth/2018/02/21/supplement-n-acetylcysteine-may-help-with-drug-craving/"",""Supplements Proven to Help You Overcome Addiction and Withdrawal"":""https://www.reddit.com/r/selfimprovement/comments/rgztkm/why_is_it_that_since_ive_started_trying_to/"",""Supplements to help with reducing acute withdrawal syndrome (marijuana specifically)?"":""https://www.reddit.com/r/Supplements/comments/su8127/supplements_to_help_with_reducing_acute/""}",,,,"[{""body"":""Consult a medical professional before taking any supplements or medications. This information is compiled from the web and clinical studies. Clear30 is not a replacement for medical advice."",""title"":""IMPORTANT""},{""body"":""Coping with cravings can be easier with the right nutritional support. Certain supplements may help your body adjust to the absence of THC and reduce withdrawal symptoms like cravings and irritability."",""title"":""Supplements to Reduce Cravings""},{""body"":""This dietary supplement has shown promise in reducing cannabis cravings and usage. It works by restoring the body's level of neurotransmitters like serotonin and dopamine, which can help ease feelings of anxiety and stress. Some research supports that it can curb other types of cravings beyond weed too. 🧪"",""title"":""N-Acetylcysteine (NAC)""},{""body"":""Some people choose to use CBD to reduce withdrawal. There is literature suggesting this may be an effective strategy. If you choose to use CBD for your taper, we suggest ingesting differently than how you use THC (e.g. in tea)."",""title"":""Cannabidiol (CBD)""},{""body"":""This essential mineral plays a part in many biochemical reactions in your body. It can help boost serotonin levels in the brain, which might be useful in managing cravings and sleep. 💊"",""title"":""Magnesium""},{""body"":""These vitamins can help reduce anxiety and stress. The B-complex vitamins are especially good at helping your body use carbohydrates effectively, which can reduce cravings. Vitamin C, aside from its immune-supporting role, can also help curb your urges. 🍊🥦"",""title"":""Vitamin B-complex and Vitamin C""},{""body"":""These can aid healthy brain function, helping to reduce stress and anxiety, which in turn could help manage cravings. 🐟🥜"",""title"":""Omega-3 Fatty Acids""},{""body"":""Remember, your body's working hard to adjust to a new normal. While these supplements can provide support, always consult with a healthcare provider before starting any supplement, including anything on this page. 💡👩‍⚕️"",""title"":""💡 Conclusion""},{""body"":""Talk to your doctor to see if supplements are right for you. They can work well in reducing cravings."",""title"":""🔑 Key Takeaway Action""}]",your_mindset,
42,11,Day 11 😤,Motivation,"As the days go by, motivation can fluctuate. 

Explore all the resources you can to stay committed across the web, including these two great resources to help you on your journey. 

These skew towards people stopping altogether but are also great for taking a break and just learning about the process. Ignore anything you don't like.",clear30,,,,,,,,your_mindset,
43,11,"The Quest for Contentment 🌼
",It's Closer Than You Think,"What brings you joy? Contentment often seems elusive, but it’s closer than you imagine. Remember, contentment is a state, not a result of circumstances. Even in challenging times, we can find meaning and satisfaction. For inspiration, we recommend the film Life is Beautiful 🎥 or the book The Art of Happiness 📖. They show us that contentment is a state of mind that requires work, but it’s within our control. Embrace your Clear30 journey to discover your unique state of contentment. It may be challenging at first, but it’s part of the journey. 💪🌅",clear30,Trigger,Stress relief / relax,,,,,,your_mindset,
44,11,"Mindful Triggers and You 🚦
","Stay curious and aware
","The pull you feel when passing a dispensary or weed-friendly place can be strong. Like fast food, gambling, or alcohol, the cannabis industry uses triggers to drive sales. But this journey is about YOU. How does weed make YOU feel? 🤔🌿

Don’t let external messages—ours included—cloud your personal experience. Are we being too negative? Let us know! Stay curious, question things, and do your homework. Your experience is your ultimate guide. Stay mindful and aware with Clear30! 🕵️‍♀️🌈",clear30,Trigger,It is available around me generally,,,,,,your_mindset,
45,12,Weed and your Brain 🧠,"Gaining clarity for decisions
","Weed’s impact on your brain functions is subtle, especially when dealing with complex decisions or uncertainty. 🤔🧩

Research shows that being high makes it harder to ignore irrelevant information, leading to feeling overwhelmed with decisions. Over time, this can make it harder to step outside your comfort zone and tackle life’s tough choices. 🌀🔒

You may manage routine tasks fine, but slowly, the harder decisions in your life might start feeling overwhelming—and you might not notice it happening. That’s why we created Clear30. After a couple of weeks without weed, your mind will feel less cluttered. This clarity helps you understand how weed affects your decision-making so you can make informed choices. When you’re younger, this clarity matters more than ever—this is the time for hard decisions that shape your future. 🔍💡",clear30,LO-Age,18-20,,,,,,your_mindset,
46,12,Day 12 🌱,Professional Help,"Seeking professional help is a sign of strength, especially if you struggle with mental health concerns. Search ""free mental health treatment"" in your state. There are also inexpensive online options too.",clear30,,,"{""Weedless.org"":""https://www.weedless.org/"",""Recovery dharma"":""https://recoverydharma.org/"",""Dr. K talks weed"":""https://www.youtube.com/watch?v=WdM8r6R3FfM&t=1437s"",""Addiction Mindset"":""https://www.youtube.com/@AddictionMindset"",""UVM: On tolerance breaks"":""https://www.uvm.edu/health/t-break-take-cannabis-tolerance-break"",""Spotify: Quitting marijuana podcast"":""https://open.spotify.com/show/4iW8efuX6D4iW6Z2wwf1kE/"",""Mcwell: Self help guide for 30 day T-break"":""https://mcwell.nd.edu/your-well-being/physical-well-being/drugs/marijuana-or-cannabis-sativa/quitting-marijuana-a-30-day-self-help-guide/"",""An online hub for members of Marijuana Anonymous."":""https://www.reddit.com/r/MarijuanaAnonymous/"",""Discussions about reduction, moderation, and responsible consumption of cannabis - 1."":""https://www.reddit.com/r/Petioles/"",""Discussions about reduction, moderation, and responsible consumption of cannabis - 2."":""https://www.reddit.com/r/leaves/""}","{""🛋️ Therapy Expectations"":""What can I expect from therapy to help me manage weed and mental health?"",""🔍 Find Help: Resources for Everyone"":""Discuss professional help options for getting help insured and uninsured. Where to start?"",""🤝 Professional Support: Exploring Benefits"":""I'm having some trouble, how could professional help benefit my journey?""}","[""Do you think a professional could help you, or do you have another support system in place?""]","{""Finding Support Meditation"":""https://m.clear30.org/professionalhelp.mp3""}","[{""body"":""All of the links for these sites are on the bottom of the page.\nSome of the sites and recommendations are for people who want to entirely stop. The reason we included them and sent them to everyone is because they have great information on the “first month”. Ignore what you don't like and embrace what you do."",""title"":""📝 Some Notes""},{""body"":""Connect with like-minded individuals online and engage in insightful discussions about cannabis moderation and detoxification.\nLinks to some reddit communities below.\n\nDigital Support: There are lots digital remote treatments and apps if you want to completely stop. Just type in addiction recovery apps and tons will pop-up.\n✅ One group we recommend is recovery dharma. In groups, they don't ask about your goals - whether for a t-break or stopping or for cannabis or trouble controlling food intake. They heavily focus on craving and using wise mind and meditation to overcome desires that move us away from our intentions.\n\nOther T-break guides: Check out Weedless and UVM T-Break resources below to help you on your journey. We will be sending more as Clear30 unfolds!.\n\nPodcasts and Videos: The best overall video series on stopping or reducing cannabis use is Addiction Mindset (check it, and others out below).\n\nHelplines and Crisis Text Lines: Immediate help is available if you're in crisis. Don't hesitate to reach out to these national helplines.\nNational Mental Health Support Helpline: Call 988\nCrisis Text Line: Text 741741.\n\nTreatment Finders (for substance use treatment: SAMHSA Treatment Locator: https://findtreatment.gov/\nShatterproof Atlas (Provides information on evidence based treatment):https://treatmentatlas.org/\nSafe Locator (Provides information on treatment, recovery housing, and family support groups): https://www.safeproject.us/locator/\n\nDigital Telehealth Cannabis Treatments (More coming soon): Affect Therapeutics (Cannabis Specific Support): https://www.affecttherapeutics.com/\nCharlie Health: https://www.charliehealth.com/\nLife Beyond Cannabis (6-Week Abstinence Program): https://r20.com/lifebeyondcannabis/"",""title"":""Resources Overview""},{""body"":""There is support available. Go down the rabbithole and find ones you like, even if just for your Clear30."",""title"":""🔑 Key Takeaway Action""}]",your_mindset,
47,12,"Weed and Your Brain 🧠
","Clarity for tough decisions
","Weed's impact on your brain functions is subtle, especially when dealing with complex decisions or uncertainty. 🤔🧩

Research shows that being high makes it harder to filter irrelevant information, often leading to overwhelm. Over time, this can make stepping out of your comfort zone and making fresh decisions more difficult. 🌀🔒

You might handle routine tasks fine, but tough decisions can feel increasingly daunting. That’s why we named the program Clear30: to help you gain clarity over your relationship with weed. After a couple of weeks without it, your mind will feel less cluttered. This is your chance to decide how weed affects your decision-making and make informed choices—especially important when you’re young and facing pivotal life decisions. 🔍💡",clear30,LO-Age,21-25,,,,,,your_mindset,
48,12,"Weed and Your Brain 🧠
",Clarity for tough decisions,"Weed’s impact on your brain can be subtle, especially when navigating complex decisions or uncertainty. 🤔🧩

Research shows that being high makes it harder to ignore irrelevant information, often leading to feeling overwhelmed. Over time, this can make stepping out of your comfort zone and tackling fresh decisions more difficult. 🌀🔒

You might manage routine tasks fine, but tough decisions can start feeling overwhelming. That’s why we created Clear30—to help you declutter your mind. After a couple of weeks without weed, you’ll gain clarity to assess its effect on your decision-making and make informed choices. When you’re in your late 20s, this clarity becomes even more crucial as you face pivotal life decisions. 🔍💡",clear30,LO-Age,26-30,,,,,,your_mindset,
49,12,"Weed and Your Brain 🧠
","Clarity for better decisions
","Weed's impact on your brain functions is subtle, especially with complex decisions or uncertainty. 🤔🧩

Research shows being high makes it harder to filter irrelevant information, leading to feeling overwhelmed. Over time, this can make stepping out of your comfort zone and making fresh decisions harder. 🌀🔒

You might handle routine tasks fine, but tough decisions can feel overwhelming, leading to avoidance. That’s why we named the program Clear30: to help you declutter your mind after a few weeks without weed. This clarity lets you reassess how cannabis affects your decision-making and make an informed choice. As you hit pivotal moments in your 30s, making hard decisions for your future becomes even more critical. 🔍💡",clear30,LO-Age,31-40,,,,,,your_mindset,
50,13,Day 13 🥰,Accepting Discomfort,"Accepting discomfort or circumstances that we don't like can be frustrating. 
We may want to be a charismatic person that everyone loves or a famous actor. It doesn't matter. Growth starts with acknowledging where you are today — whether you like it or not. 
It allows you to own your past and present, and move forward. Some tips for accepting where you are right now:

1. Focus on what you can control, not what you can't like the past or future. 
2. Let go of judgment and love yourself, flaws and all. Begin to work on what you can control and be patient with yourself. 🉑 

_CLIENTNAME_, acceptance is not complacency. It is a recognition of your strengths and flaws so you can grow and succeed without getting caught in regret. That is everything.",clear30,,,"{""Being your best self"":""https://www.psychologytoday.com/us/blog/being-your-best-self/202203/the-healing-power-radical-acceptance"",""Acceptance Motivation"":""https://www.youtube.com/watch?v=-lc3EDum9sc"",""The paradox of control"":""https://www.youtube.com/watch?v=koo59KK43YA"",""Self-Love brings freedom"":""https://www.youtube.com/watch?v=vj0JDwQLof4"",""Forbes: What is radical acceptance?"":""https://www.forbes.com/health/mind/what-is-radical-acceptance/""}","{""❤️ Self-Love: Beyond Self-Judgment"":""How can I practice self-love and release judgment, focusing on strengths and areas for improvement?"",""🔍 Control & Acceptance: Navigating Life"":""Let's identify life aspects I can control and those I can't. Guide me in this reflection."",""🌿 Acceptance as Growth: Embracing the Now"":""Help me see how accepting my situation can lead to growth?""}","[""What are some of your strengths and flaws? How do you want to grow?""]","{""Acceptance Meditation"":""https://m.clear30.org/acceptance.mp3""}","[{""body"":""Acceptance is a powerful state of mind that involves:\nAcknowledging we are in the present moment and we can’t change our past\nFreeing ourselves from our limitations, past regrets or unrealistic future expectations.\nEmbracing our journey towards self-improvement by accepting ourselves unconditionally.\nAcceptance is a form of self-love that acknowledges our flaws and beauty equally. Once we accept, we open the door to moving forward. 😌"",""title"":""What is Acceptance?""},{""body"":""✅ Accepting who you are in the moment, rather than fighting it with frustration, sets us free. Allow yourself to let go of any regrets and frustration that is occupying your mind and keeps you stuck.\"" 😊\n👉This simple exercise of accepting your limitations and not trying to either suppress them or distract yourself from them has been shown to be a stepping stone to better mental health. Really, the research is powerful. So as you do your Clear30, accept you for everything you are. The good and the less good. Only then, can you work on what you want to change.\nYou are fucking beautiful, all of you. Own it"",""title"":""🔑 Key Takeaway Action""}]",your_mindset,
51,13,"Weed and Motivation 🎯
","Short-term boosts, long-term challenges
","The old stereotype of a weed smoker as unmotivated is too narrow. 

Dopamine is a neurotransmitter that plays a key role in motivation. Cannabis use can increase dopamine levels in the short term, leading to feelings of pleasure and reward, making you more motivated to do certain things like hobbies and chores. Over time, heavy cannabis use can lead to a decrease in dopamine levels, which can reduce motivation and lead to feelings of apathy and lethargy when you stop. 

Aside from dopamine, studies have shown that heavy cannabis use can lead to changes in the structure and function of the prefrontal cortex, which can impact decision-making abilities which can affect long-term planning. So, overall, brain research suggests that heavy cannabis use can lead to decreased motivation and impaired decision-making abilities in the brain. 
However, it's important to note that the effects of cannabis on motivation will vary from person to person and are especially pronounced with heavy use. 

The key is to make sure you are aware of how weed is affecting your motivation both in the short-term where it may be helping you do certain things - and in the long-term where it may be hurting.",clear30,Goal30,I want to completely stop,,,,,,your_mindset,
52,13,"Weed and Motivation 🎯
",Cannabis use affects motivation in several ways including affecting the levels of dopamine in the brain.,"The old stereotype of a weed smoker as unmotivated is too narrow. 

Dopamine is a neurotransmitter that plays a key role in motivation. Cannabis use can increase dopamine levels in the short term, leading to feelings of pleasure and reward, making you more motivated to do certain things like hobbies and chores. 
Over time, heavy cannabis use can lead to a decrease in dopamine levels, which can reduce motivation and lead to feelings of apathy and lethargy when you stop. 

Aside from dopamine, studies have shown that heavy cannabis use can lead to changes in the structure and function of the prefrontal cortex, which can impact decision-making abilities which can affect long-term planning. So, overall, brain research suggests that heavy cannabis use can lead to decreased motivation and impaired decision-making abilities in the brain. 
However, it's important to note that the effects of cannabis on motivation will vary from person to person and are especially pronounced with heavy use. 

The key is to make sure you are aware of how weed is affecting your motivation both in the short-term where it may be helping you do certain things - and in the long-term where it may be hurting.",clear30,Goal30,"I want to taper for a few days, then stop",,,,,,your_mindset,
53,13,"Staying committed 🧑‍🤝‍🧑 ","Reflect on your social circle
","Staying committed to our goals can be challenging when those around us use. Our brains naturally seek connection, making it tough to stay self-directed when friends are using. You might catch yourself thinking, “They seem to be enjoying themselves—why not join them?”

During your break, take a closer look at the company you keep 🧑‍🤝‍🧑. Do they empower you to resist cravings? Social circles play a huge role in your habits. Identify friendships that revolve around weed and those that hold deeper meaning.",clear30,Trigger,My friends,"{""Quitting while all your friends smoke"":""https://www.reddit.com/r/leaves/comments/fg08fp/i_want_to_quit_weed_but_all_of_my_friends_smoke/"",""Don't throw away your “weed friends”!"":""https://www.reddit.com/r/leaves/comments/xbh3pw/dont_throw_your_weed_friends_away/"",""Dealing with being the only one in a friend group who doesn't smoke"":""https://www.reddit.com/r/socialskills/comments/2r7p4l/how_do_you_guys_deal_with_being_the_only_one_in_a/""}","{""🔮 Talking to friends who use"":""Guide me in managing my friends who smoke when I am breaking.""}",,"{""Social Support Meditation"":""https://m.clear30.org/friends.mp3""}","[{""body"":""Clear30 can be especially hard when you're surrounded by friends who continue to use, even if you use other social support. Most people struggle with pressure to use because they want to - not because anyone is forcing them. That is why it is up to you to stay committed."",""title"":""Managing Your World When Your Friends Use""},{""body"":""Set boundaries with yourself and be clear with your friends who use. They will support you. Its only 30 days!"",""title"":""🔑 Key Takeaway Action""},{""body"":""The first step towards success involves creating a social environment where you feel safe and in control. In practice, this means avoiding friend triggers. Here are five things you can do."",""title"":""Navigating the Environment 🏞️""},{""body"":""Informing your friends about your decision is a vital step, and it might be easier than you think. Here's a way to go about it:\n🤝 Be Honest: Clearly communicate why you've decided to take a break. Honesty will help them understand your decision better.\n👍 Be Positive: Share the benefits you anticipate from this break and how it aligns with your personal growth.\n🗣️🚫 Don't badmouth weed or their choices. This is about you and only you.\n🙏 Request Support: Ask for their support during this period. They can help by respecting your decision, providing distraction when needed, and even joining you in positive activities."",""title"":""Have the Conversation with Friends who Use""},{""body"":""Unless you want to avoid certain friends, one way to reduce triggers is to hang out with friends who use only when they are not using. If they are true friends, they will support you and work with you. You would be surprised at your positive influence on them, actually."",""title"":""👥 Identify When to Hang Out with Weed Friends""},{""body"":""Pick environments you can hang out that do not involve weed. That could be your place more often, or a neutral place like a cafe."",""title"":""🚫 Find Safe Environments""},{""body"":""There are always people available who do not use. More than you think too. Identify some non-weed friends to hang out with and make a plan to hang with them a couple of times. They don't have to be your new best friends. It is about opening up your world."",""title"":""🕵️‍♂️ Identify Non-Weed Friends""},{""body"":""Okay, we keep repeating this but there is a reason. If you are really feeling triggered everywhere you go, go to online groups as discussed earlier."",""title"":""📱Join online groups""}]",your_mindset,
54,14,Understand Your Reasons for Weed 🌿,Clarify pain relief vs. the high,"It's okay to smoke weed because you like being high and because it helps relieve your pain. 
Both are valid reasons. 

We’ve heard many people say they convinced themselves it was only about pain relief to avoid feeling bad about themselves. 

Ignore anyone who makes you feel bad. During Clear30, try to separate the pain relief from the high. 

If you’re generally happy but in pain, cannabis might primarily be about relief. If there’s more to it, reflect on your reasons for clarity and intention.",clear30,Trigger,Relieve pain,,,,,,your_mindset,
55,14,"Gender & Cannabis 🔬
","Hormones shape your experience
","Studies show that sex hormones influence how you respond to weed. 

Women may experience stronger psychoactive effects from THC due to estrogen, enhancing euphoria and pain relief. 

Men, on the other hand, often feel stronger ""munchies"" because of metabolic and hormonal differences. 

Women might also develop tolerance faster than men. 

Be mindful of these differences when using 🚻💡—and while taking a break. Understanding how your body interacts with cannabis can help you navigate your journey with greater awareness.",clear30,Goal30,I want to completely stop,,,,,,your_mindset,
56,14,Day 14 🧘‍♀️,Using Mindfulness,"You can use mindfulness to better manage cravings and temptation — regardless of whether it is weed or an unhealthy food choice. Like we noted before, many have found ""riding the crave"" to be a useful technique in which...


❤️‍🔥You pay extra attention to the craving. 🌊You observe the craving passing you by. 😤You let the craving go and say goodbye to it. 💡When you realize that thoughts and feelings actually do not control your behavior, you gain a deeper sense of control over your life.",clear30,,,"{""Insight Meditation"":""https://insighttimer.com/"",""Mindfulness and Weed"":""https://www.reddit.com/r/Mindfulness/comments/azit4w/mindfulness_and_weed/"",""UCLA Mindfulness App"":""https://www.uclahealth.org/programs/marc/free-guided-meditations/guided-meditations"",""Marijuana and Meditation"":""https://www.youtube.com/watch?v=MtZmR6oK9tg&feature=youtu.be"",""Experiences on using meditation to stop smoking"":""https://www.reddit.com/r/Meditation/comments/rplucw/have_you_experience_with_using_meditation_to_stop/"",""Dr. Alok Kanojia Speaks About Marijuana and Meditation"":""https://www.youtube.com/watch?v=MtZmR6oK9tg""}","{""🧘‍♂️ Riding the Crave"":""Explain 'riding the crave' with mindfulness to manage cravings. How can I practice it?"",""📅 Daily Mindfulness: Integrating Techniques"":""How can I integrate mindfulness into daily life to manage cravings and temptations? Suggest brief daily practices.""}","[""Do you feel in control of your mind? Or do you feel like sometimes you act against your own self interest?""]","{""Mindfulness & Savoring Meditation"":""https://m.clear30.org/mindfulness.mp3""}","[{""body"":""Take a moment to breathe and imagine enhancing your joyful life experiences while embracing the present moment fully. This is where savoring and mindfulness come into play. Practicing mindfulness for even 10 minutes a day can change your outlook on life after just two weeks."",""title"":""Savoring & Mindfulness""},{""body"":""🙂 Focusing on positive experiences and embracing the moment are two skills that can reduce cannabis craving, but also make you more engaged in life.\n👉 Savoring is attending, appreciating, and enhancing the joyful experiences intentionally. It is life when we savor something like a good meal. We enjoy it in the moment. You can savor anything.\n🧘‍♂️ Mindfulness is about being fully present in the moment, acknowledging your thoughts, emotions, and sensations without judgment."",""title"":""Unveiling Savoring & Mindfulness 🎭""},{""body"":""👨‍💼👩‍💼 Mindfulness makes you more intentional. That's why elite athletes and leaders do it consistently. For Clear30, it also creates distance between you and your cravings as we discussed earlier.\n🚶‍♂️ Mindfulness also makes you more connected to your body. It is called introspection. Being aware of your body can significantly reduce cravings. One of the most powerful ways is to learn to recognize early signs of hunger, thirst, or fatigue. It is often called HALT. Hungry, Angry, Lonely, Tired. If you are having cravings or feeling down in any way, check to see if any of these ring true."",""title"":""Mindfulness Makes you More Intentional""},{""body"":""100s of studies provide evidence for the effectiveness of mindfulness and savoring in improving your wellbeing.\nA review of 30 studies showed that mindfulness meditation could reduce the intensity and frequency of cravings.\nExtensive mindfulness meditation experience is linked with increased thickness in brain regions involved in reducing craving and addiction."",""title"":""The Science behind Mindfulness & Cravings 🧪""},{""body"":""✨ Adopting mindfulness and savoring life is a journey, not a destination. Give yourself 10 minutes a day. It can be on the toilet! It can be lying in bed! For assistance aside from our meditations, we highly recommend apps like Insight Meditation Timer or the UCLA Mindfulness Center (links below). Both have lots of free mindfulness meditations. Meditation makes you a more interesting person. Try it out."",""title"":""🔑 Key Takeaway Action""}]",your_mindset,
58,15,"Why We Use Weed 🌀
","The power of expectations
","People do drugs for a reason. Sometimes it’s pure escape; other times, it’s for enhancement. Often, it’s both. 

We tell ourselves, “Weed makes me [insert reason].” 
And it might be true—perhaps weed triggers something you genuinely love about yourself, like feeling more relaxed in social situations. 

During the rest of Clear30, try acting ""as if."" Studies show that people given placebo alcohol often become more social, and others given placebo weed report reduced pain. Expectations are incredibly powerful. Don’t give weed all the credit—it’s still you doing the things you enjoy. Remember that power lies within you. ✨",clear30,Goal30,I want to completely stop,,,,,,your_mindset,
59,15,"Why We Use Weed 🌀
","It’s about you, not weed
","People use drugs for a reason. Sometimes it’s pure escape; other times, it’s for enhancement. Often, it’s both. 

We tell ourselves, “Weed makes me [insert reason].” 
And it might be true—weed might trigger something you genuinely love about yourself, like being more relaxed in social situations. 

During the rest of Clear30, try to ""act as if."" Studies show people given placebo alcohol become more social, and placebo weed can alleviate pain. Expectations are incredibly powerful. Don’t give weed all the power or credit—it’s still YOU doing the things you value. Weed may enhance, but the source of those qualities is already within you. ✨",clear30,Goal30,"I want to taper for a few days, then stop",,,,,,your_mindset,
60,15,"Creativity Without Cannabis 🎨
","Discover your natural spark
","As noted in your feedback, Clear30 is a time to explore your creativity without cannabis. 

Take a breath, do some jumping jacks, then create. You can produce results every day without weed. After giving your brain time to adjust, reflect: Is it really the weed that’s making you creative, or is it something already within you? Clear30 is your opportunity to find out.",clear30,Trigger,Enhance creativity,,,,,,your_mindset,
61,16,Day 16 🫡,Persistence,"What is the most defining characteristic of a successful person 🤨? Not… 
❌ IQ
❌ Charisma
❌ Resourcefulness 

but, 

✅ Persistence 

At around this time, motivation for Clear30 may start to run out. Questions will come up like…

🙋‍♀️ “Why am I doing this?” 
🙋 “What’s the point?”
🙋‍♂️ “Was this a stupid idea all along?”

Forget about the weed. You are doing this because you said you wanted to disrupt your life. And when you make a habit of sticking to the promises you make to yourself, you can do anything.",clear30,,,"{""I Relapsed Quitting Weed!"":""https://www.youtube.com/watch?v=KFAwb0py9ro"",""Guided Meditation, manifesting success"":""https://www.youtube.com/watch?v=APvLO3uXLnE"",""What keeps you guys motivated to stay on your T-break/stay sober?"":""https://www.reddit.com/r/Petioles/comments/8p5apl/what_keeps_you_guys_motivated_to_stay_on_your/""}","{""💪 Mental Strength"":""Based on what you know about me, how to I built mental strength and resilience?"",""🌟 The Power of Persistence"":""Remind me of persistence's power and how this break leads to achievements. Need encouragement to overcome doubts."",""🔍 How do I reinvent myself"":""How do I reinvent my identity to be the person I want to be? Help me figure it out.""}","[""What's keeping you going right now?""]","{""Commitment and Persistence Meditation"":""https://m.clear30.org/persistence.mp3""}","[{""body"":""💪 Persistence is about the commitment to the long-term, even when it sucks now. Committment is about dedication to the endgame, not the immediate reward.\n🏋️‍♀️ Below are some strategies to help you stay committed to your personal goals, no matter what they are!"",""title"":""Commitment""},{""body"":""Studies have shown that visualizing successful outcomes can help strengthen your resolve and keep you motivated. Picture yourself resisting a craving successfully. Picture yourself as a badass in social situations without weed. This trick helps your mind see this outcome as not only possible but probable!"",""title"":""Visualize Success 🏆""},{""body"":""As we noted in the preparation guide, if you change your identity and fake it until you make it by acting like the person you want to be, you will become that person over time.😊"",""title"":""Change Your identity""},{""body"":""Share your Clear30 plan with someone you trust and admire. Explain your triggers, your strategies, and ask them to support you in your journey. The key is don't just share that you are just doing Clear30. If you just share that you are breaking, it could actually backfire. However, if you share what you are doing or plan to do, it significantly boosts your chances of sticking to your goals. If you have not already, share your detailed plan with someone."",""title"":""Share Your Plan 🗣️""},{""body"":""You are not good or bad. You are not smart or dumb. Your effort is good or bad. People who believe they can grow and people who believe stress helps them grow are happier and more successful. There is no trophy for an outcome, the only trophy is for your effort."",""title"":""📈 Growth Mindset""},{""body"":""Give yourself credit for each day you stick to your Clear30 plan. Small rewards can act as positive reinforcement, motivating you to stay persistent and committed. Don't reward the outcome, just that you authentically are trying."",""title"":""Reward Your Progress 🎁""},{""body"":""Are you giving it your all? Really giving it your all? We love these speeches from Eric Thomas - they don't sugarcoat anything."",""title"":""💪💯 Give maximum effort (and rest when you need)""},{""body"":""Give maximum effort today, even when it feels really hard. You are worth it."",""title"":""🔑 Key Takeaway Action""}]",lock_it_in,
62,16,"Weed and your Brain 🧠 ","Gaining clarity for decisions
","Weed’s impact on your brain functions is subtle, especially when dealing with complex decisions or uncertainty. 🤔🧩

Research shows that being high makes it harder to ignore irrelevant information, leading to feeling overwhelmed with decisions. Over time, this can make it harder to step outside your comfort zone and tackle life’s tough choices. 🌀🔒

You may manage routine tasks fine, but slowly, the harder decisions in your life might start feeling overwhelming—and you might not notice it happening. That’s why we created Clear30. After a couple of weeks without weed, your mind will feel less cluttered. This clarity helps you understand how weed affects your decision-making so you can make informed choices. When you’re younger, this clarity matters more than ever—this is the time for hard decisions that shape your future. 🔍💡",clear30,LO-Age,18-20,,,,,,lock_it_in,
63,16,"Weed and Your Brain 🧠
","Potency matters, especially young
","The problem with weed is its outsized effect on the developing brain, especially with today’s high-potency strains and regular use 🌿. 

It not only impacts you now but has long-term effects. For instance, young people without depression who smoke regularly are more likely to develop depression later. 

Emerging research on high-potency THC shows greater risks of psychosis, cognitive impairment, and addiction. Your best bet? Delay, delay, delay. If you choose to smoke, reduce both the potency and frequency as much as possible at your age.",clear30,LO-Age,21-25,,,,,,lock_it_in,
64,16,"Weed and Your Brain 🧠
","Long-term risks for young users
","The problem with weed lies in its outsized impact on the developing brain, especially given today’s high-potency strains. 

It not only affects you now but can have long-term consequences. 
For example, young people without depression who smoke weed regularly are more likely to develop depression later in life. 

Emerging research on high-potency THC shows increased risks of psychosis, cognitive impairment, and addiction, particularly for those who start before age 25 and continue using. 

No matter your future goals, reducing the potency and frequency of use at your age is one of the best steps you can take to protect your health.",clear30,LO-Age,26-30,,,,,,lock_it_in,
65,17,Day 17 🤑,Get Busy!,"🧟‍♂️🧟‍♀️🧟‍♂️ Research shows you spend ""47% of your time on autopilot"" meaning that a ton of your decisions - from smoking to going on a run - are a result of your habits. If you stay busy with new activities, you can...


🧠 Get your mind off using. 💪 Make it harder to fall back into your old habit of using. 🤍 Help you figure out who you are and what YOU want to do. 😤 Make you more interesting by reinventing yourself.",clear30,,,"{""Business and Happiness"":""https://www.theatlantic.com/family/archive/2019/02/free-time-life-satisfaction/583171/"",""Things to do instead of smoking weed"":""https://www.reddit.com/r/leaves/comments/jdy7b5/things_to_do_instead_of_smoking_weed/"",""Healthshots: The dangers of idle living"":""https://www.healthshots.com/mind/mental-health/do-you-find-yourself-sitting-idle-often-heres-how-it-can-wreck-your-mental-health/"",""Things to do instead of smoking weed, part 2"":""https://www.reddit.com/r/leaves/comments/djhjw5/a_list_of_things_to_do_instead_of_smoking_weed/""}","{""🆕 Explore Hobbies: Beat Autopilot"":""Suggest engaging hobbies to distract from cravings and foster positive habits. Looking for new activities."",""🤔 Evaluate Hobbies: Reinvent & Reflect"":""Guide me in evaluating new hobbies' impact on my thoughts about use and self-reinvention process."",""📅 Plan Engaging Activities: Find Your Passion"":""Help create a plan for a busy schedule with meaningful activities to discover what I truly enjoy.""}","[""What habit could transform your life if you adopted it?""]","{""Staying Busy Meditation"":""https://m.clear30.org/busyness.mp3""}","[{""body"":""\""The best way to get rid of old habits is to swap them for new ones.\"" This quote is more relevant than ever when breaking from a habit like weed. It might seem challenging – after all, smoking may have been a long-standing pastime. But hunting down fresh, intriguing activities that mirror your values and priorities is hard. The outcome? You'll shatter the chains of old habits and discover a more satisfying life. Listen below for more."",""title"":""Staying Busy""},{""body"":""🏋️‍♂️ Work out or meditate, binge a new series, listen to an engaging podcast, or fine-tune a hobby. Now's the perfect opportunity to embark on something new. Staying busy is avoiding unstructured time. We don't need to say anything else. Just do it."",""title"":""What's the plan?""},{""body"":""Schedule next day activities each night so you have some structure to start your day. Follow it for 30-days."",""title"":""🔑 Key Takeaway Action""}]",lock_it_in,
66,18,Why Weed? 🍃,Is it the drug—or you?,"Drugs serve a purpose—sometimes for escape, sometimes for enhancement. We often say, ""weed makes me… [fill in the blank]."" But let’s pause and rethink. 🚦 Weed might trigger something you love about your high self, like feeling more relaxed. But remember—it’s still YOU! Clear30 Challenge: Act 'as if.' 🎭 Studies show placebo alcohol makes people more social, and placebo weed can even reduce pain. Expectations are incredibly powerful. What if the ‘better you’ isn’t about weed but something within you? Acting 'as if' can help bring it out. Give it a try!",clear30,Trigger,Enhance creativity,,,,,,lock_it_in,
67,18,"Embrace Silliness 😄
","Humor beyond the high
","Weed often triggers silliness—it’s like having a funny friend around. 
But remember, it’s altering your perception, making less funny things seem hilarious. 

Clear30 Second Half Challenge: Explore humor beyond weed. Watch your favorite comedies, go to an improv show, or just dive into the silliness already present in the world. Silliness isn’t exclusive to weed. It’s everywhere, just waiting for you to discover it. Enjoy the laughs with Clear30! 😂🌍🚀",clear30,Trigger,Just like being high,,,,,,lock_it_in,
68,18,Navigating Loneliness 👥,"Embrace self-discovery and support
","Breaking can heighten feelings of loneliness due to 
brain changes 🧠, 
shifts in your social network 🌐, 
and the absence of weed's distraction. 

It's okay to feel lonely. Use this time for self-discovery 🌱. When you're ready, you’ll reconnect with others. Remember, you're not alone. Plenty of people—online and in your community—are here to support you on your journey. 💪🚀🌈",clear30,Trigger,My friends,,,,,,lock_it_in,
69,18,Day 18 🧠,THC and Your Brain,"When you smoke 😶‍🌫️ the THC from the weed interacts with the endocannabinoid system within your brain. The short-term impact of weed greatly differs from the long-term impact. While everyone is affected differently the science shows...

➡️SHORT TERM EFFECTS
🥳Euphoria 
👨‍🎨Divergent thinking 
💫Distorted perception 
😶‍🌫️Impaired memory and concentration 

➡️LONG TERM EFFECTS 
😔Decreased cognitive function
🙇‍♀️Mental health concerns
🧠Brain changes in reward pathways 

🌟Research shows that after a month or so (maybe sooner) breaking from weed your cognitive function will significantly improve. Like everything else, so many of these more negative long-term effects are based on the frequency of use, the potency of the weed, and whether you started to use it regularly before 21.",clear30,,,"{""Cannabis and the Brain"":""https://nida.nih.gov/publications/research-reports/marijuana/what-are-marijuanas-long-term-effects-brain/"",""Brain Development and Cannabis"":""https://www.liebertpub.com/doi/abs/10.1089/can.2022.0183/"",""Huberman: Cannabis and the brain?"":""https://www.youtube.com/watch?v=UCbqfBAhmPY"",""Does weed cause brain damage in the long run? Can it be reversed?"":""https://www.reddit.com/r/leaves/comments/ukcbnh/does_weed_cause_brain_damage_in_the_long_run_can/"",""Has weed permanently fucked my brain? I feel like I've ruined my entire adult life. Severe cognitive decline and social anxiety."":""https://www.reddit.com/r/REDDITORSINRECOVERY/comments/qakxp4/has_weed_permanently_fucked_my_brain_i_feel_like/""}","{""🔬 THC Science: Brain & Body Effects"":""Explore THC's interaction with the endocannabinoid system and its short-term effects on brain and body."",""📈 Track Cognitive Boost: Clear30 Progress"":""Discuss signs of cognitive function and well-being improvement to monitor during Clear30."",""🧠 Enhance Brain Health: Recovery Strategies"":""Suggest strategies to support brain health and cognitive function during this break for recovery and long-term health."",""🧠 Long-term Cannabis Insights: Mental Impact"":""Help me understand the long-term effects of weed on cognition and mental health, and improvements from abstaining.""}","[""What short term/long term mental effects have you experienced from weed?""]","{""Cannabis and the Brain Meditation"":""https://m.clear30.org/brain.mp3""}","[{""body"":""How weed affects the brain depends on various factors including how often and how much (potency) you use, and the age at which you use. The active component of cannabis, delta-9-tetrahydrocannabinol (THC), binds to cannabinoid receptors in the brain, interacting with the endocannabinoid system responsible for regulating appetite, mood, and pain sensation. Because it touches so many brain systems, it has many cascading effects in the short-term and long-term."",""title"":""🧠 Understanding Cannabis and Its Effects on the Brain""},{""body"":""Cannabis use results in a range of short-term effects that vary depending on the dosage, method of consumption, and individual factors. Some of these effects include:\nEuphoria 🎉: THC stimulates the release of dopamine among other neurotransmitters, leading to feelings of happiness, relaxation, and euphoria.\nDivergent Thinking 🌀: Weed can help you think differently about things and ideas\nImpaired Memory and Concentration 🌫️: The interaction of THC with the hippocampus (the brain region responsible for memory) can lead to impaired short-term memory and difficulty concentrating.\nDistorted Perception 🌀: Altered perceptions of time, space, and sensory input may occur leading to perceiving things differently, especially social interactions."",""title"":""🌿 Short-term Effects of Cannabis on the Brain""},{""body"":""Long-term and regular use of cannabis (like many substances) tends not to be your brain's best friend. In fact it is bad. Some of the long-term effects include:\nDecreased Cognitive Function 🧩: Long-term cannabis use can lead to diminished cognitive functions, affecting memory, attention, and decision-making capabilities.\nAddiction 🔄: Many regular users may develop a dependency on weed by changing the reward pathway in the brain to crave it. This is what Clear30 is really trying to help you avoid.\nMental Health Concerns 😰: Regular cannabis use is linked to increased risks of anxiety, depression, suicide, and psychosis.\nBrain Structure Changes 🧠: Studies suggest that regular cannabis use can decrease grey matter volume in the hippocampus and prefrontal cortex, especially if you start young."",""title"":""🍁 Long-term Effects of Cannabis on the Brain""},{""body"":""The brain has the remarkable ability to recover from the effects of regular cannabis use if you stop or greatly reduce both the concentration of THC and the number of days you use. Research suggests that cognitive function can significantly improve several weeks after stopping cannabis use. Structural changes in the brain caused by long-term use can be reversed after stopping use, but it might take several months for the brain to return to its normal state. However, the younger you start to use regularly, the less likely these will fully bounce back to normal. Bottom line is that you are doing your brain a favor by doing Clear30!"",""title"":""💪 Does the Brain Recover from Regular Cannabis Use over Time if You Stop?""},{""body"":""Read read read about cannabis and brain development as much as possible. Be an informed consumer."",""title"":""🔑 Key Takeaway Action""}]",lock_it_in,
70,18,"Why We Use Drugs 🤔
",Explore what you truly enjoy,"People use drugs—whether weed, caffeine, or anything else—because they like the feeling. 

During Clear30, take time to reflect on what you love about being high. Understanding what draws you to that feeling can help you find healthier ways to recreate or enhance it without relying on substances.",clear30,Trigger,Just like being high,,,,,,lock_it_in,
71,18,"South Park’s Take on Weed 🪧
","Why this scene resonates
","We love this interaction from South Park (Season 6, Ep. 16) because it hits on a key idea: the subtler impacts of weed. 

Stan: 🧑🏻💬 ""I've been told a lot of things about pot but have come to find out a lot of those things aren't true, so I don't know what to believe!"" 
Randy: 👨🏻💬 ""Well, Stan, the truth is that marijuana probably isn't going to make you kill people or fund terrorists... But, son, pot makes you fine with being bored. 
And it's when you're bored that you should be:
👨‍🔧 Learning a new skill
🔭 Discovering new science
🎭 Being creative. 
If you smoke pot, you may grow up to find that you aren’t good at anything."" 
Stan: 🧑🏻💬 ""I really, really just wish you would have told me that from the beginning."" 

It’s a simple but profound point—sometimes, what we need most is clarity and honesty about weed’s impact on motivation and growth.",clear30,Trigger,Reduce boredom,,,,,,lock_it_in,
72,19,Day 19 🔄,Shift from short-term gratification to long-term success,"🏃‍♂️💨 You are already miles ahead of the average person because by doing Clear30, you’re abandoning short-term gratification for long-term success. You are swapping out the comfort of getting high for the challenge of personal growth. 😤

Furthermore, you’re developing a mindset of putting your long-term happiness first. To keep training this mentality…

💭Visualize your life if you fall to your temptations 
🤔Recognize how triggers can sway your entire mindset 
🏋️‍♀️Pick up other hobbies that cause you to trade short-term pain for long-term gain 
🍃Understand that access to any temptations will weaken your resolve

👬Put yourself first. You deserve it.",clear30,,,"{""Become a long-term thinker"":""https://www.youtube.com/watch?v=x0izoGt9BK8"",""Becoming a Long-term chooser"":""https://medium.com/thrive-global/choose-long-term-growth-over-short-term-pleasure-930ea2141ac6/"",""How to focus on long term rewards"":""https://www.reddit.com/r/PsychologicalTricks/comments/ej0ldy/pt_how_do_i_focus_on_long_term_rewards_rather/"",""Struggling with delaying gratification"":""https://www.reddit.com/r/productivity/comments/nvd4u0/tips_for_those_who_suck_at_delaying_gratification/"",""Delaying gratification is the key to a happy life"":""https://www.reddit.com/r/getdisciplined/comments/gs12al/advice_master_delayed_gratification_is_the_secret/"",""The power of long term thinking and how to get it"":""https://www.reddit.com/r/getdisciplined/comments/d2qkbf/advice_your_lack_of_consistency_comes_from_your/"",""Short-term choosing associated with pooer life outcomes"":""https://www.sciencedirect.com/science/article/abs/pii/S0306460319311104#:~:text=Delay%20discounting%20(DD)%20is%20a,mental%20disorders%20such%20as%20depression/""}","{""🔮 Future Path"":""Guide me in exploring long-term effects of resisting vs. giving into weed temptations when I don't want to use."",""💪 Long-term thinker"":""How do I become a long-term thinker without becoming boring: explore with me based on what you know about me?""}","[""What is your longterm goal for yourself? Where do you want to end up?""]","{""Long-Term Success Meditation"":""https://m.clear30.org/shortlongterm.mp3""}","[{""body"":""That is especially true for people who use substances, even though they are trying not to use. 💯 Hundreds of studies support that it is harder for regular users of substances to resist temptation in general than people who use occasionally or not at all. Essentially, your brain tricks you to remember the good things about use and minimize the bad in the moment (more on that tomorrow). You essentially have a built-in lying machine to feed your craving monster. So what does that mean?\n👉 You have to work extra hard to overcome temptation when it comes to things that reward you in the short-term but may have longer-term negative consequences. Here are some questions to ask yourself and tips to get you in a long-term mindset. 👈"",""title"":""🧠 Our brains are hardwired for immediate pleasure""},{""body"":""Is your desire to use to change the moment despite you wanting to break or not use in that moment?"",""title"":""💡 Understand the Nature of Desire""},{""body"":""It is okay to be a short-term chooser sometimes - in fact it is recommended - but not when you are on Clear30 or when your choices affect your long-term wellbeing. How is your choice today going to affect how you feel tomorrow?"",""title"":""🎯 Understand the Outcome""},{""body"":""The most successful and happy people do not do things that only benefit the short-term. They work hard. They also play hard, but not when it affects their self-esteem or long-term goals. Find your balance."",""title"":""🏆 Understand Successful People""},{""body"":""Recognize that temptation starts with a trigger that tricks your mind into thinking it is okay, and ends with disregarding long-term goals."",""title"":""🔄 Understand the Cycle of Temptation""},{""body"":""Regularly reminding ourselves of our long-term goals can help us resist short-term temptations."",""title"":""🔮 Keep the Big Picture in Mind""},{""body"":""\""You have to do something that sucks every day... That's how you overcome. That's how you get better.\"" - David Goggins"",""title"":""🔑 Key Takeaway Action""}]",lock_it_in,
73,20,"Clarity Over Chaos 🔥
","Understand weed’s subtle impact
","Weed’s impact on your brain functions is subtly felt, especially when dealing with complex decisions or uncertainty. Research shows that being high makes it harder to filter out irrelevant information, leading to feeling overwhelmed. Over time, this can make stepping out of your comfort zone and tackling fresh decisions more difficult. 🌀🔒

You may manage your job or follow directions fine, but tough decisions can start feeling overwhelming. That’s why we named the program Clear30—to help you declutter your mind and gain clarity after a few weeks without weed. It’s easy to blame other factors, but Clear30 offers the chance to truly understand weed’s role in your life. It’s about insight, understanding, and informed choices. 🔍💡",clear30,Days-Using,6-7 days a week,,,,,,lock_it_in,
74,20,Day 20 🏞️,The Path Less Traveled🚶‍♀️🚶‍♂️,"The easiest way often comes with future side effects. 

A gummy might bring quicker relaxation than yoga, and a smoke before bed is easier than body scan meditation. 

But with the easier path, the costs will come later. The harder path has immediate side-effects: It's challenging. It requires effort now. 

🧗‍♀️🧗‍♂️ But usually, its future side-effects are positive - think exercise, eating, meditation, and hydrating well. 

All things that improve your life significantly both now and over time. The problem is the now is not as powerful. You don't get that jolt (except for things like cold showers.... which we highly recommend). 

During Clear30 and after, consider choosing the harder path. The climb may be steep, but the view is worth it, even if it is super slow. 💪🌄",clear30,,,,,,,,lock_it_in,
75,20,"Gain Clarity 🔥
","Understand weed's role in your life
","Weed’s impact on your brain functions is subtle, especially when dealing with complex decisions or uncertainty. Research shows that being high makes it harder to ignore irrelevant information, leading to feeling overwhelmed with decisions. Over time, this can make stepping out of your comfort zone and tackling tough choices more challenging. 🌀🔒

You might manage routine tasks fine, but tough decisions can become overwhelming. That’s why we named the program Clear30—to help you declutter your mind and gain clarity after a few weeks without weed. It’s easy to blame other factors, but Clear30 gives you the chance to truly understand weed’s role in your life. It’s about gaining insight and making informed choices. 🔍💡",clear30,Days-Using,4-5 days a week,,,,,,lock_it_in,
76,20,"Simplify to Succeed 🛑
","Remove temptations for 10 days
","Quick reminder: We don’t do things as often when they’re not in front of us. 

What can you hide or put on pause for the next 10 days of Clear30? 

Maybe it’s avoiding certain friends or taking a different route to skip the dispensary. 

Give yourself a break. It’s not fair to constantly fight temptation. Free up your mind and energy to focus on other things during these final 10 days. You’ve got this! 💪",clear30,Trigger,It is available around me generally,,,,,,lock_it_in,
77,21,Day 21 📝,"Your ""Why","_CLIENTNAME_, now that you have had some time to get through the hard part, it's time to dive into your ""why"" a bit more by writing a letter to cannabis. Think about:

1️⃣ What you initially got from cannabis - your why for starting
2️⃣ What you currently get from cannabis - your why for using it now
3️⃣ Downsides or things cannabis has taken from you now or in the past
4️⃣ Your reasons for a break now

Reply here to keep the letter in your feed 💌 for a Claire Bot response or do it in a journal. Doesn't matter. First, here is a short meditation to help you think about your why a bit more before writing.",clear30,,,,"{""🤔 Reflecting on Use: Cannabis Then & Now"":""ClaireBot, help me articulate my current reasons for using cannabis and how they've changed since I started.""}",,"{""Writing Meditation"":""https://m.clear30.org/day6exploringrelationshipaudioonly.mp3""}",,reflection,
78,21,"Cannabis and Anxiety 🤔
","Effects vary by many factors
","Cannabis and its effects on anxiety can be complex, influenced by factors like strain type, dosage, and underlying mental health conditions. 

For some, cannabis reduces anxiety in the short term, which is why many people begin using it. However, for others—especially those with pre-existing anxiety—cannabis can worsen anxiety. 

High doses of THC, in particular, may overactivate brain regions associated with fear and anxiety. During Clear30, examining when and how you experience anxiety will help you manage it during your break and beyond, no matter your goals.",clear30,Trigger,Stress relief / relax,,,,,,reflection,
79,21,"Cannabis and Older Adults 🌿
","Factors to keep in mind
",Cannabis affects older adults differently because of a number of factors.,clear30,LO-Age,65,,,,,,reflection,
80,21,"Cannabis and Older Adults 🌿
","Consider talking to your doctor
","Cannabis affects older adults differently because of a number of factors. 

If you're taking medications or supplements, consider having an open conversation with your doctor about potential interactions and what to look out for.",clear30,LO-Age,51-64,,,,,,reflection,
81,21,"Gain Clarity 🔥
","Weed’s impact on decisions
","Weed’s impact on your brain functions is subtle, especially when dealing with complex decisions or uncertainty. 🤔🧩

Research shows being high makes it harder to filter out irrelevant information, often leading to decision overwhelm. Over time, this can make stepping out of your comfort zone and tackling fresh challenges even harder. 🌀🔒

You might manage routine tasks or follow instructions fine, but tougher decisions can start feeling overwhelming. That’s why we created Clear30—to help you declutter your mind. After a couple of weeks without weed, you’ll gain the clarity to reassess its impact on your decision-making and make informed choices. When you’re in your 40s, this clarity is especially critical as you face pivotal decisions that shape your future. 🔍💡",clear30,LO-Age,41-50,,,,,,reflection,
82,21,"Weed and Big Decisions 🌱
","Gain clarity on life choices
","Many people in their late 20s talk about how weed affects their decision-making on big life things like relationships and careers. 

Now that a few weeks have passed, take time to reflect. How has cannabis influenced your motivation and ability to make decisions about those big things? Use your break to explore these questions with greater clarity.",clear30,LO-Age,26-30,,,,,,reflection,
83,22,"The Power of Distraction 💡
","Learn from others’ strategies
","Keeping yourself distracted is one of the best ways to make it through a break. Want to see how others do it? Click the link below to explore tips and techniques from people navigating their own breaks:
https://www.reddit.com/r/trees/comments/6xufrb/any_advice_how_to_distract_yourself_when_making_a/

Find inspiration and ideas to keep your mind engaged!",clear30,Goal30,"I want to taper for a few days, then stop",,,,,,reflection,
84,22,Day 22 🪞,Reflecting,"Yesterday's exploration focused on _CLIENTNAME_'s overarching 'why'. 
Now, let's examine the 'why' behind each urge to use. This will help uncover your patterns. 🕰️🍃: When taking a break, reflect on your past few months of usage. 

Ask yourself: 
1️⃣ What events usually triggered your use? 
2️⃣ What thoughts and feelings typically led you to use? 
3️⃣ Who and what situations triggered use? 

The good news 🤩, no more writing letters after this 😮‍💨",clear30,,,,,,,,reflection,
85,22,"The Power of Distraction 💡
","Tips to stay on track
","Keeping yourself distracted is one of the best ways to make it through a break. Looking for ideas? Click the link below to hear how others stay distracted and why it works:
https://www.reddit.com/r/trees/comments/6xufrb/any_advice_how_to_distract_yourself_when_making_a/

Explore their stories and find strategies that resonate with you!",clear30,Goal30,I want to completely stop,,,,,,reflection,
86,22,"Embrace Silliness 😄
","Humor beyond the high
","Weed often triggers silliness—it’s like having a funny friend around. 
But keep in mind, it alters your perception of humor, making even less funny things seem hilarious. Clear30 Challenge: Explore humor beyond weed. 

Watch your favorite comedies, attend an improv show, or dive into the silliness already present in the world. Silliness isn’t exclusive to cannabis—it’s everywhere, just waiting for you to find it. Enjoy the laughs with Clear30! 😂🌍🚀",clear30,Goal30,I want to completely stop,,,,,,reflection,
87,23,Day 23👨‍🦯,Blind Spots,"When self-reflecting we almost always have blind spots, which is why it is important to get feedback from others 👵💬

To better understand the impact that weed has on you, you should ask your friends, ""do you think weed makes me better, worse, both? Why?"" 

🟢⚪️ To get a well-rounded perspective ask people who you believe might say all sorts of things and look for common themes in everyone’s feedback.",clear30,,,"{""Asking for feedback"":""https://www.forbes.com/sites/forbescoachescouncil/2023/07/17/how-to-ask-for-feedback-for-self-improvement/?sh=77a65f84127c/"",""Giving negative feedback"":""https://www.reddit.com/r/LifeProTips/comments/9e4oc9/lpt_when_giving_negative_feedback_take_a_small/"",""Accepting negative feedback"":""https://www.reddit.com/r/TheGirlSurvivalGuide/comments/g3zw3q/how_to_get_better_at_accepting_negative_feedback/"",""How to stop taking criticism in the workplace"":""https://www.reddit.com/r/LifeProTips/comments/12c93b3/lpt_request_how_to_stop_taking_criticismfeedback/""}","{""🔍 Managing different opinions"":""People disagree whether my use is a problem, how do I manage different feedback?"",""🗣 Uncover What Friends Really Think"":""How should I ask friends for honest feedback on my cannabis use and its impact and get honest feedback?"",""🌐 How do I engage people that I disagree with"":""What's the best way to engage friends with varying opinions on my cannabis use for a well-rounded view?""}","[""What feedback did you get? Were you surprised?""]","{""Feedback from Others Meditation"":""https://m.clear30.org/feedback.mp3""}","[{""body"":""Feedback from others can serve as a mirror, reflecting aspects of our behavior that we might not be aware of. When we seek feedback about our cannabis use and our lives more generally, we open ourselves up to a broader perspective so we can reveal something new about us."",""title"":""💡 The Importance of Feedback""},{""body"":""The key to receiving meaningful feedback is asking a diverse group of people you trust the the right questions. Here's a three-step guide to gather different perspectives:\nThe Nodding Heads: These are people you believe will think your cannabis use is not an issue.\nThe Concerned Voices: These are individuals who, you suspect, might believe you're using too much.\nThe Wildcards: These are the people who know you, but you have no idea what they think about your cannabis use. Their feedback can often offer the most surprising insights, precisely because they're less predictable."",""title"":""💬 Ask and You Shall Receive""},{""body"":""How has two parts. First is the communication method. If you feel really uncomfortable, you can text someone or make a phone call. This adds some distance it make it more comfortable. In-person is great too so you can really see peoples reactions and spend time with the interaction. Either way, both can work - the key is to do it. How to pose your question is just as crucial as who you ask. Regardless of the communication method, first, make sure to tell people you are looking for honest feedback about your use, and you are aware it may be difficult for them, but you are asking so you can grow. Then, a simple, straightforward question often does the trick. For example, 'Do you think weed makes me better, worse, or both, and why?' This question invites honest, open-ended responses without leading the person to a particular answer."",""title"":""🔍 How to Ask?""},{""body"":""Once you have collected feedback, the next step is to process it:\n🔍 Identify Common Themes: Do certain observations recur? These could indicate key areas to focus on.\nConsider Different Perspectives: Remember, each person brings their own bias to their feedback. Take all opinions into account but trust your judgment on what truly applies to you.\n🚩 Use Feedback as a Guide, Not Gospel: Ultimately, you decide what feedback to accept and act on. It's a tool to help you gain insight, not a definitive judgment of your behavior.\n🌱 Grow and Learn: Use the feedback to build a better you and grow both on your own and with the people who help you. You will be surprised at how many people open up about themselves during this process."",""title"":""⚖️ Weighing the Feedback""},{""body"":""Be courageous. Ask at least one person (hopefully more) today about whether they think cannabis is helping, hurting, or making no difference in your life."",""title"":""🔑 Key Takeaway Action""}]",reflection,
88,23,"Informed Choices on Cannabis 🍃
","Focus on what works for you
","At Clear30, we're not here to vilify weed. 

We acknowledge the wrongs of the ""war on drugs,"" especially its impact on marginalized communities. Nobody should face jail for weed or any drug use that doesn’t infringe on others’ rights. 
That’s why we donate 5% of our profits to The Last Prisoner Project. 

But remember, weed is now big business. 💰 From ""cannabis cures all"" claims to marketing gimmicks, it’s important to be an informed consumer. Don’t let ""reefer madness"" scare tactics or overblown promises cloud your judgment. 

Clear30 is about YOU doing YOU—no shame, no judgment, no agenda. 🎯",clear30,LO-Age,26-30,,,,,,reflection,
89,23,"Informed Choices on Weed 🤔
","No shame, just awareness
","At Clear30, we’re not here to vilify weed. We recognize the wrongs done in the name of the ""war on drugs,"" especially to marginalized communities. Nobody should face jail for weed or any drug use that doesn’t infringe on the rights of others. That’s why we donate 5% of profits to The Last Prisoner Project. But remember, weed is now big business. 💰 With a flood of ""cannabis cures all"" messages, it’s crucial to be an informed consumer. Be aware of the financial incentives driving the weed industry. Don’t let “reefer madness” scare tactics or ""cure-all"" promises sway you. In Clear30, the focus is on YOU doing YOU. 🎯 No shame, no judgment, no agenda.",clear30,Lo-Age,21-25,,,,,,reflection,
90,23,"Informed Choices on Cannabis 🍃
","Awareness over judgment
","At Clear30, we're not here to vilify weed. 

We acknowledge the harm caused by the ""war on drugs,"" especially to marginalized communities. Nobody should face jail for weed or any drug use that doesn’t infringe on others’ rights. 
That’s why we donate 5% of our profits to The Last Prisoner Project. 

However, weed is now big business. 💰 With a flood of ""cannabis cures all"" messages, it’s important to be an informed consumer. Understand the financial incentives driving the industry, and don’t let ""reefer madness"" scare tactics or overblown promises sway you. 

At Clear30, the focus is on YOU doing YOU—no shame, no judgment, no agenda. 🎯",clear30,Lo-Age,18-20,,,,,,reflection,
91,24,Day 24 🚀,THC and Motivation,"_CLIENTNAME_, how does weed impact your motivation? 

Does it make you...
🚀 Productive
🦥 A couch potato
🤔 Or somewhere in the middle depending on what you are doing? 

Understanding this will better inform weeds' role in your life🍃

You may have been less motivated during the first few weeks of your Clear30 because, without weed, you have less dopamine in your system. 

It should improve, especially if you exercise and build your natural dopamine. Either way, the relationship between weed and motivation differs for different people and you should really understand how it affects you.",clear30,,,"{""Stopping for 3 months"":""https://www.reddit.com/r/leaves/comments/19dy9f/stopped_smoking_weed_for_3_months_nowlost/"",""Cannabis and Motivation 1"":""https://link.springer.com/article/10.1007/s40473-023-00268-1/"",""Cannabis and Motivation 2"":""https://www.ncbi.nlm.nih.gov/pmc/articles/PMC6062456/"",""Cannabis and Motivation 3"":""https://pubmed.ncbi.nlm.nih.gov/26842658//"",""Low motivation during break"":""https://www.reddit.com/r/leaves/comments/1ggdoy/22_days_big_void_lack_of_motivation_apathy/"",""How marijuana saps motivation"":""https://www.reddit.com/r/OhioMarijuana/comments/pxizfo/marijuana_can_unquestionably_destroy_motivation/""}","{""🧠 Dopamine Detox"":""Help me identify ways to be motivated on a weed break without weed."",""🔄 Unraveling Motivation"":""Let's explore how weed affects my motivation. Ask me about the good and bad in how it affects me when I am using?""}","[""How does weed influence your motivation?""]","{""Weed and Motivation Meditation"":""https://m.clear30.org/motivation.mp3""}","[{""body"":""Cannabis can raise dopamine and other neurotransmitter levels, leading to feelings of increased motivation and reduced boredom sensitivity in some people. This spike can also make some content with just hanging out, leading to lower drive with other things but they are invested in what they are doing in the moment. 😌"",""title"":""🔄 Short Term Dopamine Increase""},{""body"":""Regular and heavy cannabis use might lower dopamine and other neurotransmitter levels over time. This drop could lead to feelings of indifference, lowering overall motivation in some, both when you are using and not using."",""title"":""😕 Long Term Dopamine Decrease""},{""body"":""Research also shows a link between heavy and long-term cannabis use and changes in the prefrontal cortex, a part of the brain involved in decision-making and motivation. These changes could affect your ability to make decisions, adding another layer to how cannabis affects motivation, especially around complex decisions and long-term goal directed behavior."",""title"":""🌿 Cannabis and the Prefrontal Cortex""},{""body"":""Despite what the brain studies and studies of long-term users show about decreased motivation, reveiews suggest that cannabis users don't feel less motivated than non-users both during use and if they are not long-term users. Like almost anything we do, it highlights the need for personal exploration and awareness in understanding how cannabis might affect your motivation. This is why you are doing Clear30!"",""title"":""🎭 Studies are Conflicting, so Awareness is Key""},{""body"":""How cannabis affects motivation can change a lot depending on factors like:\nHow often you use and the potency (yes, it keeps coming up) 📅\nHow long you have been using\nOther substance use (more is worse)💊\nExisting physical and mental health conditions💭😓\nIn short, the relationship between cannabis and motivation is complex and can depend on many factors. That is why it is up to you and your loved ones to figure out.\n🚨 If you are feeling stuck or having trouble making important decisions in your life, definitely consider the role of weed. If you are not, phew! Either way, keep an eye on it because it can be subtle."",""title"":""🎲 Different Factors: The Role They Play""},{""body"":""Take a step back and see how weed is affecting your motivation and drive towards becoming the person you want to be."",""title"":""🔑 Key Takeaway Action""}]",reflection,
92,24,"What Makes You Content? 🌟
","Redefining contentment for yourself
","What makes you content? You were raised on social media, where contentment is often equated with getting likes. While we know this isn’t true, many of us still struggle with what contentment really means. Authentic joy and contentment often feel far off, but in reality, they’re much closer than we think. Contentment is a state of being, not a result of circumstances or a substance, even if it feels that way sometimes. Even in challenging situations, we can find meaning and a sense of peace. We highly recommend the movie Life Is Beautiful or the book The Art of Happiness. Both remind us that contentment, while requiring effort and reminders, is always within our control—even in tough times.",clear30,LO-Age,18-20,,,,,,reflection,
93,24,"Rediscover Life Without Weed 🌟
",A fresh perspective on relief,"When many of us turn to weed, it’s often out of a genuine need for relief—whether it’s escaping monotony, sparking creativity, or seeing the world differently. 

But over time, the magic may diminish. Like with most substances, while weed provides temporary relief, challenges like boredom often remain, just in a new form. 

True clarity comes not just from understanding cannabis’s effects but from discovering how you relate to the world without it. 

Clear30 offers a fresh chance to see the world anew. Can you perceive boredom in a new light? Can you uncover the hidden charm in life’s quieter moments?",clear30,Trigger,Reduce boredom,,,,,,reflection,
94,24,"What Makes You Content? 🌟
",Embracing contentment at every stage,"_CLIENTNAME_,

In our 50s and 60s, we often reflect on what truly brings us contentment. At this stage of life, the meaning of contentment may shift, but the struggle to define it can still linger. We often believe authentic joy and contentment are far off, but they’re much closer than we think. Contentment is a state of being, not a result of circumstances. Even in challenging times, we can discover meaning and a profound sense of peace.",clear30,LO-Age,51-64,,,,,,reflection,
95,24,"What Makes You Content? 🌟
","Finding joy within yourself
","What makes you content? 

You were raised on social media, where contentment is often equated with getting likes. 

While we know this isn’t true, we still struggle with what contentment really means for us. 

Authentic joy and contentment often feel far off when, in reality, they’re much closer than we think. 

Contentment is a state of being, not a result of circumstances. Even in dire situations, we can discover meaning and a sense of contentment. We highly recommend watching the movie Life Is Beautiful or reading The Art of Happiness. 

Both suggest that contentment is a state of mind that requires reminders but is always within our control.",clear30,LO-Age,21-25,,,,,,reflection,
96,24,"What Makes You Content? 🌟
","Reflecting on true contentment
","_CLIENTNAME_,

As humans, especially in our 40s, we often struggle with understanding what contentment truly means for us. We tend to believe authentic joy and contentment are far off, but in reality, they’re much closer than we think. 

Contentment is a state of being, not a result of circumstances. Even in challenging situations, we can discover meaning and a sense of peace.",clear30,LO-Age,41-50,,,,,,reflection,
97,24,"What Makes You Content? 🌟
","Redefining contentment beyond likes
","What makes you content? Growing up with social media, contentment is often equated with getting likes. While we know this isn’t true, many of us still struggle with understanding what contentment really means. We often believe authentic joy and contentment are far off, but in reality, they’re much closer than we think. Contentment is a state of being, not a result of circumstances. Even in dire situations, we can discover meaning and a sense of peace.",clear30,LO-Age,26-30,,,,,,reflection,
98,24,"What Makes You Content? 🌟
","Finding contentment within
","What makes you content? As humans, especially in our 30s, we often struggle with understanding what contentment truly means for us. We often believe authentic joy and contentment are far off, but in reality, they’re much closer than we think. Contentment is a state of being, not a result of circumstances. Even in challenging situations, we can discover meaning and a sense of peace.",clear30,LO-Age,31-40,,,,,,reflection,
99,25,"Creativity Takes Action 🎨
","Fantasy needs follow-through
","Creativity is about action. 

Fantasy plays a role, but only when it’s paired with creative action. What can you produce today? What can you create without judgment or fear? 

If weed is your creative trigger, try replacing it with a 15-minute meditation instead. Research shows meditation improves both convergent and divergent creativity. 

Weed, on the other hand, mainly boosts divergent thinking—and the long-term results are mixed.",clear30,Trigger,Enhance creativity,,,,,,reflection,
100,25,Day 25 🫥,Invisible Change,"Change is often quiet 🤫 


When we do something significant like a clear 30 we expect big changes right away. 🐛 ➡️🦋


Sometimes we won't see these changes in our life because we're looking in the wrong places. Some changes may not develop just over a few weeks such as...
💪Physique
👩‍💼Career advancement
💚Relationships 


While others may have taken effect but fly under the radar...
🫡Ability to embrace discomfort 
😤Persistence
🧠Mental clarity 
👨‍💼Personal agency 


In the past month, you've made more changes than you may be able to notice.",clear30,,,"{""Accepting slow progress"":""https://www.reddit.com/r/getdisciplined/comments/c46waw/advice_3_ways_to_be_more_accepting_of_slow/"",""Slow progress is better than no progress"":""https://www.reddit.com/r/selfimprovement/comments/mtwksm/slow_progress_is_better_than_no_progress/"",""Supplements Proven to Help You Overcome Addiction and Withdrawal"":""https://www.reddit.com/r/selfimprovement/comments/rgztkm/why_is_it_that_since_ive_started_trying_to/""}","{""🔍 Spot the Subtle Shifts"":""Help me reflect on the subtle yet significant shifts in my behavior, mindset, or daily life since starting Clear30."",""🔄 Reframe Your Perspective"":""How to I create small habits that lead to lasting change without getting impatient?""}","[""What changes have you noticed, big or small, since starting Clear30?""]","{""Process of Change Meditation"":""https://m.clear30.org/slowchange.mp3""}","[{""body"":""🙂 Change is about the journey. One way to start is to appreciate small changes like becoming more proactive, clear minded, gaining a deeper understanding of your feelings and motivations, or learning to adapt to discomfort without a substance. It is also possible that there can be negative small changes that you are beginning to notice like realizing things about yourself that you do not like. That's okay. It is growth.\n📈 These small changes, both positive and negative, lay the foundation for growth and change.\nProgress doesn't always look like dramatic leaps forward; sometimes, it's the gradual, subtle shifts that make the most significant impact in the long run.\n👉 Appreciate Your Journey: The Clear30 journey isn't just about the end goal; it's about appreciating the process of change and embracing a growth mindset and the little things that begin to creep in along the way! ✅"",""title"":""Appreciate the Journey""},{""body"":""Write down (or respond to the message), any little changes for the better you have noticed while doing Clear30."",""title"":""🔑 Key Takeaway Action""}]",reflection,
101,25,"Growth Through Struggles 🎯
","Positive actions create change
","When we face negative thoughts, it's hard to shake them from our minds. 

There's strong evidence that focusing on ""acting as if"" and engaging in positive actions can begin to shift these negative thoughts. 

Growth happens when we challenge ourselves and push through difficult times. It might feel tough, perhaps even unbearable, but on the other side of that struggle lie our goals and dreams. 

If there's one thing to center on, let it be this: Persist through the hard times with positive actions, even when your mind might not be on board. Stay strong and keep pushing 🌈🏁",clear30,Trigger,Escape from negative thoughts / emotions,,,,,,reflection,
102,26,Day 26 🧭,Exploration and Curiosity,"Albert Einstein said his greatest strength is his curiosity, not his intellect. 🤔


Curiosity is about openness and exploration 🌎. Be curious 🧐. Be an explorer 🔍. It can solve the boredom urge while making you way more interesting 😎. Check out our curiosity meditation to get you in the mood to embrace this day with an explorer's spirit!",clear30,,,"{""How to be a more curious person, who is always seeking to learn more?"":""https://www.reddit.com/r/getdisciplined/comments/t13hfn/need_advice_how_to_be_a_more_curious_person_who/"",""IWTL How to train myself to want mental stimulation as I’m not a very curious person?"":""https://www.reddit.com/r/IWantToLearn/comments/yc8jgj/iwtl_how_to_train_myself_to_want_mental/""}","{""🌍 Become an Explorer"":""What practical steps or activities can help me adopt an explorer's mindset and see the world with fresh eyes?"",""🔥 Ignite Your Curiosity"":""Suggest ways to cultivate curiosity and explore new interests during my break and after.""}","[""What are you curious about?""]","{""Curiosity Meditation"":""https://clear30.io/46I0Rvz""}",,reflection,
103,26,"Weed and Your Memory 🧠
","Short- and long-term effects
","Weed can impact your memory in different ways, both in the short and long term. 

While you are high, you might find it hard to remember things and focus on what you're doing, especially if you use a lot, and if you already have some cognitive decline. 

Over the long term, your brain might have trouble making new memories, which can make learning and thinking harder than just normal aging. When you take a break, your brain can get better and go back to working like it used to. 

This is one of the main reasons we named the program Clear30. We hope you are gaining some insight into the effects on your memory.",clear30,LO-Age,65,,,,,,reflection,
104,26,"Weed and Your Memory 🧠
","Understanding short- and long-term effects
","Weed can impact your memory in different ways, both in the short and long term. 

Unlike other things that weed impacts both positively and negatively, like sleep, the effects on memory are only negative. 

While you are high, you might find it hard to remember things and focus on what you're doing, especially if you use a lot, and if you already have some cognitive decline. 

Over the long term, your brain might have trouble making new memories, which can make learning and thinking harder than just normal aging. 

When you take a break, your brain can get better and go back to working like it used to. This is one of the main reasons we named the program Clear30. We hope you are gaining some insight into the effects on your memory.",clear30,LO-Age,51-64,,,,,,reflection,
105,27,Day 27 ⚖️,Fading Affect Bias,"Let’s revisit something from the first week ⬇️⬇️

🙅‍♀️ “I’ll never smoke on a weekday again!”
⬇️
🍃💨💆‍♀️💨🍃 *gets high the next Tuesday*


When one day you are convicted and motivated and the next you forget about all of your goals, you are falling victim to the “fading affect bias” which is where we forget about the negatives associated with certain behaviors over time. 🦍 ➡️👨‍💼

The Fading Affect Bias (FAB) is built into our evolution. We've used it to move forward without getting bogged down by past mistakes. 🌟To avoid falling victim to FAB post-Clear 30, revisit your original decision-making regarding why you started your Clear30 along with your “why” list.",clear30,,,"{""Dr. Fred's Presentation"":""https://www.youtube.com/watch?v=QVUrMXJ3wZ8"",""The power of long term thinking and how to get it"":""https://www.reddit.com/r/getdisciplined/comments/d2qkbf/advice_your_lack_of_consistency_comes_from_your/"",""100 Days Without Marijuana. Here is What I Learned"":""https://www.youtube.com/watch?v=nXnr1eWP_uQ""}","{""💡 Keep Your 'Why' Alive"":""What strategies can keep my 'why' fresh and focused on long-term goals?"",""🔗 Reaffirm Your Commitments"":""Help me review my reasons for starting Clear30 and reinforce my commitment.""}","[""Have you seen your motivation fade in any way since starting your Clear30?""]","{""Fading Affect Bias Meditation"":""https://m.clear30.org/fadingaffect.mp3 ""}","[{""body"":""💭 The Fading Affect Bias (FAB) is a process where the emotions associated with unpleasant memories fade faster than those linked to positive events. This can cause people to trick themselves into forgetting why they want to make changes or avoid the negative consequences in the future.\n🤔 FAB is one of those things that is important to our evolutionary survival. If we remembered all the negative things about childbirth, for example, people might not have kids. But like many of our evolutionary biases, such as the drive to sugar and fat, they can cause trouble.\n🤔 What's interesting is that it's not that you think cannabis will make you feel better than it actually does. You just forget the bad parts of your experience."",""title"":""What is FAB?""},{""body"":""🧠 Understand FAB: Knowledge is power. Understanding that FAB is real can help you recognize when it's affecting your perception and decision-making.\n🔍 Write or better yet, record yourself when you have negative consequences from anything, including weed, and listen to it later. That is the real you.\nBelow is a presentation from our founder, Fred Muench, talking about this process and the importance of recording yourself to stay honest with the real you and maintain motivation.\n🔹 FAB bias doesn't affect everyone. It is usually on overdrive in people who have trouble controlling behaviors that have a short-term reward, but we want to change. If you feel like this is you, definitely be aware of this mind trick that can keep you stuck in your patterns.🔹\nRemember, the fading affect bias might not affect everyone, but many of us experience its effects. Understanding it can lead us to a path of self-awareness and intentional living.🌟"",""title"":""So how do you avoid the FAB trap?""},{""body"":""Stay connected to the moments when you the consequences are real. Write or better yet, record yourself, when you have negative consequences from anything, including weed, and listen to it later."",""title"":""🔑 Key Takeaway Action""}]",reflection,
106,28,"Potency & Cannabis 🍃
","High THC, higher risks
","30 years ago, the average THC concentration in cannabis was just 3-4%. Now, it’s 4-15x more potent, with some edibles containing up to 80% THC. 🤯

Research 📚 is beginning to uncover the risks associated with high-potency THC, including a greater likelihood of psychosis, cognitive impairment, and addiction. If you’re planning to use after your break, consider lowering the potency of your cannabis—around 5mg or less. Small changes like this can have a big impact on your health and well-being. 🌱💪

For more on the risks of high-potency weed, check out this article from one of the most liberal pro-weed publications:
https://www.theatlantic.com/ideas/archive/2024/08/high-potency-marijuana-regulation/679639/

Stay informed about concentrations and potency after Clear30. 🌈🎯",clear30,Then-What,I don’t know right now,,,,,,moving_forward,
107,28,"Potency & Cannabis: The Shift 📈
","High THC levels carry risks
","The game has changed! 30 years ago, the average THC concentration in cannabis was 3-4%. Now, it's 4-15x more potent! Even gummies can contain up to 80% THC. 🤯

Research 📚 is starting to uncover the impact of high-potency THC. Risks include a greater chance of experiencing psychosis, cognitive impairment, and addiction. So, if you're planning to use after your break, consider lowering the potency of your cannabis to about 5mg or less. It might make a big difference in your health and well-being. 🌱💪

Check out this article from one of the most liberal pro-weed publications on the problem with high-potency weed:
https://www.theatlantic.com/ideas/archive/2024/08/high-potency-marijuana-regulation/679639/

Stay informed over time about concentrations and potency, especially after Clear30. 🌈🎯",clear30,Then-What,I want to use the same,,,,,,moving_forward,
108,28,Day 28 🎁,Reward Yourself,"It's okay to pat yourself on the back, _CLIENTNAME_. How do you reward yourself for your work even though it is not over? Not with a trophy 🏆 (even though you deserve it) or a banner on an app, but something you cherish. You stuck with these messages day after day, and whether you coasted through your Clear30 or stumbled through it, you put in effort towards bettering yourself. 🎁🎁Give yourself something that gives you both joy and health today. Reward your effort.",clear30,,,"{""Six steps to self love"":""https://www.reddit.com/r/getdisciplined/comments/2rjg9t/method_six_steps_to_selflove/"",""How do you reward yourself?"":""https://www.reddit.com/r/getdisciplined/comments/2yoc28/question_how_do_you_reward_yourself/"",""Power of Reward brief science video"":""https://www.youtube.com/watch?v=IGjO20EbRKk/"",""Power of Reward brief science video 2"":""https://www.paulaimmo.com/2022/04/04/the-power-of-reward/"",""How to reward yourself without food or shopping"":""https://www.reddit.com/r/DecidingToBeBetter/comments/v9c615/how_to_reward_yourself_without_food_or_shopping/""}","{""✨ Celebrate Your Dedication: Honor Your Effort"":""How can I appreciate and celebrate my dedication to bettering myself during Clear30 today?"",""🎉 Plan Your Joyful Reward: Healthy Celebrations"":""Suggest healthy, joyful ways to reward myself for sticking with Clear30 without old habits.""}","[""How are you celebrating your wins on your Clear30?!""]","{""Rewarding Ourselves Meditation"":""https://m.clear30.org/reward.mp3""}","[{""body"":""As we navigate the journey of transformation in ourlives, it's important to pause and acknowledge the progress we've made. Rewarding ourselves not only affirms the effort we've put in but also reinforces the behavior we're trying to cultivate."",""title"":""Rewarding Ourselves""},{""body"":""Rewards could be something you can touch, like a new electronic toy or book, or something you feel, like pride, or something you do, like a show or massage. Rewards are not about a thing, but recognition that you should appreciate yourself. That you are willing to thank yourself for positive action.\nIf you are actually reading this, it means you put in effort and that should be rewarded. Each step you've taken, each message you've read, and each day you've committed to Clear30 is a testament to your effort. Don't shy away from celebrating your work - you deserve it!"",""title"":""The Importance of Self-Recognition 🏅""},{""body"":""Take some time today reward yourself for making an effort to grow and disrupt your life."",""title"":""🔑 Key Takeaway Action""}]",moving_forward,
109,28,"Potency & Cannabis 📈
","THC strength and its risks
","The game has changed! 

30 years ago, the average THC concentration in cannabis was 3-4%. 
Today, it’s 4-15x more potent, with some gummies containing up to 80% THC. 

Research is uncovering the risks of high-potency THC, including a greater chance of psychosis, cognitive impairment, and addiction. 

If you’re planning to use after your break, consider lowering the potency of your cannabis to about 5mg or less. Coupled with taking breaks, this small change could make a big difference in your health and well-being. 

Stay informed about concentrations and potency as you move forward after Clear30. 🌱",clear30,Then-What,I don’t know right now,,,,,,moving_forward,
110,28,"Potency & Cannabis: The Shift 📈
","High THC levels carry risks
","The game has changed! 30 years ago, the average THC concentration in cannabis was 3-4%. Now, it's 4-15x more potent! Even gummies can contain up to 80% THC. 🤯

Research 📚 is starting to uncover the impact of high-potency THC. Risks include a greater chance of experiencing psychosis, cognitive impairment, and addiction. So, if you're planning to use after your break, consider lowering the potency of your cannabis to about 5mg or less. It might make a big difference in your health and well-being. 🌱💪

Check out this article from one of the most liberal pro-weed publications on the problem with high-potency weed:
https://www.theatlantic.com/ideas/archive/2024/08/high-potency-marijuana-regulation/679639/

Stay informed over time about concentrations and potency, especially after Clear30. 🌈🎯",clear30,Then-What,I want to use less or use differently,,,,,,moving_forward,
111,30,Day 30 🎉,YOU DID IT!,"🎉🥳 You completed your Clear30! Whether you simply glanced at these messages every day or dove in 1000%, you committed to disrupt your daily routines and try something new 🥹👏


We hope you learned something while building a foundation for intentional living in all you do. The Clear30 Team 🫡🤍💚",clear30,,,,"{""🎉 Conversation about the future"":""Can we have a conversation about my future relationship with weed based on what you know about me? Can you help me come up with a plan?""}","[""What's next? What valuable lessons will you take with you?""]","{""Completion Meditation!"":""https://m.clear30.org/finalpage.mp3""}","[{""body"":""Yes, Yes, YES! You should be incredibly proud that you have completed your Clear30. You don't know us, the founders of Clear30, but be assured, we are proud of everyone who makes it to this point. The reasons is that most of us here, including the founder, struggled with controlling weed and other substances.\nYou could have texted stop at any time. You could not be reading this message. But you are, so be proud. On day 32, you will receive a brief survey in the app to help us be better. You will be entered into a drawing for one of four $50 Amazon gift cards.  If you want to do it now, please complete it here 🔗https://clear30.typeform.com/30day.  We really appreciate your feedback!"",""title"":""Congratulations on Completing Your Clear30!""},{""body"":""🌟 The journey of personal growth is a continuous one. So, as you step into the future, take along the lessons you've learned, the resilience you've shown, and the self-appreciation you've cultivated. Here's to your continued journey towards self-improvement and personal growth! 🌟\nWhatever lessons you learned are a stepping stone for your continued growth and well-being no matter your goals.\nWe recommend continuinhg to evaluate your life using a simiular framework as CLear30. Take a step back at least once a year from the things you are doing regularly to give yourself time to reflect, reset and renew. Ask yourself and the world around you how you can be better. Following this path leads to contentment."",""title"":""Charting Your Future Path""},{""body"":""Oxenreider, T. (2014). Notes from a Blue Bike: The Art of Living Intentionally in a Chaotic World. Thomas Nelson.\nClear, J. (2018). Atomic Habits: An Easy & Proven Way to Build Good Habits & Break Bad Ones. Avery.\nDuhigg, C. (2012). The Power of Habit: Why We Do What We Do in Life and Business. Random House.\nFogg, B.J. (2019). Tiny Habits: The Small Changes That Change Everything. Houghton Mifflin Harcourt.\nHeath, C., & Heath, D. (2010). Switch: How to Change Things When Change Is Hard. Broadway Books."",""title"":""Books on living intentionally""},{""body"":""Copeland, J. (2015). Quit Cannabis: An Expert Guide to Coping with Cravings and Withdrawal, Unscrambling Your Brain and Kicking the Habit for Good. CreateSpace Independent Publishing Platform.\nFrank, N. (2020). Microdosing Cannabis: A Comprehensive Step-by-Step Guide to Enjoying Marijuana Responsibly. Rockridge Press.\nMarijuana Anonymous: Quitting Weed: The Complete Guide. Retrieved July 26, 2023 from Lembke, A. (2021). Dopamine Nation: Finding Balance in the Age of Indulgence. Dutton."",""title"":""Some books on quitting or moderating (not much on moderation - maybe we should write one!)""}]",moving_forward,
112,0,🚀 Welcome to Your Weed Free Journey,Building healthy habits and staying accountable.,"This program is here to support you as you commit to a weed-free lifestyle, focusing on building healthy habits and staying accountable. 

🌱 You’ll receive daily tips and strategies to guide you through life’s ups and downs, with a focus on growth beyond just quitting weed. 🧠

If you ever feel the need for a more structured break, you can always start a Clear30. But for now, this program will help you stay consistent and motivated as you move forward every day. 💡

Expect:
🕒 Routines to keep you grounded
💪 Mindset shifts for continuous growth
🌍 Real stories and insights to inspire you

Let’s keep pushing forward, one day at a time. You’ve got this!",life,LO-Use-State,I want to stop entirely,"{""21 Tiny Habits to Improve Your Life"":""https://www.youtube.com/watch?v=ZXTy_dKwMa0&feature=youtu.be"",""📜 A short guide to a better life."":""https://www.reddit.com/r/selfimprovement/comments/oenml0/a_short_guide_to_a_better_life/""}","{""🔑 Start Your Path to Progress"":""Hey Claire, I want to make some changes and improve, but I’m not sure where to start. Can you help me figure out what might be holding me back and what small habit I could work on first?""}","[""What is one small habit or action you could start today that would have a big positive impact on your life over time?""]",,"[{""body"":""Imagine this: You’re standing at the edge of a life you know you could be living—the healthier, more focused, more fulfilled version of yourself. But something’s holding you back. Maybe it’s your daily routine, your comfort zone, or even just the idea that it’s too late to start. Sound familiar?.\nHere’s the truth: most people fall short not because they lack potential, but because they get stuck in the rhythm of their everyday lives. Habits and distractions keep us playing small, when deep down, we all want more."",""title"":""Unlock Your Potential: Why Getting Better Matters""},{""body"":""It’s natural to struggle with this stuff. It’s what makes us human. The odds are often not in our favor. The gap between knowing what you need to do and actually taking action is part of the human experience.\n💡 Why?\nBecause evolution programs us to conserve energy, and today’s world takes advantage of that. Companies have leveraged our biological wants—sex, comfort, calories—to capture our attention and money, using our instincts against us.\nBut here’s where you come in: it takes consistent focus and intention to swim against the tide of these forces. And that’s exactly what this program is here to help you with"",""title"":""The Struggle is Real—and Human""},{""body"":""There are a few common traps that people fall into when they try to improve:\n🛋️ Comfort zones: Our routines feel safe, but they often prevent us from growing.\n⏳ Short-term thinking: People get caught up in immediate gratification and miss out on long-term progress.\n🏆 Perfectionism: Many quit because they think the journey is about perfection, not improvement.\n😨 Fear of failure: The idea of trying and not succeeding can be paralyzing.\n⚠️ But you don’t have to fall into these traps! This program will give you the tools and insights you need to make small, meaningful progress every day."",""title"":""Why Do So Many Fail?""},{""body"":""We’ve gathered wisdom from all over—from philosophers thousands of years ago to Reddit users in 2024 sharing their real-life experiences on what works for them.\nOur goal is simple:\nWe want to give you timeless, practical tools that can make a real difference in your life.\nHere’s what to expect:\n🕒 Routines that work: How to structure your day for success without feeling overwhelmed.\n💡 Mindset shifts: From ancient philosophies to modern psychological insights.\n🌍 Real stories from real people: What works in the real world, from people just like you.\n🗝️ You don’t need to be the best. You just need to start—and commit to improving little by little."",""title"":""What You’ll Get from This Program""},{""body"":""If you ever want to take a structured 30-day break from weed, you can start a Clear30. Otherwise, this program (either weed-free or moderation mode) will help you with your goals, and the messages will be more geared around you and less about getting through a weed break."",""title"":""How to Use This Program""}]",foundations,
113,0,🚀 Welcome to The Life Program,Building healthy habits,"This program is here to help you moderate your weed use while focusing on staying accountable and building healthy habits. 🌱 

You’ll receive daily tips and strategies to guide you through life’s ups and downs, with a focus on overall growth—not just weed. 🧠

If you ever want a structured break, you can always start a Clear30. But for now, this program will keep you motivated and moving forward every day. 💡

Expect:
🕒 Routines to keep you grounded
💪 Mindset shifts for continuous growth
🌍 Real stories and insights to inspire you

Let’s keep moving forward, one day at a time. You’ve got this",life,LO-Use-State,I want to moderate my use,"{""21 Tiny Habits to Improve Your Life"":""https://www.youtube.com/watch?v=ZXTy_dKwMa0&feature=youtu.be"",""📜 A short guide to a better life."":""https://www.reddit.com/r/selfimprovement/comments/oenml0/a_short_guide_to_a_better_life/""}","{""🔑 Start Your Path to Progress"":""Hey Claire, I want to make some changes and improve, but I’m not sure where to start. Can you help me figure out what might be holding me back and what small habit I could work on first?""}","[""What is one small habit or action you could start today that would have a big positive impact on your life over time?""]",,"[{""body"":""Imagine this: You’re standing at the edge of a life you know you could be living—the healthier, more focused, more fulfilled version of yourself. But something’s holding you back. Maybe it’s your daily routine, your comfort zone, or even just the idea that it’s too late to start. Sound familiar?.\nHere’s the truth: most people fall short not because they lack potential, but because they get stuck in the rhythm of their everyday lives. Habits and distractions keep us playing small, when deep down, we all want more."",""title"":""Unlock Your Potential: Why Getting Better Matters""},{""body"":""It’s natural to struggle with this stuff. It’s what makes us human. The odds are often not in our favor. The gap between knowing what you need to do and actually taking action is part of the human experience.\n💡 Why?\nBecause evolution programs us to conserve energy, and today’s world takes advantage of that. Companies have leveraged our biological wants—sex, comfort, calories—to capture our attention and money, using our instincts against us.\nBut here’s where you come in: it takes consistent focus and intention to swim against the tide of these forces. And that’s exactly what this program is here to help you with"",""title"":""The Struggle is Real—and Human""},{""body"":""There are a few common traps that people fall into when they try to improve:\n🛋️ Comfort zones: Our routines feel safe, but they often prevent us from growing.\n⏳ Short-term thinking: People get caught up in immediate gratification and miss out on long-term progress.\n🏆 Perfectionism: Many quit because they think the journey is about perfection, not improvement.\n😨 Fear of failure: The idea of trying and not succeeding can be paralyzing.\n⚠️ But you don’t have to fall into these traps! This program will give you the tools and insights you need to make small, meaningful progress every day."",""title"":""Why Do So Many Fail?""},{""body"":""We’ve gathered wisdom from all over—from philosophers thousands of years ago to Reddit users in 2024 sharing their real-life experiences on what works for them.\nOur goal is simple:\nWe want to give you timeless, practical tools that can make a real difference in your life.\nHere’s what to expect:\n🕒 Routines that work: How to structure your day for success without feeling overwhelmed.\n💡 Mindset shifts: From ancient philosophies to modern psychological insights.\n🌍 Real stories from real people: What works in the real world, from people just like you.\n🗝️ You don’t need to be the best. You just need to start—and commit to improving little by little."",""title"":""What You’ll Get from This Program""},{""body"":""If you ever want to take a structured 30-day break from weed, you can start a Clear30. Otherwise, this program (either weed-free or moderation mode) will help you with your goals, and the messages will be more geared around you and less about getting through a weed break."",""title"":""How to Use This Program""}]",foundations,
114,1,Setting Goals 🌱,Using The GROW Model,"**Hi _CLIENTNAME_! 🌟**

**Big Goals, Clear Path:** Ready to set a goal you can actually achieve? Today, we’ll use the GROW model (Goal, Reality, Options, Will) to create a meaningful goal for your long term program.

**Here’s how:**

1. **Goal:** Define your goal clearly.
   - **Example:** ""I will limit my cannabis use to weekends only.""

2. **Reality:** Assess your current situation.
   - **Example:** ""I currently use cannabis daily.""

3. **Options:** Explore different strategies to achieve your goal.
   - **Example:** ""I can replace weekday use with other activities like exercise or hobbies.""

4. **Will:** Commit to your goal and make a plan.
   - **Example:** ""I will track my usage in a journal and review my progress weekly.""

⭐️ By following the GROW model, you can set clear and achievable goals that support your journey. Having a concrete plan makes it easier to stay on track and see real progress.",life,,,"{""🎓How to use the GROW Model Coaching Demonstration"":""https://www.youtube.com/watch?v=7JM1gXkzrnk"",""🎯How to Use The GROW Coaching Model to Achieve Your Goals"":""https://www.youtube.com/watch?v=D7U0p-JIqcw"",""🎯 What's a goal setting system you have used that actually works?"":""https://www.reddit.com/r/productivity/comments/10044jo/whats_a_goal_setting_system_you_have_used_that/""}","{""📅 Commitment Plan"":""How can I create a concrete plan to commit to my goal and track progress effectively?"",""💡 Exploring Options"":""Can you suggest strategies to replace my weekday cannabis use with healthier activities?"",""🔍 Assessing Reality"":""What steps can I take to honestly assess my current cannabis use?"",""🌱 Goal Setting with GROW"":""How can I clearly define my cannabis moderation goal using the GROW model?""}","[""What's one habit you want to change, and why?""]",,,foundations,
115,2,Identifying Your Leverage Points 🌟,"Small Changes, Big Impact","**Hi _CLIENTNAME_! 🌟**

Small Changes, Big Impact: Did you know that people who make their bed every morning are 19% more likely to get a good night’s sleep?

Today, let’s find small leverage points in your life where changes can lead to big improvements in motivation and well-being.

**Consider these examples:**

🌅 **Morning Routine:** A glass of water and a 5-minute stretch can boost your energy.
📱 **Social Connections:** An encouraging text to a friend can strengthen your bond.
🧹 **Physical Environment:** Tidying up your workspace for 10 minutes can reduce stress and increase productivity.

By making these small changes, you can boost your motivation and stay committed to your cannabis goals. Remember, the little things often make the biggest difference.",life,,,"{""🚀Personal Leverage: How to Truly 10x Your Productivity"":""https://www.youtube.com/watch?time_continue=357&v=9hdDNBB75fQ"",""✨ What improved your life so much, you wished you did sooner?"":""https://www.reddit.com/r/AskReddit/comments/vhki66/what_improved_your_life_so_much_you_wished_you/"",""🎯How to Set Goals: 80/20 Rule for Goal Setting | Brian Tracy"":""https://www.youtube.com/watch?v=cdiApKj3QPg""}","{""🧹 Tidy Workspace"":""How can organizing my workspace help reduce stress and improve productivity?"",""🌅 Morning Routine"":""How can I enhance my morning routine to boost my energy and well-being?"",""🔍 Leverage Points"":""What small changes can I make to create significant improvements in my daily life and cannabis goals?"",""📱 Social Connections"":""What small actions can I take to strengthen my social bonds and motivation?""}","[""What's one tiny change you could make that might have a big impact?""]",,,foundations,
116,3,Environment Over Willpower 🌟,Your Surroundings Influence You,"**Hi _CLIENTNAME_! 🌟**

**Environment Over Willpower:** Ever feel like you lack willpower? The truth is, environment often matters more. Studies show that changing your surroundings can significantly influence your behavior, sometimes more than motivation itself.

**Here’s how:**

1. **Automate Good Decisions 🥗:** Design your environment to make good habits easier.
   - **Example:** Place healthy snacks at eye level and keep junk food out of sight.

2. **Reduce Friction 🛑:** Make bad habits harder to perform.
   - **Example:** Unplug your TV after each use to reduce mindless watching.

3. **Create Visual Cues 👟:** Prime your environment for success.
   - **Example:** Lay out your workout clothes the night before to encourage morning exercise.

By adjusting your surroundings, you can make it easier to stick to good habits and harder to fall into bad ones. Your environment can be a powerful ally in your journey to achieve your cannabis goals. 🚀",life,,,"{""🎉 My #1 Productivity Hack: Celebrate Small Wins!"":""https://www.reddit.com/r/productivity/comments/1am420n/my_1_productivity_hack_celebrate_small_wins/""}","{""🔄 Automate Good Habits"":""Can you help me identify ways to automate good decisions in my daily routine?"",""👀 Visual Cues for Success"":""What are some effective visual cues I can use to encourage positive habits?"",""🛑 Reduce Bad Habit Friction"":""How can I make it harder to engage in unwanted habits by adjusting my environment?"",""🏡 Environment Over Willpower"":""How can I change my surroundings to better support my cannabis moderation goals?""}","[""How does your environment currently support or hinder your goals?""]",,,foundations,
117,4,Create a Stimulating Environment 🏃‍♂️,The Rat Park,"**Hi _CLIENTNAME_! 🌟**

Building on the idea that environment is key, let’s look at how a stimulating environment can impact your habits, inspired by the Rat Park Experiment.

**The Rat Park Experiment:** In the 1970s, psychologist Bruce Alexander created a stimulating environment for rats with toys, tunnels, and social interactions. Rats in this enriched environment chose plain water over drug-laced water, demonstrating the power of a positive environment on the brain's reward system.

**Here’s how:**

1. **Enhance Your Space 🌟:** Create a stimulating environment that supports healthy habits.
   - **Example:** Add elements to your space that encourage activity and relaxation, like workout equipment or a cozy reading nook.

2. **Social Engagement 🤝:** Surround yourself with supportive people.
   - **Example:** Join a fitness group or spend time with friends who support your weed-free goals.

By enhancing your environment, you can create a space that naturally supports your commitment to fitness and well-being.",life,LO-Use-State,I want to stop entirely,"{""🤔 What Causes Addiction"":""https://www.youtube.com/watch?v=sbQFNe3pkss"",""🐀 TIL about the Rat Park experiment by Canadian psychologist Bruce K. Alexander"":""https://www.reddit.com/r/todayilearned/comments/l4ojum/til_about_the_rat_park_experiment_by_canadian/""}","{""🤝 Social Engagement"":""How can I involve supportive people in my journey towards better habits?"",""🌟 Enhance Your Space"":""What are some elements I can add to my environment to encourage activity and relaxation?"",""🔄 Inspired by Rat Park"":""What lessons from the Rat Park Experiment can I apply to my own life to create a positive environment?"",""🏃‍♂️ Stimulating Environment"":""How can I enhance my space to better support healthy habits?""}","[""How does your current environment impact your daily habits?""]",,,foundations,
118,4,Create a Stimulating Environment 🏃‍♂️,The Rat Park,"**Hi _CLIENTNAME_! 🌟**

Building on the idea that environment is key, let’s look at how a stimulating environment can impact your habits, inspired by the Rat Park Experiment.

**The Rat Park Experiment:** In the 1970s, psychologist Bruce Alexander created a stimulating environment for rats with toys, tunnels, and social interactions. Rats in this enriched environment chose plain water over drug-laced water, demonstrating the power of a positive environment on the brain's reward system.

**Here’s how:**

1. **Enhance Your Space 🌟:** Create a stimulating environment that supports healthy habits.
   - **Example:** Add elements to your space that encourage activity and relaxation, like workout equipment or a cozy reading nook.

2. **Social Engagement 🤝:** Surround yourself with supportive people.
   - **Example:** Join a fitness group or spend time with friends who support your weed-free goals.

By enhancing your environment, you can create a space that naturally supports your commitment to fitness and well-being.",life,LO-Use-State,I want to moderate my use,"{""🤔 What Causes Addiction"":""https://www.youtube.com/watch?v=sbQFNe3pkss"",""🐀 TIL about the Rat Park experiment by Canadian psychologist Bruce K. Alexander"":""https://www.reddit.com/r/todayilearned/comments/l4ojum/til_about_the_rat_park_experiment_by_canadian/""}","{""🤝 Social Engagement"":""How can I involve supportive people in my journey towards better habits?"",""🌟 Enhance Your Space"":""What are some elements I can add to my environment to encourage activity and relaxation?"",""🔄 Inspired by Rat Park"":""What lessons from the Rat Park Experiment can I apply to my own life to create a positive environment?"",""🏃‍♂️ Stimulating Environment"":""How can I enhance my space to better support healthy habits?""}","[""How does your current environment impact your daily habits?""]",,,foundations,
119,5,No Zero Days,The Power of One Percent 🌟,"**Hi _CLIENTNAME_! 🌟**

Welcome to Clear30! Today, we’re exploring “No Zero Days” and the power of one percent improvements. These small, consistent steps lead to significant growth over time.

**The Power of One Percent:**
In *Atomic Habits*, James Clear explains that becoming 1% better each day for a year makes you 37.78 times better. Focus on continuous, small improvements.

**No Zero Days:**
This concept, popularized by Reddit user u/ryans01, emphasizes doing something, no matter how small, daily towards your goals. Avoid zero days by accomplishing at least one small task.

**Action Steps:**

1. **Start Small 📝:** Commit to tiny actions daily.
   - Example: Whatever your goal, make sure you move towards it every single day. Write one sentence, do one pushup, read one page.
   - Even at 11:58 PM, do something to keep the day non-zero.

2. **Be Consistent 📅:** Make daily progress a habit.
   - Example: Set a reminder to complete your non-zero task.
   - Continuity is key; small actions lead to big improvements.

3. **Celebrate Small Wins 🎉:** Recognize and celebrate daily efforts.
   - Example: Reflect on your progress weekly.
   - Acknowledge that every small step counts.

⭐️ Embrace the No Zero Days mindset and commit to one percent improvements each day. This keeps you motivated and steadily moving towards your goals. Remember, every small step counts! 🌟",life,,,"{""✅ The Productivity System That Actually Works"":""https://www.youtube.com/watch?v=aWYL-Z8gEa4"",""🙅‍♂️ No Zero Days, the one percent rule"":""https://www.reddit.com/r/getdisciplined/comments/sxjqmp/advice_1_better_every_day/"",""🚀 What Happens if You Get 1% Better Every Day?"":""https://www.youtube.com/watch?v=GeFjP5sMXr0""}","{""📆 Maintain Consistency"":""How can I ensure I stick to my new routine and make it a lasting habit?"",""🏆 Building Strong Habits"":""How can I create a daily routine that supports my goals?"",""🗓️ Establish a Routine"":""What are some activities I should include in my morning routine to set a positive tone for the day?"",""💡 Reduce Decision Fatigue"":""What are some ways I can minimize decision fatigue in my daily life to stay focused on my goals?""}","[""What's something small you can do to make sure you never have another Zero Day?""]",,,foundations,
120,6,Embracing Fitness Commitment 🏃‍♂️,Find Your Motivation,"**Hi _CLIENTNAME_! 🌟**

**Marathon Monks of Mount Hiei:** Did you know these monks undertake a 1,000-day challenge running 52.5 miles a day for 100 days straight as part of their spiritual practice? Today, let’s channel that dedication into our own fitness goals.

**Here’s how:**

1. **Check Your Routine 🏋️:** Reflect on your current exercise habits. Are you getting enough physical activity?
2. **Incorporate Activity 🏃:** Aim for at least 30 minutes of physical exercise daily.
   - **Example:** Go for a run, take a brisk walk, or do a home workout.

Regular exercise can boost your mood, improve your health, and help reduce reliance on cannabis for relaxation. By staying active, you're building strong habits that support your overall well-being. 🌟",life,,,"{""🔥 How I Transformed My Body in 100 days."":""https://www.youtube.com/watch?v=wCXYST7y3-E"",""😷 Why do you care about your physical health?"":""https://www.reddit.com/r/NoStupidQuestions/comments/151suxc/why_do_you_care_about_your_physical_health/"",""💪 You CAN get JACKED from home. | Beginners Homeworkout Guide"":""https://www.youtube.com/watch?v=kq9a4G7FBzY"",""🏋️ The Most Realistic Advice on How To Get Fit (No Bullsh*t)"":""https://www.youtube.com/watch?v=VlDwk7x_Jz0"",""🚀 If I Was Starting My Journey in 2023, This Is What I Would Do (3 Steps)"":""https://www.youtube.com/watch?v=QChOtdS1Wc0"",""💪 Step by Step Beginner Gym Guide (Full Training Plan + All You Need To Know)"":""https://www.youtube.com/watch?v=U9ENCvFf9yQ"",""🏃‍♂️ START RUNNING IN 2024 | how to start, must have gear, tips to get FASTER."":""https://www.youtube.com/watch?v=KdYogQTrkWs""}","{""🌟 Motivation Boost"":""How does regular exercise positively impact my mood and overall health?"",""🏋️ Check Your Routine"":""What are my current exercise habits and how can I improve them?"",""🚶‍♂️ Daily Activity"":""What simple activities can I start doing today to meet my exercise goals?"",""🏃‍♂️ Fitness Commitment"":""How can I incorporate at least 30 minutes of physical exercise into my daily routine?""}","[""What drives your commitment to fitness?""]",,,foundations,
121,7,Getting Things Done 📝,GTD in Action,"Ready to Boost Your Productivity? 🚀

Get Things Done: Dive into the GTD method by David Allen—a powerful system to clear your mind and supercharge your productivity.

Here's how:

**Capture 📋:** Jot down everything on your mind.

- 📝 Example: Use a notebook or an app to list tasks, ideas, and reminders.

**Clarify 🤔:** Process what you’ve written. Decide what action is needed.

- 🔍 Example: Is it actionable? If yes, define the next step. If not, trash it, delegate it, or file it for reference.

**Organize 🗂️:** Categorize tasks based on their nature and urgency.

- 🗃️ Example: Create lists for immediate tasks, future projects, and ongoing responsibilities.

**Reflect 🔄:** Regularly review your lists to stay on top of your commitments.

- 📆 Example: Schedule a weekly review to update and prioritize your tasks.

**Engage 🎯:** Focus on what’s most important right now.

- ⚡ Example: Use your organized lists to guide your daily actions and decisions.

By following the GTD method, you can streamline your tasks, reduce stress, and improve your productivity, helping you stay on track with your cannabis goals. Small steps lead to big changes. 🌟",life,,,"{""🎯 Learning how to follow through on goals"":""https://www.reddit.com/r/IWantToLearn/comments/dtdket/iwtl_how_to_follow_through_with_goals_and/"",""🎤The Art of Stress-Free Productivity: David Allen at TEDxClaremontColleges"":""https://www.youtube.com/watch?v=CHxhjDPKfbY"",""📚Getting Things Done (GTD) by David Allen - Animated Book Summary And Review"":""https://www.youtube.com/watch?v=gCswMsONkwY""}","{""🔍 Clarify and Act"":""How do I decide the next steps for the items I've captured in my GTD list?"",""📆 Reflect Regularly"":""What strategies can I use to ensure I review and update my task lists consistently?"",""📝 Capture Everything"":""What are effective ways to capture all my tasks and ideas efficiently?"",""🚀 Boost Your Productivity"":""How can I start implementing the GTD method to enhance my productivity?""}","[""What's a cluttered task you need to clarify today?""]",,,foundations,
122,8,Affirm Your Path to Success 🌟,Empower Your Mind,"**Hi _CLIENTNAME_! 🌟**

**Affirmations Matter:** Positive self-talk can be a powerful tool in achieving your goals. Research shows that affirmations can boost your confidence and help you stay focused on your objectives.

**Here’s how:**

1. **Create Affirmations 📝:** Develop three affirmations that resonate with your goals.
   - **Example:** ""I am in control of my choices.""
   - **Example:** ""I am committed to my well-being.""
   - **Example:** ""I make decisions that support my goals.""

2. **Repeat Daily 🔄:** Make it a habit to say these affirmations every day.
   - **Example:** In the morning, before meals, or whenever you need a boost.

3. **Believe in Your Words 💪:** Speak them with conviction and truly believe in what you're saying.
   - **Example:** Visualize the success and positive outcomes as you say your affirmations.

By consistently using positive affirmations, you can strengthen your mindset and stay focused on your weed-free goals. Remember, the key to effective affirmations is repetition and emotional engagement. 🌟

You've got this! 🚀",life,LO-Use-State,I want to moderate my use,"{""🎯 Advice: How to Use Visualization to Help Reach Your Goals"":""https://www.reddit.com/r/getdisciplined/comments/ymy4ra/advice_how_to_use_visualization_to_help_reach/"",""20 Min Morning Affirmation For Self-Healing & Prosperity | Louise Hay"":""https://www.youtube.com/watch?v=0AagQ65N7hQ"",""💰 Best 'I AM' Affirmations for Abundance, Success, Wealth & Confidence - 8 HOURS Positive Affirmations"":""https://www.youtube.com/watch?v=9x8U_EQf85w""}","{""🔄 Daily Repetition"":""What are some effective times or methods to incorporate daily affirmations into my routine?"",""🌟 Affirmations Matter"":""How can affirmations boost my confidence and help me achieve my goals?"",""📝 Create Affirmations"":""Can you help me develop three affirmations that align with my personal goals?"",""💪 Believe in Your Words"":""How can I enhance the emotional impact and belief in my affirmations?""}","[""What affirmation resonates most with your current life's goals?""]",,,foundations,
123,8,Affirm Your Path to Success 🌟,Empower Your Mind,"**Hi _CLIENTNAME_! 🌟**

**Affirmations Matter:** Positive self-talk can be a powerful tool in achieving your goals. Research shows that affirmations can boost your confidence and help you stay focused on your objectives.

**Here’s how:**

1. **Create Affirmations 📝:** Develop three affirmations that resonate with your goals.
   - **Example:** ""I am in control of my choices.""
   - **Example:** ""I am committed to my well-being.""
   - **Example:** ""I make decisions that support my goals.""

2. **Repeat Daily 🔄:** Make it a habit to say these affirmations every day.
   - **Example:** In the morning, before meals, or whenever you need a boost.

3. **Believe in Your Words 💪:** Speak them with conviction and truly believe in what you're saying.
   - **Example:** Visualize the success and positive outcomes as you say your affirmations.

By consistently using positive affirmations, you can strengthen your mindset and stay focused on your weed-free goals. Remember, the key to effective affirmations is repetition and emotional engagement. 🌟

You've got this! 🚀",life,LO-Use-State,I want to stop entirely,"{""🎯 Advice: How to Use Visualization to Help Reach Your Goals"":""https://www.reddit.com/r/getdisciplined/comments/ymy4ra/advice_how_to_use_visualization_to_help_reach/"",""20 Min Morning Affirmation For Self-Healing & Prosperity | Louise Hay"":""https://www.youtube.com/watch?v=0AagQ65N7hQ"",""💰 Best 'I AM' Affirmations for Abundance, Success, Wealth & Confidence - 8 HOURS Positive Affirmations"":""https://www.youtube.com/watch?v=9x8U_EQf85w""}","{""🔄 Daily Repetition"":""What are some effective times or methods to incorporate daily affirmations into my routine?"",""🌟 Affirmations Matter"":""How can affirmations boost my confidence and help me achieve my goals?"",""📝 Create Affirmations"":""Can you help me develop three affirmations that align with my personal goals?"",""💪 Believe in Your Words"":""How can I enhance the emotional impact and belief in my affirmations?""}","[""What affirmation resonates most with your current life's goals?""]",,,foundations,
124,9,Embracing Relaxation Techniques 🌿,Find Your Calm,"**Hi _CLIENTNAME_! 🌟**

**Find Your Calm:** Did you know the Japanese art of **Forest Bathing (Shinrin-Yoku)** involves spending time in forests for its calming effects? Or that **Bubble Wrap Popping Therapy** is a real thing for stress relief? Let's explore how to incorporate some real relaxation techniques into your routine.

**Here’s how:**

1. **Deep Breathing 🌬️:** Try diaphragmatic breathing, like the 4-7-8 technique (inhale for 4 seconds, hold for 7, exhale for 8).
2. **Progressive Muscle Relaxation 🧘:** Tense and relax different muscle groups, starting from your toes to your head.
3. **Guided Imagery 🏝️:** Visualize peaceful scenes, such as a serene beach.

Experiment with these methods to see which one helps you relax the most. Incorporating relaxation into your daily routine can enhance your focus, mood, and overall well-being. 🌟",life,,,"{""🌳 Forest bathing!"":""https://www.reddit.com/r/todayilearned/comments/9487p3/til_that_shinrinyoku_meaning_forest_bathing_is/"",""😇I want to learn how to relax"":""https://www.reddit.com/r/IWantToLearn/comments/jx3l2b/i_want_to_learn_how_to_relax/"",""🌬️ Guided Wim Hof Method Breathing"":""https://www.youtube.com/watch?v=tybOi4hjZFQ"",""😴 Breathing Exercises to Relax or Fall Asleep Fast | 478 Mindfulness Breathing | TAKE A DEEP BREATH"":""https://www.reddit.com/r/Buddhism/comments/15as5m/what_are_your_most_successful_relaxation/""}","{""🏝️ Guided Imagery Tips"":""Can you help me create a guided imagery session for stress relief?"",""🌳 Forest Bathing Benefits"":""How can spending time in nature help me reduce stress and improve my well-being?"",""🌬️ Deep Breathing Techniques"":""Could you guide me through the 4-7-8 breathing method to enhance relaxation?"",""🧘 Progressive Muscle Relaxation"":""What are the steps for practicing progressive muscle relaxation effectively?""}","[""What unusual relaxation technique works best for you? Why?""]",,,foundations,
125,10,The Stoic Way 🧘‍♂️,Control vs. Acceptace,"**Hi _CLIENTNAME_! 🌟**


**Ever feel like you're battling against the tide? ** Today, let’s draw from the wisdom of Stoicism. Focus on what you can control (your actions) and accept what you cannot (external events). **What You Can Control:**
- 🧠 Your decision to use or abstain. - 🏋️‍♂️ Your daily routines supporting well-being. **What You Cannot Control:**
- 🌪 External pressures. - 🕰 Past regrets. Control what you can. Celebrate what you can. You’ve got this. 🚀


By focusing on what you can control, you can celebrate your successes and stay committed to your journey without getting distracted by past setbacks or things beyond your influence.",life,LO-Use-State,I want to moderate my use,"{""🧘‍♂️ What is the Stoic way to deal with situations?"":""https://www.reddit.com/r/Stoicism/comments/vdg9cc/what_is_the_stoic_way_to_deal_with_situations/"",""🌿 Stop Wanting, Start Accepting | The Philosophy of Marcus Aurelius"":""https://www.youtube.com/watch?v=KDsdLKDHIWI"",""🛡️ When Life Hurts, Care Less About It | The Philosophy of Marcus Aurelius"":""https://www.youtube.com/watch?v=LGXRpbDuDGE""}","{""🕰 Past Regrets"":""How can I practice acceptance of past regrets to move forward with my goals?"",""🌪 External Pressures"":""How can I better handle external pressures that might impact my decision to use or abstain?"",""🧘‍♂️ The Stoic Way"":""How can focusing on what I can control help me stay committed to my cannabis moderation goals?"",""🏋️‍♂️ Daily Routines"":""What daily routines can I establish to support my well-being and moderation habits?""}","[""What's one thing you can control that you're overlooking?""]",,,foundations,
126,10,The Stoic Way 🧘‍♂️,Control vs. Acceptace,"**Hi _CLIENTNAME_! 🌟**


**Ever feel like you're battling against the tide? ** Today, let’s draw from the wisdom of Stoicism. Focus on what you can control (your actions) and accept what you cannot (external events). **What You Can Control:**
- 🧠 Your decision to use or abstain. - 🏋️‍♂️ Your daily routines supporting well-being. **What You Cannot Control:**
- 🌪 External pressures. - 🕰 Past regrets. Control what you can. Celebrate what you can. You’ve got this. 🚀


By focusing on what you can control, you can celebrate your successes and stay committed to your journey without getting distracted by past setbacks or things beyond your influence.",life,LO-Use-State,I want to stop entirely,"{""🧘‍♂️ What is the Stoic way to deal with situations?"":""https://www.reddit.com/r/Stoicism/comments/vdg9cc/what_is_the_stoic_way_to_deal_with_situations/"",""🌿 Stop Wanting, Start Accepting | The Philosophy of Marcus Aurelius"":""https://www.youtube.com/watch?v=KDsdLKDHIWI"",""🛡️ When Life Hurts, Care Less About It | The Philosophy of Marcus Aurelius"":""https://www.youtube.com/watch?v=LGXRpbDuDGE""}","{""🕰 Past Regrets"":""How can I practice acceptance of past regrets to move forward with my goals?"",""🌪 External Pressures"":""How can I better handle external pressures that might impact my decision to use or abstain?"",""🧘‍♂️ The Stoic Way"":""How can focusing on what I can control help me stay committed to my weed-free goals?"",""🏋️‍♂️ Daily Routines"":""What daily routines can I establish to support my well-being and weed-free habits?""}","[""What's one thing you can control that you're overlooking?""]",,,foundations,
127,11,Overcoming Murphy's Law 🛠️,Stay Prepared,"**Hi _CLIENTNAME_! 🌟**

**Ever notice how toast always lands butter-side down?** That’s Murphy’s Law: ""Anything that can go wrong will go wrong."" Today, let’s identify potential obstacles and find strategies to mitigate them.

**Here’s how:**

1. **Identify Risks 📝:**
   - ""I might feel cravings during social events.""

2. **Analyze Risks 🧐:**
   - ""Cravings could lead to unplanned cannabis use.""

3. **Develop Mitigation Strategies 🥤:**
   - ""Bring a non-cannabis drink to social events and have an exit plan if cravings become too strong.""

Anticipate challenges and prepare strategies to navigate your path better. You’ve got this! 🚀",life,LO-Use-State,I want to stop entirely,"{""😆 What if Murphy's Law was a real person?"":""https://www.youtube.com/watch?v=2i7PiXSgbwg"",""🎨 MURPHY'S LAW | Draw My Life 'Anything that can go wrong will go wrong'"":""https://www.youtube.com/watch?v=L1pRE0Ykbbg"",""🤔 Murphy's Law: How to deal with life when it all of a sudden goes wrong?"":""https://www.reddit.com/r/AskReddit/comments/uf0nlk/murphys_law_how_to_deal_with_life_when_it_all_of/""}","{""📝 Identify Risks"":""What potential obstacles might I encounter in social settings regarding cannabis use?"",""🛠️ Be Prepared"":""How can I better prepare for unplanned challenges related to my weed-free goals?"",""🧐 Analyze Cravings"":""How could cravings during social events affect my goals?"",""🥤 Mitigate Cravings"":""Can you suggest strategies to handle cravings during social events?""}","[""What's a small, recurring problem you could prepare for better?""]",,,foundations,
128,11,Overcoming Murphy's Law 🛠️,Stay Prepared,"**Hi _CLIENTNAME_! 🌟**

**Ever notice how toast always lands butter-side down?** That’s Murphy’s Law: ""Anything that can go wrong will go wrong."" Today, let’s identify potential obstacles and find strategies to mitigate them.

**Here’s how:**

1. **Identify Risks 📝:**
   - ""I might feel cravings during social events.""

2. **Analyze Risks 🧐:**
   - ""Cravings could lead to unplanned cannabis use.""

3. **Develop Mitigation Strategies 🥤:**
   - ""Bring a non-cannabis drink to social events and have an exit plan if cravings become too strong.""

Anticipate challenges and prepare strategies to navigate your path better. You’ve got this! 🚀",life,LO-Use-State,I want to moderate my use,"{""😆 What if Murphy's Law was a real person?"":""https://www.youtube.com/watch?v=2i7PiXSgbwg"",""🎨 MURPHY'S LAW | Draw My Life 'Anything that can go wrong will go wrong'"":""https://www.youtube.com/watch?v=L1pRE0Ykbbg"",""🤔 Murphy's Law: How to deal with life when it all of a sudden goes wrong?"":""https://www.reddit.com/r/AskReddit/comments/uf0nlk/murphys_law_how_to_deal_with_life_when_it_all_of/""}","{""📝 Identify Risks"":""What potential obstacles might I encounter in social settings regarding cannabis use?"",""🛠️ Be Prepared"":""How can I better prepare for unplanned challenges related to cannabis moderation?"",""🧐 Analyze Cravings"":""How could cravings during social events affect my goals?"",""🥤 Mitigate Cravings"":""Can you suggest strategies to handle cravings during social events?""}","[""What's a small, recurring problem you could prepare for better?""]",,,foundations,
129,12,Affirmations and Positive Self-Talk,More than just words,"**Hi _CLIENTNAME_! 🌟**

**Affirmations Matter:** Positive self-talk can be a powerful tool in achieving your goals. Research shows that affirmations can boost your confidence and help you stay focused on your objectives.

**Here’s how:**

1. **Create Affirmations 📝:** Develop three affirmations that resonate with your goals.
   - **Example:** ""I am in control of my choices.""
   - **Example:** ""I am committed to my well-being.""
   - **Example:** ""I make decisions that support my goals.""

2. **Repeat Daily 🔄:** Make it a habit to say these affirmations every day.
   - **Example:** In the morning, before meals, or whenever you need a boost.

3. **Believe in Your Words 💪:** Speak them with conviction and truly believe in what you're saying.
   - **Example:** Visualize the success and positive outcomes as you say your affirmations.

By consistently using positive affirmations, you can strengthen your mindset and stay focused on your weed-free goals. Remember, the key to effective affirmations is repetition and emotional engagement. 🌟

You've got this! 🚀",life,LO-Use-State,I want to moderate my use,"{""💬 Discussion: Do Affirmations Work?"":""https://www.reddit.com/r/GetMotivated/comments/17erfrq/discussion_do_affirmations_work/"",""📖 Why the Stories We Tell Ourselves Shape Us"":""https://www.youtube.com/watch?v=hQ2XMKHsg9I"",""🌞 Positive Morning Affirmations to Start the Day - LISTEN EVERY MORNING"":""https://www.youtube.com/watch?v=sfZoD1DREY0"",""🌙 I Am Affirmations for Sleep and Positive Self-Talk and Personal Growth"":""https://www.youtube.com/watch?v=b1BivnnidMU""}","{""💪 Believe and Achieve"":""Why is it important to truly believe in the affirmations I use?"",""💬 Power of Affirmations"":""How can creating affirmations help me achieve my goals?"",""📝 Crafting Affirmations"":""Can you help me create three affirmations that support my goals?"",""🔄 Daily Affirmations Routine"":""What are some practical ways to incorporate affirmations into my daily life?""}","[""What affirmation makes you feel most empowered right now?""]",,,foundations,
130,12,Affirmations and Positive Self-Talk,More than just words,"**Hi _CLIENTNAME_! 🌟**

**Affirmations Matter:** Positive self-talk can be a powerful tool in achieving your goals. Research shows that affirmations can boost your confidence and help you stay focused on your objectives.

**Here’s how:**

1. **Create Affirmations 📝:** Develop three affirmations that resonate with your goals.
   - **Example:** ""I am in control of my choices.""
   - **Example:** ""I am committed to my well-being.""
   - **Example:** ""I make decisions that support my goals.""

2. **Repeat Daily 🔄:** Make it a habit to say these affirmations every day.
   - **Example:** In the morning, before meals, or whenever you need a boost.

3. **Believe in Your Words 💪:** Speak them with conviction and truly believe in what you're saying.
   - **Example:** Visualize the success and positive outcomes as you say your affirmations.

By consistently using positive affirmations, you can strengthen your mindset and stay focused on your weed-free goals. Remember, the key to effective affirmations is repetition and emotional engagement. 🌟

You've got this! 🚀",life,LO-Use-State,I want to stop entirely,"{""💬 Discussion: Do Affirmations Work?"":""https://www.reddit.com/r/GetMotivated/comments/17erfrq/discussion_do_affirmations_work/"",""📖 Why the Stories We Tell Ourselves Shape Us"":""https://www.youtube.com/watch?v=hQ2XMKHsg9I"",""🌞 Positive Morning Affirmations to Start the Day - LISTEN EVERY MORNING"":""https://www.youtube.com/watch?v=sfZoD1DREY0"",""🌙 I Am Affirmations for Sleep and Positive Self-Talk and Personal Growth"":""https://www.youtube.com/watch?v=b1BivnnidMU""}","{""💪 Believe and Achieve"":""Why is it important to truly believe in the affirmations I use?"",""💬 Power of Affirmations"":""How can creating affirmations help me achieve my goals?"",""📝 Crafting Affirmations"":""Can you help me create three affirmations that support my goals?"",""🔄 Daily Affirmations Routine"":""What are some practical ways to incorporate affirmations into my daily life?""}","[""What affirmation makes you feel most empowered right now?""]",,,foundations,
131,13,Harnessing the Power of Visualization ✨,See yourself improve,"**Did You Know?** 🌟 An NBA study showed players who visualized making free throws improved almost as much as those who practiced physically! Why not use this powerful tool to achieve your own goals?

**Here’s how:**

1. **Visualize Success**: Spend a few minutes picturing yourself achieving your goal.
   - 🎯 Example: Imagine the confidence and satisfaction you’ll feel once you reach your cannabis moderation goal.

2. **Capture the Vision**: Draw or write down your visualization.
   - 📝 Example: Create a vision board or jot down a vivid description.

3. **Keep it Visible**: Place your visualization somewhere you can see it daily.
   - 📌 Example: On your fridge, desk, or as your phone background.

By clearly picturing your success, you reinforce your commitment and motivation. Visualize the feelings and internal states that come with success, and remember to put in the work to bring those visions to life. 🌟

Small steps lead to big changes. 🚀",life,LO-Use-State,I want to moderate my use,"{""🏊 Visualization used by Michael Phelps"":""https://www.youtube.com/watch?v=3-mm90LFPqU"",""🎙️ Joe Rogan - The Benefits of Visualization"":""https://www.youtube.com/watch?v=TAbOgtYO97Q"",""🔥 Advice, Habit Forming, Goals, and How I Did It"":""https://www.reddit.com/r/getdisciplined/comments/304qdf/advice_habit_forming_goals_and_how_i_did_it/"",""🧠 The Neurobiology of Visualization & HOW TO DO IT RIGHT | Andrew Huberman"":""https://www.youtube.com/watch?v=r5_9RuUOtSI""}","{""📌 Keep It Visible"":""Where can I place my visualizations to reinforce my commitment daily?"",""🎯 Visualize Success"":""Can you guide me through a visualization exercise to picture achieving my goals?"",""📝 Capture Your Vision"":""What are some creative ways to document my visualizations effectively?"",""✨ Power of Visualization"":""How can I use visualization to support my cannabis moderation goals?""}","[""How can visualization shape your daily actions towards goals?""]",,,building_habits,
132,13,Harnessing the Power of Visualization ✨,See yourself improve,"**Did You Know?** 🌟 An NBA study showed players who visualized making free throws improved almost as much as those who practiced physically! Why not use this powerful tool to achieve your own goals?

**Here’s how:**

1. **Visualize Success**: Spend a few minutes picturing yourself achieving your goal.
   - 🎯 Example: Imagine the confidence and satisfaction you’ll feel once you reach your cannabis moderation goal.

2. **Capture the Vision**: Draw or write down your visualization.
   - 📝 Example: Create a vision board or jot down a vivid description.

3. **Keep it Visible**: Place your visualization somewhere you can see it daily.
   - 📌 Example: On your fridge, desk, or as your phone background.

By clearly picturing your success, you reinforce your commitment and motivation. Visualize the feelings and internal states that come with success, and remember to put in the work to bring those visions to life. 🌟

Small steps lead to big changes. 🚀",life,LO-Use-State,I want to stop entirely,"{""🏊 Visualization used by Michael Phelps"":""https://www.youtube.com/watch?v=3-mm90LFPqU"",""🎙️ Joe Rogan - The Benefits of Visualization"":""https://www.youtube.com/watch?v=TAbOgtYO97Q"",""🔥 Advice, Habit Forming, Goals, and How I Did It"":""https://www.reddit.com/r/getdisciplined/comments/304qdf/advice_habit_forming_goals_and_how_i_did_it/"",""🧠 The Neurobiology of Visualization & HOW TO DO IT RIGHT | Andrew Huberman"":""https://www.youtube.com/watch?v=r5_9RuUOtSI""}","{""📌 Keep It Visible"":""Where can I place my visualizations to reinforce my commitment daily?"",""🎯 Visualize Success"":""Can you guide me through a visualization exercise to picture achieving my goals?"",""📝 Capture Your Vision"":""What are some creative ways to document my visualizations effectively?"",""✨ Power of Visualization"":""How can I use visualization to support my weed-free goals?""}","[""How can visualization shape your daily actions towards goals?""]",,,building_habits,
133,14,"Building Strong, Healthy Habits 🏆",Becoming the best version of yourself,"**Hi _CLIENTNAME_! 🌟**

**Win the Morning:** Did you know Steve Jobs wore the same outfit every day to reduce decision fatigue? You don't need to go that far, but let’s take inspiration from him and create routines that support our goals.

**Here’s how:**

1. **Establish a Routine 🗓️:** Develop a daily routine that includes time for activities like exercise, healthy eating, and relaxation.
   - **Example:** Morning exercise, a balanced breakfast, and a few minutes of mindfulness.

2. **Maintain Consistency 📆:** Stick to your routine to build strong, healthy habits that make positive changes sustainable.

Developing routines that support your goals will help you maintain consistency and make positive changes more sustainable. 🌟",life,,,"{""🛠️ Advice: How to build habits"":""https://www.reddit.com/r/getdisciplined/comments/10ei1ro/advicehow_to_build_habits/"",""📝 LPT Request: How to get into a daily routine"":""https://www.reddit.com/r/LifeProTips/comments/14riimb/lpt_request_how_to_get_into_a_daily_routine/"",""🛠️ How to ACTUALLY build habits. (no bs guide)"":""https://www.youtube.com/watch?v=eu1K9-xE42Q"",""💡 Method: Make it stupid easy, but do it every day!"":""https://www.reddit.com/r/getdisciplined/comments/l21ad0/method_make_it_stupid_easy_but_do_it_every_day/"",""🔄 Method: Struggling with building habits? Try this!"":""https://www.reddit.com/r/getdisciplined/comments/8y9n5p/method_struggling_with_building_habits_try_this/"",""💡 A simple way to break a bad habit | Judson Brewer | TED"":""https://www.youtube.com/watch?v=-moW9jvvMr4"",""🚀 How to become 37.78 times better at anything | Atomic Habits summary (by James Clear)"":""https://www.youtube.com/watch?v=PZ7lDrwYdZc&t=92s""}","{""📆 Maintain Consistency"":""How can I ensure I stick to my new routine and make it a lasting habit?"",""🏆 Building Strong Habits"":""How can I create a daily routine that supports my goals?"",""🗓️ Establish a Routine"":""What are some activities I should include in my morning routine to set a positive tone for the day?"",""💡 Reduce Decision Fatigue"":""What are some ways I can minimize decision fatigue in my daily life to stay focused on my goals?""}","[""What's one daily routine that consistently supports your personal goals?""]",,,building_habits,
134,15,Embracing Relaxation Techniques 🌿,Find Your Calmm,"**Hi _CLIENTNAME_! 🌟**

**Find Your Calm:** Did you know the Japanese art of **Forest Bathing (Shinrin-Yoku)** involves spending time in forests for its calming effects? Or that **Bubble Wrap Popping Therapy** is a real thing for stress relief? Let's explore how to incorporate some real relaxation techniques into your routine.

**Here’s how:**

1. **Deep Breathing 🌬️:** Try diaphragmatic breathing, like the 4-7-8 technique (inhale for 4 seconds, hold for 7, exhale for 8).
2. **Progressive Muscle Relaxation 🧘:** Tense and relax different muscle groups, starting from your toes to your head.
3. **Guided Imagery 🏝️:** Visualize peaceful scenes, such as a serene beach.

Experiment with these methods to see which one helps you relax the most. Incorporating relaxation into your daily routine can enhance your focus, mood, and overall well-being. 🌟",life,,,"{""🧘‍♂️ How do you productively relax?"":""https://www.reddit.com/r/productivity/comments/y5n4q2/how_do_you_productively_relax/""}","{""🏝️ Guided Imagery Tips"":""Can you help me create a guided imagery session for stress relief?"",""🌳 Forest Bathing Benefits"":""How can spending time in nature help me reduce stress and improve my well-being?"",""🌬️ Deep Breathing Techniques"":""Could you guide me through the 4-7-8 breathing method to enhance relaxation?"",""🧘 Progressive Muscle Relaxation"":""What are the steps for practicing progressive muscle relaxation effectively?""}","[""Which relaxation technique resonates most with your lifestyle and why?""]",,,building_habits,
135,16,Winning on Autopilot ✈️,Watch yourself win,"Hi CLIENTNAME! 🌟

Today, let’s talk about building habits by starting small and leveraging your brain’s autopilot mode. Did you know that humans spend 47% of their time on autopilot? This means almost half your day is spent on habitual actions without conscious thought.

Here’s how to make small changes to your autopilot:

Start Small: Implement tiny, manageable changes.

📝 Example: Drink a glass of water every morning or take a 5-minute walk after lunch.
Leverage Autopilot: Add new habits to existing routines.

🔄 Example: While brushing your teeth, do a brief mindfulness exercise.
Consistency Over Intensity: Focus on regularity rather than intensity.

📅 Example: Meditate for just 2 minutes daily rather than sporadic longer sessions.
Monitor Progress: Track your small wins to stay motivated.

🏆 Example: Use a journal or app to note your daily achievements.
By implementing small changes consistently, you can transform your autopilot actions and create lasting, positive habits. These small steps compound over time, leading to significant improvements in your life. 🚀",life,,,"{""🥲 [Need Advice] I keep losing to my Autopilot self."":""https://www.reddit.com/r/getdisciplined/comments/dd8xvm/need_advice_i_keep_losing_to_my_autopilot_self/"",""✈️ Put Your Healthy Habits On Autopilot | Cole Taylor"":""https://www.youtube.com/watch?v=NwX27PIgE6Q"",""🧠ELI5: What happens when your brain goes on auto pilot?"":""https://www.reddit.com/r/explainlikeimfive/comments/vgwsp6/eli5_what_happens_when_your_brain_goes_on_auto/"",""🧬 The Science of Habits: How Your Brain Runs on Autopilot"":""https://www.youtube.com/shorts/v0KoKTWkKmc"",""🤨Best way to learn out of stupid habits/stop going to autopilot"":""https://www.reddit.com/r/CrazyHand/comments/re4zy4/best_way_to_learn_out_of_stupid_habitsstop_going/""}","{""🏆 Monitor Progress"":""How can tracking my small wins help me stay motivated, and what tools can I use?"",""🔄 Leverage Autopilot"":""What are some effective ways to add new habits to my existing routines?"",""✈️ Winning on Autopilot:"":""How can I start implementing small, manageable changes to build better habits?"",""📅 Consistency Over Intensity"":""Why is regularity more important than intensity when building new habits, and how can I apply this?""}","[""What small habit should you set on autopilot?""]",,,building_habits,
136,17,Master Your Habits 🌟,Quick Steps to Change,"**Understand Your Behavior**: Today, let’s use the ABC Model to understand and alter your cannabis use behavior. This model helps you identify the Antecedent, Behavior, and Consequence of each instance of cannabis use.

**Here’s how:**

1. 💡 **Identify the Antecedent:** What happened before you used cannabis?
   - Example: Feeling stressed after a long day at work.

2. 🌿 **Identify the Behavior:** What did you do?
   - Example: Smoked cannabis to relax.

3. 🔄 **Identify the Consequence:** What happened after?
   - Example: Felt relaxed, but also less motivated to do other tasks.

Use this information to develop strategies for altering your behavior. For instance, if stress is a common antecedent, consider alternative stress-relief methods like exercise or meditation.

By understanding the pattern of your cannabis use, you can make more informed decisions and develop healthier habits.",life,,,"{""😔 ABC for Heavier Emotions"":""https://www.reddit.com/r/CBTpractice/comments/pby7a6/abc_for_heavier_emotions/"",""🧠 The ABCs of CBT: Thoughts, Feelings and Behavior"":""https://www.youtube.com/watch?v=Stw9P38ePVI"",""🧠 The ABC Model of Cognitive Behavioural Therapy CBT"":""https://www.youtube.com/watch?v=zcgbG1ZDQug""}","{""🌿 Replace Behaviors"":""Can you think of alternative activities to use as substitutes for cannabis when certain triggers arise?"",""🌟 Develop Strategies"":""What strategies can you implement to manage stress without relying on cannabis?"",""🔄 Analyze Consequences"":""Reflect on the outcomes of using cannabis; how do they affect your productivity and overall well-being?"",""💡 Understand Antecedents"":""What triggers typically lead to your cannabis use, and how can you identify them in advance?""}","[""What triggers your habitual behaviors, and how can you change them?""]",,,building_habits,
137,18,Staying Consistent,Pushing through the thick,"**How’s your new routine going?** 🎉 Consistency is key to building strong habits. Even Nikola Tesla believed in consistency—he would curl his toes 100 times every night before bed, thinking it stimulated his brain cells. Try to stick to your new routine every day, even when it feels challenging.

**Here’s how:**

1. **Stay Consistent:** Stick to your new routine daily, even when it feels tough.
   - Example: Reflect on the small change you made yesterday and see how it's impacting your day.

2. **Observe Changes:** Note any changes you observe from maintaining your routine.

Consistency helps build strong habits and ensures that the positive changes you make are sustainable.",life,,,"{""🔥How To Be Incredibly Consistent"":""https://www.youtube.com/watch?v=UBzUJB8cLkI"",""💪Staying consistent on self improvement"":""https://www.youtube.com/watch?v=EFtGEb3Kqz4"",""💪 How to stay consistent with daily habits"":""https://www.reddit.com/r/productivity/comments/w88bzp/how_to_stay_consistent_with_daily_habits/"",""📝 Need advice, struggling to stay consistent?"":""https://www.reddit.com/r/getdisciplined/comments/ljl4vp/need_advice_struggling_to_stay_consistent/"",""📖 If you struggle with consistency, read this!"":""https://www.reddit.com/r/productivity/comments/tis8za/if_you_struggle_with_consistency_read_this/"",""💡 What hacks do you have to stay consistent and productive?"":""https://www.reddit.com/r/productivity/comments/1865ac0/what_hacks_do_you_have_to_stay_consistent_and/""}","{""🔄 Stay Consistent"":""How can I remain consistent with my new routine even when it's challenging?"",""🔍 Observe Changes"":""How can I effectively note and reflect on the changes I observe from my new routine?"",""📅 Daily Commitment"":""What strategies can help me stick to my new habits each day?"",""📈 Sustainable Habits"":""What are some ways to ensure that the positive changes I make are sustainable in the long run?""}","[""What small habit are you finding hardest to stick with?""]",,,building_habits,
138,19,Reflect and Adjust 🌟,Make Necessary Changes,"**Hi _CLIENTNAME_! 🌟 You’re doing great! 🎉** Today, reflect on your progress and make any necessary adjustments. Like Stephen King’s ""Refrigerator Method,"" where he puts his manuscripts in the fridge for a few days before reviewing them, let's step back and evaluate our routines.

**Here’s how:**

1. **🔍 Reflect:** Consider how your new habits fit into your daily life.
   - ✨ Example: Are there parts of your routine that feel particularly good or challenging?

2. **🔄 Adjust:** Make tweaks to better fit your needs and goals.
   - 🕒 Example: If a morning workout feels too rushed, try moving it to the afternoon.

Reflecting and adjusting will help you stay motivated and ensure your routine works for you.",life,,,"{""🪞Why Introspection Matters"":""https://www.youtube.com/watch?v=s-NiJzwdN0Y"",""👨‍🎨 The Art of Reflection"":""https://www.youtube.com/watch?v=W06b198FjfI"",""🪞 How to self reflect and improve life?"":""https://www.reddit.com/r/productivity/comments/fusy59/how_to_self_reflect_and_improve_life/"",""📓 How do you self-reflect during journaling?"":""https://www.reddit.com/r/Journaling/comments/14tb2cn/how_do_you_selfreflect_during_journaling/"",""💪 What is the one habit/behavior change that transformed your life?"":""https://www.reddit.com/r/selfimprovement/comments/1bp22y4/what_is_the_one_habitbehavior_change_that/""}","{""✨ Identify Challenges"":""Are there parts of your routine that feel particularly challenging? How can you address them?"",""🔄 Adjust Your Routine"":""What can you tweak in your routine to better meet your needs and goals?"",""🔍 Reflect on Progress"":""How have your new habits fit into your daily life so far?"",""🕒 Time Management Tweaks"":""What adjustments can you make to your schedule to improve your routine's effectiveness?""}","[""Which routine habit feels most in need of adjustment?""]",,,building_habits,
139,20,Unconditional Self-Acceptance 🌟,The Foundation of True Change,"Hi _CLIENTNAME_! 🌟

Today, let's focus on the importance of unconditional self-acceptance before self-discipline. Accepting yourself as you are is the foundation for genuine growth.

**Here’s how:**

1. 💖 **Embrace Self-Acceptance**: Understand that self-improvement begins with accepting yourself unconditionally.
   - 📌 Example: Reflect on qualities you appreciate about yourself, regardless of your cannabis use.

2. 🧘‍♂️ **Shift Your Focus**: Focus on self-acceptance rather than self-discipline driven by self-criticism.
   - 📌 Example: Practice daily affirmations that reinforce your inherent worth.

By prioritizing self-acceptance, you create a supportive foundation for any changes you wish to make.",life,,,"{""✨ The Power of Radical Acceptance"":""https://www.youtube.com/watch?v=V8oFemGi5EY"",""🤔 Is self acceptance really worth it?"":""https://www.reddit.com/r/DecidingToBeBetter/comments/u4lmbw/is_self_acceptance_really_worth_it/"",""🧐 What does self-acceptance really means?"":""https://www.reddit.com/r/Healthygamergg/comments/y361rm/what_does_selfacceptance_really_means/"",""🧘‍♂️ How do you practice self acceptance?"":""https://www.reddit.com/r/CasualConversation/comments/tw5565/how_do_you_practice_self_acceptance/"",""💪 The Power Of Self Acceptance - How To Stop Beating Yourself Up"":""https://www.youtube.com/watch?v=GcNGtZPPSS8"",""🧘‍♂️ Advice: Unconditional self-acceptance before pursuing goals"":""https://www.reddit.com/r/getdisciplined/comments/ap33v7/advice_unconditional_selfacceptance_before/"",""🧘 Learn Self Acceptance Self Confidence By Letting Go Of Ego & Being Yourself"":""https://www.youtube.com/watch?v=VCvebusD5Fo""}","{""📌 Daily Affirmations"":""Can you suggest some daily affirmations to help reinforce my inherent worth?"",""📌 Reflect on Qualities"":""What qualities about myself should I reflect on to foster self-acceptance?"",""💖 Embrace Self-Acceptance"":""How can I start embracing unconditional self-acceptance in my daily life?"",""🧘‍♂️ Shift Your Focus"":""How can I shift my focus from self-discipline driven by self-criticism to self-acceptance?""}","[""What qualities do you truly appreciate about yourself?""]",,,awareness,
140,21,Understanding Your Triggers 🔍,Identify Patterns,"**Hi _CLIENTNAME_! 🌟**

This week, we’ll focus on increasing your awareness of your habits and patterns with cannabis. We'll start by identifying the triggers that prompt your cannabis use. 🔍

**Here’s how:**

1. **Observe Triggers**: Pay attention to when and where you feel the urge to use cannabis.
   - 🕒 **Example**: Is it when you're stressed, bored, or around certain people?

2. **Track Patterns**: Write down these moments to identify patterns.
   - 📓 **Example**: Keep a journal to note the time, place, and situation when you feel the urge.

By understanding your triggers, you can develop strategies to manage them more effectively.",life,,,"{""🚬 Will the urge to smoke ever go away?"":""https://www.reddit.com/r/NoStupidQuestions/comments/y8j8uw/will_the_urge_to_smoke_ever_go_away/""}","{""👥 Social Triggers"":""Are there specific people or social settings that influence your cannabis use? How can you address these?"",""📓 Track and Reflect"":""How can writing down your triggers help you develop strategies to manage them?"",""🔍 Identify Triggers"":""What are some common situations or emotions that prompt your cannabis use?"",""🕒 Observe Usage Patterns"":""Can you keep a journal to track when and where you feel the urge to use cannabis?""}","[""When do you most often feel the urge to use?""]",,,awareness,
141,22,Emotional Triggers 🌿,Understand and Manage Your Feelings,"**Hi _CLIENTNAME_! 🌟**

Today, we’ll dive deeper into understanding your emotional triggers for cannabis use. Recognizing the link between your emotions and your use can help you develop healthier coping strategies.

**Here’s how:**

1. **Identify Emotions**: Notice what emotions arise when you feel the urge to use cannabis.
   - 🧠 Example: Are you feeling stressed, bored, or anxious? Write down the specific emotions you experience.

2. **Connect the Dots**: Reflect on how these emotions lead to cannabis use.
   - 🧩 Example: Do you use cannabis to escape stress or boredom? Understand the role cannabis plays in your emotional response.

3. **Patterns and Triggers**: Track when and why these emotions occur.
   - 📅 Example: In your  journal note the time, place, and situation when you feel these emotions.

4. **Healthy Alternatives**: Develop new strategies to manage these emotions without cannabis.
   - 🌱 Example: Try deep breathing, exercise, or talking to a friend when you feel stressed or anxious.

5. **Reflect on Impact**: Consider how addressing these emotional triggers can change your relationship with cannabis.
   - 💭 Example: Reflect on the benefits of dealing with emotions in healthier ways.

By understanding and managing your emotional triggers, you can make more intentional choices about your cannabis use.",life,,,"{""🔥Here's what to do when you're triggered"":""https://www.youtube.com/watch?v=l3i8SfOk5FU"",""😔 Used weed to hide from my feelings for years, now I don't know who I am"":""https://www.reddit.com/r/depression/comments/392hec/used_weed_to_hide_from_my_feelings_for_years_now/"",""😌 Serious: When you're triggered, what coping skills do you use to help you calm down?"":""https://www.reddit.com/r/AskReddit/comments/onyz07/serious_when_youre_triggered_what_coping_skills/""}","{""📅 Track Patterns"":""How can I effectively track when and why my emotional triggers occur to better manage my cannabis use?"",""🔍 Connect the Dots"":""What role do specific emotions play in my decision to use cannabis, and how can I better understand this connection?"",""🌿 Emotional Triggers"":""How can I identify and understand the emotions that trigger my cannabis use?"",""🌱 Healthy Alternatives"":""What are some healthy strategies I can use to manage my emotions without relying on cannabis?""}","[""What emotions trigger your urge to use cannabis most often?""]",,,awareness,
142,23,Managing Social Triggers 👬,Dealing with Smokin' Friends,"Great job so far! Today, let’s focus on environmental and social triggers. Consider your surroundings and interactions. Are there specific places, activities, or people that make you want to use cannabis? Understanding these triggers helps you manage them effectively. 🌱🧑‍🤝‍🧑

**Here’s how:**

1. **Identify Triggers**: Reflect on your surroundings and interactions when you feel the urge to use cannabis.
   - 🏠👥 Example: Is it at home, at a friend's house, or during social events with certain people?

2. **Communicate Your Intentions**: Make it clear to friends that you don’t intend to smoke.
   - 🗣️ Example: Have an open conversation with your friends about your goals and ask for their support.

3. **Plan Alternative Activities**: Suggest or engage in activities that don’t involve cannabis.
   - 🎨 Example: Plan a movie night, hike, or a creative project with your friends.

By identifying and communicating your intentions, you can create a supportive environment and stay on track with your weed-free journey.",life,LO-Use-State,I want to stop entirely,"{""How to change environment for bad habit?"":""https://www.reddit.com/r/Habits/comments/111gizo/how_to_change_environment_for_bad_habit/"",""🛤️ What are some steps we can take when something bad happens?"":""https://www.reddit.com/r/Stoicism/comments/1ajwspn/what_are_some_steps_we_can_take_when_something/"",""😅 How do you guys deal with being the only one in a social situation?"":""https://www.reddit.com/r/socialskills/comments/2r7p4l/how_do_you_guys_deal_with_being_the_only_one_in_a/""}","{""🔍 Identify Triggers"":""How can I pinpoint specific places, activities, or people that trigger my cannabis use?"",""📍 Reflect on Surroundings"":""How can I assess my environment to better support my weed-free goals?"",""🗣️ Communicate Intentions"":""What are some effective ways to talk to my friends about my goal to maintain a weed-free lifestyle?"",""🎨 Plan Alternative Activities"":""Can you suggest some engaging activities that don’t involve cannabis?""}","[""What places or people trigger your cannabis use the most?""]",,,awareness,
143,23,Managing Social Triggers 👬,Dealing with Smokin' Friends,"Great job so far! Today, let’s focus on environmental and social triggers. Consider your surroundings and interactions. Are there specific places, activities, or people that make you want to use cannabis? Understanding these triggers helps you manage them effectively. 🌱🧑‍🤝‍🧑

**Here’s how:**

1. **Identify Triggers**: Reflect on your surroundings and interactions when you feel the urge to use cannabis.
   - 🏠👥 Example: Is it at home, at a friend's house, or during social events with certain people?

2. **Communicate Your Intentions**: Make it clear to friends that you don’t intend to smoke.
   - 🗣️ Example: Have an open conversation with your friends about your goals and ask for their support.

3. **Plan Alternative Activities**: Suggest or engage in activities that don’t involve cannabis.
   - 🎨 Example: Plan a movie night, hike, or a creative project with your friends.

By identifying and communicating your intentions, you can create a supportive environment and stay on track with your weed-free journey.",life,LO-Use-State,I want to moderate my use,"{""How to change environment for bad habit?"":""https://www.reddit.com/r/Habits/comments/111gizo/how_to_change_environment_for_bad_habit/"",""🛤️ What are some steps we can take when something bad happens?"":""https://www.reddit.com/r/Stoicism/comments/1ajwspn/what_are_some_steps_we_can_take_when_something/"",""😅 How do you guys deal with being the only one in a social situation?"":""https://www.reddit.com/r/socialskills/comments/2r7p4l/how_do_you_guys_deal_with_being_the_only_one_in_a/""}","{""🔍 Identify Triggers"":""How can I pinpoint specific places, activities, or people that trigger my cannabis use?"",""📍 Reflect on Surroundings"":""How can I assess my environment to better support my moderation goals?"",""🗣️ Communicate Intentions"":""What are some effective ways to talk to my friends about my goal to moderate cannabis use?"",""🎨 Plan Alternative Activities"":""Can you suggest some engaging activities that don’t involve cannabis?""}","[""What places or people trigger your cannabis use the most?""]",,,awareness,
144,24,Socratic Self-Examination 🌟,Discover Your Why,"**Hi _CLIENTNAME_! 🌟 You’re doing great! 🎉** Today, let’s use Socratic questioning to explore your motivations. Like Socrates, who used probing questions to gain deeper insights, let's examine why we use cannabis and what we gain from moderation.

**Here’s how:**

1. **🧠 Ask Yourself:** ""Why do I use cannabis?""
   - Example: Is it for relaxation, social reasons, or to cope with stress?

2. **🔍 Question Further:** ""What do I gain from moderation?""
   - Example: Improved health, better focus, or enhanced well-being?

Using these questions, you can gain a deeper understanding of your motivations and make more intentional choices.",life,LO-Use-State,I want to moderate my use,"{""🧠 Unexamined life not worth living by Socrates"":""https://www.reddit.com/r/askphilosophy/comments/x784g/unexamined_life_not_worth_living_by_socrates/"",""🧐 Examine Your Life like an Ancient Philosopher"":""https://www.youtube.com/watch?v=5Rk7wU0VTUQ"",""💬 How can I practice a Socratic dialogue with myself?"":""https://www.reddit.com/r/Stoicism/comments/23rr3c/how_can_i_practice_a_socratic_dialogue_with_myself/"",""🧐 What did Socrates mean when he said \""An unexamined life is not worth living\""?"":""https://www.reddit.com/r/philosophy/comments/oweqr/what_did_socrates_mean_when_he_said_an_unexamined/"",""🗣️ How to Use the Socratic Method (for Dialogue, Debate and Critical Thinking)"":""https://www.youtube.com/watch?v=USo7V6kwfEk""}","{""🧠 Why Use Cannabis"":""Why do I use cannabis and what triggers these moments?"",""🧐 Intentional Choices"":""What specific questions can I ask myself to become more aware of my cannabis habits?"",""🔍 Gain from Moderation"":""What benefits have I noticed from moderating my cannabis use?"",""🎯 Motivational Insights"":""How can understanding my reasons for using cannabis help me make better choices?""}","[""What motivates your choices around cannabis use?""]",,,awareness,
145,24,Socratic Self-Examination 🌟,Discover Your Why,"**Hi _CLIENTNAME_! 🌟 You’re doing great! 🎉** Today, let’s use Socratic questioning to explore your motivations. Like Socrates, who used probing questions to gain deeper insights, let's examine why we use cannabis and what we gain from moderation.

**Here’s how:**

1. **🧠 Ask Yourself:** ""Why do I use cannabis?""
   - Example: Is it for relaxation, social reasons, or to cope with stress?

2. **🔍 Question Further:** ""What do I gain from moderation?""
   - Example: Improved health, better focus, or enhanced well-being?

Using these questions, you can gain a deeper understanding of your motivations and make more intentional choices.",life,LO-Use-State,I want to stop entirely,"{""🧠 Unexamined life not worth living by Socrates"":""https://www.reddit.com/r/askphilosophy/comments/x784g/unexamined_life_not_worth_living_by_socrates/"",""🧐 Examine Your Life like an Ancient Philosopher"":""https://www.youtube.com/watch?v=5Rk7wU0VTUQ"",""💬 How can I practice a Socratic dialogue with myself?"":""https://www.reddit.com/r/Stoicism/comments/23rr3c/how_can_i_practice_a_socratic_dialogue_with_myself/"",""🧐 What did Socrates mean when he said \""An unexamined life is not worth living\""?"":""https://www.reddit.com/r/philosophy/comments/oweqr/what_did_socrates_mean_when_he_said_an_unexamined/"",""🗣️ How to Use the Socratic Method (for Dialogue, Debate and Critical Thinking)"":""https://www.youtube.com/watch?v=USo7V6kwfEk""}","{""🧠 Why Use Cannabis"":""Why do I use cannabis and what triggers these moments?"",""🧐 Intentional Choices"":""What specific questions can I ask myself to become more aware of my cannabis habits?"",""🎯 Motivational Insights"":""How can understanding my reasons for using cannabis help me make better choices?"",""🔍 Gain from Being Weed-Free"":""What benefits have I noticed from being weed-free?""}","[""What motivates your choices around cannabis use?""]",,,awareness,
146,25,Death Awareness 💡,Make Life Matter,"**Prioritize What Matters**: Today, let’s use awareness of mortality to prioritize what truly matters. Steve Jobs once said, ""Remembering that you are going to die is the best way I know to avoid the trap of thinking you have something to lose.""

**Here’s how:**

1. **🧘‍♂️ Reflect on Mortality:** Consider how being aware of your mortality can help you focus on what truly matters in life.
   - 📌 Example: How do your current goals align with living a fulfilling and intentional life?

2. **🎯 Align Your Goals:** Reflect on your goals and how they contribute to a meaningful life.
   - 📌 Example: Are you prioritizing activities and habits that truly matter to you?

By keeping death awareness in mind, you can prioritize what truly matters and live a more fulfilling and intentional life.",life,,,"{""🗣️ Three Dying People Talk About Death | On Death | Cut"":""https://www.youtube.com/watch?v=dkxjuyAVccY&rco=1"",""💀 How contemplating your death everyday can lead to a better life"":""https://www.reddit.com/r/DecidingToBeBetter/comments/3puwvq/how_contemplating_your_death_everyday_can_lead_to/"",""🧠 Sam Harris on death the awareness of death to improve each moment of our lives."":""https://www.youtube.com/watch?v=Vrk1tL2wJU8""}","{""💡 Death Awareness"":""How can reflecting on mortality help me prioritize what truly matters in life?"",""🎯 Align Your Goals"":""How can I reassess my current goals to ensure they contribute to a fulfilling life?"",""🔍 Meaningful Priorities"":""What steps can I take to align my daily activities with what truly matters to me?"",""🧘‍♂️ Reflect on Mortality"":""Can you guide me on how to use mortality awareness to focus on meaningful goals?""}","[""What would you change if you knew time was limited?""]",,,awareness,
147,26,Embrace Kaizen,"Small Steps, Big Changes","**Embrace Continuous Improvement**: Today, let’s embrace the Kaizen philosophy of making small, incremental improvements. Toyota used this approach to become one of the most reliable car manufacturers by encouraging small, continuous enhancements.

**Here’s how:**

1. 🌱 **Identify Small Changes:** Each day, pick one small change to improve your life.
   - Example: Spend 10 minutes reading or meditating.

2. 📊 **Track Your Progress:** Keep a record of these changes and their impact over a month.
   - Example: Use the Clear30 Journals to note each change and its effect. 

By making small, continuous improvements, you can gradually enhance your life and achieve your goals more effectively.",life,,,"{""🚀 Kaizen is changing the game"":""https://www.reddit.com/r/productivity/comments/9785xm/kaizen_is_changing_the_game/"",""📈 Steve Jobs on Continuous Improvement"":""https://www.youtube.com/watch?v=Wc6bI16xuko"",""💡 The Japanese philosophy of Kaizen showed me the..."":""https://www.reddit.com/r/productivity/comments/mjbbcj/the_japanese_philosophy_of_kaizen_showed_me_the/"",""🔄 Kaizen: The Japanese Art of Continuous Improvement"":""https://www.reddit.com/r/productivity/comments/rw42w7/kaizen_the_japanese_art_of_continuous_improvement/"",""📚 TIL: The Japanese work philosophy of Kaizen where..."":""https://www.reddit.com/r/todayilearned/comments/e4vs4w/til_the_japanese_work_philosophy_of_kaizen_where/"",""🇯🇵 A Japanese Philosophy That Will IMPROVE Your Life Kaizen"":""https://www.youtube.com/watch?v=fnLbAKA78D8"",""🧠 Sam Harris on death the awareness of death to improve each moment of our lives."":""https://www.youtube.com/watch?v=Vrk1tL2wJU8"",""🧩 What is Kaizen - Explained in simple language with examples - Continuous Improvement"":""https://www.youtube.com/watch?v=NFrwxzUhfNA""}","{""🔄 Kaizen in Action"":""Can you suggest simple daily habits that align with the Kaizen philosophy?"",""📊 Track Your Progress"":""What are effective ways to track and evaluate my progress over time?"",""💪 Continuous Improvement"":""How can I stay motivated to make and maintain incremental improvements?"",""🌱 Small Changes, Big Impact"":""How can I identify small changes to improve my daily routine?""}","[""What's one tiny change you can make today for a better tomorrow?""]",,,awareness,
148,27,80/20 Rule 🌟,Focus on What Matters,"**Focus on What Matters**: Today, let’s use the 80/20 Rule to prioritize our actions. Vilfredo Pareto, the Italian economist, noticed that 20% of his pea plants produced 80% of the healthy pods. This led to the realization that 20% of efforts often produce 80% of results.

**Here’s how:**

1. 🌟 **Identify Key Activities:** Focus on the 20% of actions that will produce 80% of the results.
   - 🏋️‍♂️ Example: Exercise, healthy eating, and quality sleep for well-being.

2. 🗓️ **Prioritize These Activities:** Allocate most of your time and energy to these impactful activities.
   - 📅 Example: Schedule your day around these key activities.

By focusing on the few key activities that have the most significant impact, you can achieve your goals more efficiently and improve your overall well-being.",life,,,"{""📈 How to Maximize The 80/20 Rule"":""https://www.youtube.com/watch?v=c41-6GAHg1Q"",""What's your most impactful 20%, and why?"":""https://www.reddit.com/r/getdisciplined/comments/1209236/advice_life_is_too_short_to_be_a_chump_the_8020/"",""🚀Method: 80/20 Rule Does Work and It Is the Best Way"":""https://www.reddit.com/r/getdisciplined/comments/hifje3/method_8020_rule_does_work_and_it_is_the_best_way/"",""🔥 Advice: Life is too short to be a chump. The 80/20 Rule"":""https://www.reddit.com/r/productivity/comments/zqyyz9/how_have_you_used_the_8020_rule_in_your_life/"",""📊 The Pareto Principle - 80/20 Rule - Do More by Doing Less (animated)"":""https://www.youtube.com/watch?v=EAynHZE-lK4"",""🚀 How to Instantly Be More Productive – The 80/20 Principle by Richard Koch"":""https://www.youtube.com/watch?v=V28B_xOJzK4""}","{""🌟 Key Activities Focus"":""How can I identify the 20% of actions that will produce 80% of the results in my daily routine?"",""📅 Efficient Goal Achievement"":""Can you help me create a schedule that focuses on the most impactful activities?"",""🗓️ Prioritize Impactful Actions"":""What are some strategies to prioritize and allocate time to these key activities?"",""🏋️‍♂️ Healthy Lifestyle Application"":""How can I apply the 80/20 Rule to improve my health and well-being?""}","[""What's your most impactful 20%, and why?""]",,,awareness,
149,28,Heuristic Techniques 🧠,Simplify Your Decisions,"**Simplify Your Decisions**: Today, let’s use heuristic techniques like the ""rule of thumb"" or ""trial and error"" to simplify decision-making and problem-solving. Thomas Edison famously used the rule of thumb: ""Test anything that might work as a filament."" This heuristic led him to try thousands of materials until he found carbonized bamboo, which worked best for his light bulbs.

**Here’s how:**

1. 🛠️ **Use Heuristics:** Apply simple rules or trial and error to make decisions.
   - 🌿 Example: When choosing a healthy meal, use the rule of thumb: ""Pick foods with the fewest ingredients.""

2. 🤔 **Reflect on a Recent Decision:** Think about a recent decision you made using heuristics.
   - 🚗 Example: Did you choose a route to work based on the quickest one in the past?

By using heuristic techniques, you can simplify complex decisions and solve problems more efficiently.",life,,,"{""🤔 ELI5: What is a heuristic?"":""https://www.reddit.com/r/explainlikeimfive/comments/mgoqbn/eli5_what_is_a_heuristic/"",""🔍 Heuristics That Almost Always Work"":""https://www.reddit.com/r/slatestarcodex/comments/sntwba/heuristics_that_almost_always_work/"",""🧠 What Are Your Generalisable Heuristics For?"":""https://www.reddit.com/r/slatestarcodex/comments/xzs8ut/what_are_your_generalisable_heuristics_for/""}","{""🛠️ Use Heuristics"":""How can I apply simple rules or trial and error to make better decisions in my everyday life?"",""🌿 Healthy Meal Choices"":""What are some easy heuristics I can use to choose healthier meals?"",""🤔 Reflect on Decisions"":""Can you think of a recent decision where you used a heuristic? How did it help you?"",""🚗 Quick Route Selection"":""What's an example of using heuristics to choose the quickest route to work or other destinations?""}","[""What's a recent decision you simplified with a rule of thumb?""]",,,awareness,
150,29,Focus on Presence 🌟,Experience Cannabis Fully,"Hi _CLIENTNAME_! 🌟

Today, let’s focus on staying present during your cannabis use. Fully experience the effects and notice how it impacts your thoughts, emotions, and body. 🌿

**Stay Present**: Mindful cannabis use means paying close attention to the effects and sensations during your session.

**Here’s how:**

1. 🧠 **Notice Thoughts**: Observe any changes in your thinking patterns.
   - 📌 Example: Are your thoughts racing or becoming more creative?

2. 💖 **Acknowledge Emotions**: Tune into your emotional state.
   - 📌 Example: Do you feel more relaxed, anxious, or joyful?

3. 🏃‍♂️ **Feel Physical Sensations**: Pay attention to how your body responds.
   - 📌 Example: Do you notice any changes in muscle tension or energy levels?

By practicing mindfulness during cannabis use, you can develop a deeper understanding of its effects and make more intentional choices.",life,LO-Use-State,I want to moderate my use,"{""Feeling super present while hight"":""https://www.reddit.com/r/spirituality/comments/1aol4q4/feeling_super_present_while_high/""}","{""🧠 Notice Thoughts"":""How do your thinking patterns change when you use cannabis?"",""🌿 Mindful Cannabis Use"":""How can staying present enhance your cannabis experience?"",""💖 Acknowledge Emotions"":""Can you describe the emotional shifts you experience while using cannabis?"",""🏃‍♂️ Feel Physical Sensations"":""What physical sensations do you notice during cannabis use?""}","[""How does cannabis shift your emotions and thoughts?""]",,,awareness,
151,29,Focus on Presence 🌟,Experience Life Fully,"Hi _CLIENTNAME_! 🌟

Today, let’s focus on staying present in your daily life. Fully experience each moment and notice how it impacts your thoughts, emotions, and body. 🌿

**Stay Present**: Mindful living means paying close attention to the effects and sensations throughout your day.

**Here’s how:**

1. 🧠 **Notice Thoughts**: Observe any changes in your thinking patterns.
   - 📌 Example: Are your thoughts clearer or more focused?

2. 💖 **Acknowledge Emotions**: Tune into your emotional state.
   - 📌 Example: Do you feel more balanced, calm, or joyful?

3. 🏃‍♂️ **Feel Physical Sensations**: Pay attention to how your body responds.
   - 📌 Example: Do you notice improved energy levels or reduced tension?

By practicing mindfulness in your everyday activities, you can develop a deeper understanding of yourself and make more intentional choices. 🚀",life,LO-Use-State,I want to stop entirely,"{""Feeling super present while hight"":""https://www.reddit.com/r/spirituality/comments/1aol4q4/feeling_super_present_while_high/""}","{""🌿 Mindful Living"":""How can I incorporate mindfulness into my daily routine to better understand my thoughts and emotions?"",""🧠 Notice Thoughts"":""What are some techniques to help me observe changes in my thinking patterns throughout the day?"",""💖 Acknowledge Emotions"":""How can I effectively tune into and understand my emotional state?"",""🏃‍♂️ Physical Sensations"":""What should I pay attention to in my body to notice changes in energy levels or tension?""}","[""When are you most present in your daily life?""]",,,awareness,
152,30,The Mindful Creativity 🌟,Discover Your Creative Flow,"Hi _CLIENTNAME_! 🌟

Today, let’s explore the idea of mindful creativity. Notice how abstaining from cannabis affects your creative activities, like art, writing, or music. 🎨

**Here’s how:**

1. 🧠 **Observe Your Process**: Pay attention to how being cannabis-free influences your creativity.
   - 📌 Example: Do you find your creative flow more consistent and focused?

2. 🎨 **Engage Fully**: Immerse yourself in a creative activity and note any changes in your thoughts and emotions.
   - 📌 Example: Are your ideas clearer and more coherent?

By mindfully observing how abstaining from cannabis affects your creativity, you can better understand and optimize your creative process. 🚀",life,LO-Use-State,I want to moderate my use,"{""🎨 Creativity Without Marijuana"":""https://www.reddit.com/r/leaves/comments/sf636k/creativity_without_marijuana/"",""🎶 Do you think weed makes you more creative?"":""https://www.reddit.com/r/WeAreTheMusicMakers/comments/rx0g0o/do_you_think_weed_makes_you_more_creative/"",""🚫 Weed Does Not Make You Creative or Artistic"":""https://www.reddit.com/r/unpopularopinion/comments/eufbkb/weed_does_not_make_you_creative_or_artistic/"",""🤔 Does Anyone Actually Feel More Creative Not?"":""https://www.reddit.com/r/leaves/comments/qt7d4l/does_anyone_actually_feel_more_creative_not/"",""🛑 The Stoner Creative Who Quit Weed for 6 Months"":""https://www.reddit.com/r/leaves/comments/1af2mqj/the_stoner_creative_who_quit_weed_for_6_months/"",""🎨 How to Be More Creative | Rick Rubin & Dr. Andrew Huberman"":""https://www.youtube.com/watch?v=mceyIZmu8aI"",""🍃 Does Cannabis (Marijuana) Use Increase Creativity? | Dr. Andrew Huberman"":""https://www.youtube.com/watch?v=anuUHrEabDU""}","{""🎨 Engage Fully"":""What changes do you notice in your thoughts and emotions when you immerse yourself in a creative activity without cannabis?"",""🔍 Mindful Creativity"":""Can you describe any differences in the clarity and coherence of your ideas while abstaining from cannabis?"",""🧠 Observe Your Process"":""How does being cannabis-free influence your creative flow and focus?"",""🌟 Optimize Your Creativity"":""How can you use your observations to enhance your creative process while staying cannabis-free?""}","[""How does cannabis impact your creative flow and focus?""]",,,awareness,
153,30,The Mindful Creativity 🌟,Discover Your Creative Flow,"Hi _CLIENTNAME_! 🌟

Today, let’s explore the idea of mindful creativity. Notice how abstaining from cannabis affects your creative activities, like art, writing, or music. 🎨

**Here’s how:**

1. 🧠 **Observe Your Process**: Pay attention to how being cannabis-free influences your creativity.
   - 📌 Example: Do you find your creative flow more consistent and focused?

2. 🎨 **Engage Fully**: Immerse yourself in a creative activity and note any changes in your thoughts and emotions.
   - 📌 Example: Are your ideas clearer and more coherent?

By mindfully observing how abstaining from cannabis affects your creativity, you can better understand and optimize your creative process. 🚀",life,LO-Use-State,I want to stop entirely,"{""🎨 Creativity Without Marijuana"":""https://www.reddit.com/r/leaves/comments/sf636k/creativity_without_marijuana/"",""🎶 Do you think weed makes you more creative?"":""https://www.reddit.com/r/WeAreTheMusicMakers/comments/rx0g0o/do_you_think_weed_makes_you_more_creative/"",""🚫 Weed Does Not Make You Creative or Artistic"":""https://www.reddit.com/r/unpopularopinion/comments/eufbkb/weed_does_not_make_you_creative_or_artistic/"",""🤔 Does Anyone Actually Feel More Creative Not?"":""https://www.reddit.com/r/leaves/comments/qt7d4l/does_anyone_actually_feel_more_creative_not/"",""🛑 The Stoner Creative Who Quit Weed for 6 Months"":""https://www.reddit.com/r/leaves/comments/1af2mqj/the_stoner_creative_who_quit_weed_for_6_months/"",""🎨 How to Be More Creative | Rick Rubin & Dr. Andrew Huberman"":""https://www.youtube.com/watch?v=mceyIZmu8aI"",""🍃 Does Cannabis (Marijuana) Use Increase Creativity? | Dr. Andrew Huberman"":""https://www.youtube.com/watch?v=anuUHrEabDU""}","{""🎨 Engage Fully"":""What changes do you notice in your thoughts and emotions when you immerse yourself in a creative activity without cannabis?"",""🔍 Mindful Creativity"":""Can you describe any differences in the clarity and coherence of your ideas while abstaining from cannabis?"",""🧠 Observe Your Process"":""How does being cannabis-free influence your creative flow and focus?"",""🌟 Optimize Your Creativity"":""How can you use your observations to enhance your creative process while staying cannabis-free?""}","[""How does being cannabis-free change your creative flow?""]",,,awareness,
154,31,Cannabis and Social Interactions 🌟,How Does It Affect You?,"Hi _CLIENTNAME_! 🌟

Today, focus on the social aspects of cannabis use. How does it affect your interactions with others? 🌐

**Here’s how:**

1. 🗣️ **Observe Your Behavior**: Notice how cannabis influences your social interactions.
   - 📌 Example: Are you more relaxed, anxious, or something else?

2. 🤝 **Engage Mindfully**: Pay attention to your communication and connection with others.
   - 📌 Example: Do you feel more open or withdrawn?

By mindfully observing the impact of cannabis on your social interactions, you can better understand its effects on your social life.",life,LO-Use-State,I want to moderate my use,"{""🍃 Smoking weed and social skills"":""https://www.reddit.com/r/socialskills/comments/11j4k7u/smoking_weed_and_social_skills/""}","{""🌐 Social Impact"":""Can you describe the changes in your social behavior when using cannabis?"",""🤝 Engage Mindfully"":""In what ways does cannabis affect your communication and connection with others?"",""🗣️ Observe Your Behavior"":""How does cannabis use influence your social interactions?"",""🍃 Smoking weed and social skills"":""How does cannabis change your social interactions?""}","[""How does cannabis change your social interactions?""]",,,awareness,
155,31,Social Interactions 🌟,How Does Abstaining Affect You?,"Hi _CLIENTNAME_! 🌟

Today, focus on the social aspects of abstaining from cannabis. How does it affect your interactions with others? 🌐

**Here’s how:**

1. 🗣️ **Observe Your Behavior**: Notice how being cannabis-free influences your social interactions.
   - 📌 Example: Are you more relaxed, confident, or something else?

2. 🤝 **Engage Mindfully**: Pay attention to your communication and connection with others.
   - 📌 Example: Do you feel more present or engaged?

By mindfully observing the impact of abstaining from cannabis on your social interactions, you can better understand its effects on your social life. 🚀",life,LO-Use-State,I want to stop entirely,"{""🍃 Smoking weed and social skills"":""https://www.reddit.com/r/socialskills/comments/11j4k7u/smoking_weed_and_social_skills/""}","{""🌐 Social Impact"":""How does abstaining from cannabis affect your confidence and relaxation in social settings?"",""🔍 Self-Observation"":""What changes have you noticed in your behavior and communication when you abstain from cannabis?"",""🤝 Engage Mindfully"":""Do you feel more present or engaged in conversations when abstaining from cannabis?"",""🗣️ Observe Behavior"":""How does being cannabis-free influence your social interactions?""}","[""How has abstaining from cannabis changed your social interactions?""]",,,awareness,
156,32,Cannabis Rituals 🔍,Reflect on Your Habits,"Hi _CLIENTNAME_! 🌟

Today, think about the rituals and habits surrounding your cannabis use. Are there specific times, places, or routines that you associate with it? 🔄

**Here’s how:**

1. 🕒 **Identify Patterns**: Reflect on the rituals and habits you have around cannabis use.
   - 📌 Example: Are there specific times or places you always use cannabis?

2. 🔄 **Understand Routines**: Consider what routines you associate with cannabis.
   - 📌 Example: Do you have any pre- or post-use rituals?

By reflecting on these rituals, you can gain insights into your usage patterns and make more intentional choices.",life,LO-Use-State,I want to moderate my use,"{""🧠 Anyone else here feel more addicted to the idea of smoking than actually smoking?"":""https://www.reddit.com/r/leaves/comments/10f3r2q/anyone_else_here_feel_more_addicted_to_the/""}","{""🔍 Reflect on Habits"":""How can I identify the specific times and places I associate with cannabis use?"",""🕒 Identify Patterns"":""What are some common patterns in my cannabis rituals that I should be aware of?"",""🌟 Intentional Choices"":""How can reflecting on my cannabis habits lead to more intentional usage?"",""🔄 Understand Routines"":""Can you help me analyze the routines I have before and after using cannabis?""}","[""What emotions do your cannabis rituals evoke in you?""]",,,awareness,
157,32,New Rituals 🔍,Reflect on Your Habits,"Hi _CLIENTNAME_! 🌟

Today, think about the rituals and habits you can develop while abstaining from cannabis. Are there specific times, places, or routines that you can associate with new, healthy habits? 🔄

**Here’s how:**

1. 🕒 **Identify Patterns**: Reflect on the new rituals and habits you can form without cannabis.
   - 📌 Example: Are there specific times or places you can dedicate to new activities?

2. 🔄 **Understand Routines**: Consider what routines you can establish in place of cannabis use.
   - 📌 Example: Do you have any new pre- or post-activity rituals?

By reflecting on these new rituals, you can gain insights into building healthier habits and making more intentional choices. 🚀",life,LO-Use-State,I want to stop entirely,"{""🧠 Anyone else here feel more addicted to the idea of smoking than actually smoking?"":""https://www.reddit.com/r/leaves/comments/10f3r2q/anyone_else_here_feel_more_addicted_to_the/""}","{""🔍 New Rituals"":""What new rituals can I develop to replace my cannabis use?"",""📌 Reflect on Habits"":""How can reflecting on my current habits help me build healthier ones?"",""🕒 Identify Patterns"":""How can I identify specific times or places to dedicate to new, healthy activities?"",""🔄 Understand Routines"":""What routines can I establish to replace my cannabis use?""}","[""What new rituals can replace your cannabis habits?""]",,,awareness,
158,33,Mindful Abstinence 🚀,Assessing Your Progress,"Hi _CLIENTNAME_! 🌟

You’ve done amazing this week! 🎉 Today, let’s wrap up by considering how mindfulness has impacted your abstinence from cannabis. What changes have you noticed, and how will you continue to practice mindful living?

**Here’s how:**

1. 🧘‍♂️ **Reflect on Changes**: Reflect on the changes you’ve noticed through mindful abstinence.
   - 📌 Example: Have you experienced any improvements in awareness or control?

2. 📈 **Plan for Continuation**: Consider how you will continue to practice mindfulness in your daily life.
   - 📌 Example: What techniques will you keep using?

By assessing your progress, you can maintain and build on the positive changes you’ve made. 🚀",life,LO-Use-State,I want to stop entirely,"{""🎉 1 Year Sober: A Reflection"":""https://www.reddit.com/r/leaves/comments/103lcy1/1_year_sober_a_reflection/"",""🚭 I quit smoking weed and this is what happened"":""https://www.reddit.com/r/DecidingToBeBetter/comments/f0ymy4/i_quit_smoking_weed_and_this_is_what_happened/"",""🧘‍♂️ Serious inquiry about marijuana and meditation"":""https://www.reddit.com/r/Meditation/comments/zqile/serious_inquiry_about_marijuana_and_meditation/""}","{""🌟 Future Techniques"":""What mindfulness techniques will you keep using to support your goals?"",""🔍 Mindfulness Impact"":""How has mindfulness influenced your abstinence from cannabis this week?"",""📈 Plan for Continuation"":""How will you continue to practice mindfulness in your daily life?"",""🧘‍♂️ Reflect on Changes"":""What improvements in awareness or control have you noticed through mindful abstinence?""}","[""How has mindfulness changed your relationship with cannabis?""]",,,awareness,
159,33,Mindful Consumption 🚀,Assessing Your Progress,"Hi _CLIENTNAME_! 🌟

You’ve done amazing this week! 🎉 Today, let’s wrap up by considering how mindfulness has impacted your cannabis use. What changes have you noticed, and how will you continue to practice mindful consumption?

**Here’s how:**

1. 🧘‍♂️ **Reflect on Changes**: Reflect on the changes you’ve noticed through mindful consumption.
   - 📌 Example: Have you experienced any improvements in awareness or control?

2. 📈 **Plan for Continuation**: Consider how you will continue to practice mindfulness in your cannabis use.
   - 📌 Example: What techniques will you keep using?

By assessing your progress, you can maintain and build on the positive changes you’ve made.",life,LO-Use-State,I want to moderate my use,"{""🧘‍♂️ Serious inquiry about marijuana and meditation"":""https://www.reddit.com/r/Meditation/comments/zqile/serious_inquiry_about_marijuana_and_meditation/""}","{""🔄 Automate Good Habits"":""Can you help me identify ways to automate good decisions in my daily routine?"",""👀 Visual Cues for Success"":""What are some effective visual cues I can use to encourage positive habits?"",""🛑 Reduce Bad Habit Friction"":""How can I make it harder to engage in unwanted habits by adjusting my environment?"",""🏡 Environment Over Willpower"":""How can I change my surroundings to better support my cannabis moderation goals?""}","[""How has mindfulness improved your relationship with cannabis?""]",,,awareness,
160,34,Identifying Cognitive Distortions 🌟,Better decisions making,"Hi _CLIENTNAME_! 🌟

Today, let’s focus on identifying and reframing cognitive distortions in your thoughts about cannabis. Recognizing these distortions can help you think more clearly and make better decisions. 🧠

**Here’s how:**

1. **Recognize Distortions**: Identify common cognitive distortions in your thoughts about cannabis:
   - ⚫ **All-or-Nothing Thinking**: Viewing situations in black-and-white terms.
     - 📝 Example: ""I slipped up once, so I'm a total failure.""
   - 🔄 **Overgeneralization**: Making broad interpretations from a single event.
     - 📝 Example: ""I couldn’t resist today, so I’ll never be able to quit.""
   - 🚨 **Catastrophizing**: Expecting the worst possible outcome.
     - 📝 Example: ""If I don’t quit now, my life will be ruined.""
   - 🕵️ **Mental Filtering**: Focusing on the negatives and ignoring the positives.
     - 📝 Example: ""I had a craving today, ignoring the fact that I resisted yesterday.""

2. **Label and Reframe**: Write down one cognitive distortion you notice and reframe it into a more balanced thought.
   - 🔄 Example: Reframe ""I’ll never be able to quit"" to ""I had a setback today, but I can learn from it and keep trying.""

By identifying and reframing cognitive distortions, you can cultivate a healthier mindset and support your weed-free goals.",life,LO-Use-State,I want to stop entirely,"{""🧠 Common Cognitive Distortions"":""https://www.reddit.com/r/coolguides/comments/tecp7t/common_cognitive_distortions/"",""🤯 What are Cognitive Distortions?"":""https://www.youtube.com/watch?v=otFrNM7PnME"",""🧠 Cognitive Distortions and How to Correct Them"":""https://www.reddit.com/r/DecidingToBeBetter/comments/9d8j04/cognitive_distortions_and_how_to_correct_them/"",""😟 Common Cognitive Distortions That Feed Your Anxiety"":""https://www.reddit.com/r/Anxiety/comments/41ucq8/common_cognitive_distortions_that_feed_your/"",""🔍 I've identified the cognitive distortions... now what?"":""https://www.reddit.com/r/Stoicism/comments/14o4ne2/ive_identified_the_cognitive_distortions_now_what/"",""🧩 15 Styles of Distorted Thinking (Cognitive Distortions) | Psych2Go"":""https://www.youtube.com/watch?v=ZDVSMXiOSRQ""}","{""🚨 Catastrophizing"":""What steps can you take to reduce catastrophic thinking about your cannabis use?"",""🔄 Overgeneralization"":""How can you challenge an overgeneralization you’ve made about your ability to quit or moderate cannabis use?"",""✍️ Label and Reframe"":""Can you write down a cognitive distortion you’ve identified and reframe it into a more balanced thought?"",""🧠 Recognize Distortions"":""What are some common cognitive distortions you notice in your thoughts about cannabis?""}","[""What cognitive distortion do you most frequently engage in?""]",,,awareness,
161,34,Identifying Cognitive Distortions 🌟,Better decisions making,"Hi _CLIENTNAME_! 🌟

Today, let’s focus on identifying and reframing cognitive distortions in your thoughts about cannabis. Recognizing these distortions can help you think more clearly and make better decisions. 🧠

**Here’s how:**

1. **Recognize Distortions**: Identify common cognitive distortions in your thoughts about cannabis:
   - ⚫ **All-or-Nothing Thinking**: Viewing situations in black-and-white terms.
     - 📝 Example: ""I slipped up once, so I'm a total failure.""
   - 🔄 **Overgeneralization**: Making broad interpretations from a single event.
     - 📝 Example: ""I couldn’t resist today, so I’ll never be able to quit.""
   - 🚨 **Catastrophizing**: Expecting the worst possible outcome.
     - 📝 Example: ""If I don’t quit now, my life will be ruined.""
   - 🕵️ **Mental Filtering**: Focusing on the negatives and ignoring the positives.
     - 📝 Example: ""I had a craving today, ignoring the fact that I resisted yesterday.""

2. **Label and Reframe**: Write down one cognitive distortion you notice and reframe it into a more balanced thought.
   - 🔄 Example: Reframe ""I’ll never be able to quit"" to ""I had a setback today, but I can learn from it and keep trying.""

By identifying and reframing cognitive distortions, you can cultivate a healthier mindset and support your weed-free goals.",life,LO-Use-State,I want to moderate my use,"{""🧠 Common Cognitive Distortions"":""https://www.reddit.com/r/coolguides/comments/tecp7t/common_cognitive_distortions/"",""🤯 What are Cognitive Distortions?"":""https://www.youtube.com/watch?v=otFrNM7PnME"",""🧠 Cognitive Distortions and How to Correct Them"":""https://www.reddit.com/r/DecidingToBeBetter/comments/9d8j04/cognitive_distortions_and_how_to_correct_them/"",""😟 Common Cognitive Distortions That Feed Your Anxiety"":""https://www.reddit.com/r/Anxiety/comments/41ucq8/common_cognitive_distortions_that_feed_your/"",""🔍 I've identified the cognitive distortions... now what?"":""https://www.reddit.com/r/Stoicism/comments/14o4ne2/ive_identified_the_cognitive_distortions_now_what/"",""🧩 15 Styles of Distorted Thinking (Cognitive Distortions) | Psych2Go"":""https://www.youtube.com/watch?v=ZDVSMXiOSRQ""}","{""🚨 Catastrophizing"":""What steps can you take to reduce catastrophic thinking about your cannabis use?"",""🔄 Overgeneralization"":""How can you challenge an overgeneralization you’ve made about your ability to quit or moderate cannabis use?"",""✍️ Label and Reframe"":""Can you write down a cognitive distortion you’ve identified and reframe it into a more balanced thought?"",""🧠 Recognize Distortions"":""What are some common cognitive distortions you notice in your thoughts about cannabis?""}","[""What cognitive distortion do you most frequently engage in?""]",,,awareness,
162,35,Gratitude Practice 😊,Shift Focus to the Positive,"**Shift Your Focus**: Psychologists Robert Emmons and Michael McCullough found that people who kept gratitude journals reported fewer physical ailments and felt better about their lives. Today, let’s use gratitude journaling to shift focus from cravings to positive aspects of life.

**Here’s how:**

📝 **Start Journaling:** Write down three things you’re grateful for each day.
   - 🌞 Example: It could be as simple as appreciating a sunny day, a good meal, or a supportive friend.

By practicing gratitude, you can shift your focus to the positive aspects of life and enhance your overall well-being.",life,,,"{""🧘 How do you practice gratitude?"":""https://www.reddit.com/r/selfimprovement/comments/ohwlgo/how_do_you_practice_gratitude/"",""🙏 How do I train myself to become grateful?"":""https://www.reddit.com/r/Mindfulness/comments/qhimv8/how_do_i_train_myself_to_become_grateful/"",""😊 How to practice gratitude to improve your mental health"":""https://www.reddit.com/r/getdisciplined/comments/r5zxpb/how_to_practice_gratitude_to_improve_your_mental/"",""🙏 How Gratitude Can Change Your Life | Buddhism In English"":""https://www.youtube.com/watch?v=k3LXWRQ8V30"",""✨ PRACTICE GRATITUDE | Here is HOW TO DO IT - Dr. Joe Dispenza"":""https://www.youtube.com/watch?v=ZZ0cThanQ0w"",""🧠 NEUROSCIENTIST: Everyone Is Practising Gratitude Wrong! | Andrew Huberman"":""https://www.youtube.com/watch?v=ph1BuMRFJ88"",""📓 LPT: Practice gratitude journaling to improve your mental health and happiness"":""https://www.reddit.com/r/LifeProTips/comments/12la1sk/lpt_practice_gratitude_journaling_to_improve_your/"",""🌟 Two weeks ago I began practicing gratitude and it has helped my mental health tremendously"":""https://www.reddit.com/r/Mindfulness/comments/136qx84/two_weeks_ago_i_began_practicing_gratitude_and_it/""}","{""🌞 Daily Gratitude"":""How does appreciating simple things, like a sunny day or a good meal, impact your overall mood?"",""📝 Start Journaling"":""What are three things you're grateful for today?"",""📒 Gratitude Benefits"":""Can you share how keeping a gratitude journal has improved your physical and emotional well-being?"",""😊 Shift Focus to Positive"":""How can gratitude journaling help me feel better about my life and reduce cravings?""}","[""What three things fill your life with unexpected joy?""]",,,awareness,
163,36,Strengths-Based Approach 💡,Leverage Your Strengths,"**Leverage Your Strengths**: Today, let’s identify and use your personal strengths to support your moderation goals. Focusing on what you’re naturally good at can boost your confidence and make your goals more achievable.

**Here’s how:**

1. **Identify Your Strengths:** Reflect on what you excel at or enjoy doing.
   - 🗂️ Example: Are you good at organizing, staying disciplined, or supporting others?

2. **Apply Your Strengths:** Use these strengths to help achieve your moderation goals.
   - 📋 Example: If you’re good at organizing, create a detailed plan for your moderation journey.

By leveraging your personal strengths, you can build a more effective and satisfying path toward achieving your goals.",life,LO-Use-State,I want to moderate my use,"{""💪 Leveraging your strengths seems to be more productive"":""https://www.reddit.com/r/productivity/comments/i0kbq2/leveraging_your_strengths_seems_to_be_more/"",""😄 Want to Bring Out The Best in People? Start With Strengths | Chris Wejr | TEDxLangleyED"":""https://www.youtube.com/watch?v=MtduVS9BSxw""}","{""📋 Apply Your Strengths"":""Can you help me create a detailed plan for my moderation journey using my strengths?"",""🔍 Strengths Reflection"":""How can reflecting on my strengths boost my confidence in achieving my goals?"",""🗂️ Identify Strengths"":""What are some methods to discover what I excel at or enjoy doing?"",""💡 Leverage Your Strengths"":""How can I identify and use my personal strengths to support my moderation goals?""}","[""How can your strengths aid your current personal goals?""]",,,awareness,
164,36,Strengths-Based Approach 💡,Leverage Your Strengths,"**Leverage Your Strengths**: Today, let’s identify and use your personal strengths to support your moderation goals. Focusing on what you’re naturally good at can boost your confidence and make your goals more achievable.

**Here’s how:**

1. **Identify Your Strengths:** Reflect on what you excel at or enjoy doing.
   - 🗂️ Example: Are you good at organizing, staying disciplined, or supporting others?

2. **Apply Your Strengths:** Use these strengths to help achieve your moderation goals.
   - 📋 Example: If you’re good at organizing, create a detailed plan for your moderation journey.

By leveraging your personal strengths, you can build a more effective and satisfying path toward achieving your goals.",life,LO-Use-State,I want to stop entirely,"{""💪 Leveraging your strengths seems to be more productive"":""https://www.reddit.com/r/productivity/comments/i0kbq2/leveraging_your_strengths_seems_to_be_more/""}","{""📋 Apply Your Strengths"":""Can you help me create a detailed plan for my weed-free journey using my strengths?"",""🔍 Strengths Reflection"":""How can reflecting on my strengths boost my confidence in achieving my goals?"",""🗂️ Identify Strengths"":""What are some methods to discover what I excel at or enjoy doing?"",""💡 Leverage Your Strengths"":""How can I identify and use my personal strengths to support my weed-free goals?""}","[""How can your strengths aid your current personal goals?""]",,,awareness,
165,37,Systems Archetypes 🌟,Identify and Overcome Patterns,"**Recognize Patterns**: Today, let’s identify systems archetypes that affect your progress and find strategies to address them. One example is the ""limits to growth"" archetype, where initial success can lead to new challenges.

**Here’s how:**

1. **🔍 Identify Systems Archetypes:** Reflect on patterns in your behavior that may limit your progress.
   - 📉 Example: Are there recurring obstacles that hinder your progress after initial success?

2. **💡 Develop Strategies:** Find ways to address these limitations.
   - 🎯 Example: If you find initial progress leads to complacency, set incremental goals to maintain momentum.

By recognizing and addressing these archetypes, you can develop strategies to overcome obstacles and sustain your progress toward your goals.",life,,,"{""🔍 Can someone explain the archetypes as simple as possible?"":""https://www.reddit.com/r/Jung/comments/q9qfnw/can_someone_explain_the_archetypes_as_simple_as/"",""🧘‍♂️ How to Overcome Compulsive Emotional Patterns? | Sadhguru Answers"":""https://www.youtube.com/watch?v=BYTB9JROgMI""}","{""💡 Develop Strategies"":""How can you set incremental goals to maintain momentum and avoid complacency?"",""🎯 Sustain Your Progress"":""What strategies can you implement to address limitations and sustain your progress toward your goals?"",""📉 Overcome Limits to Growth"":""Can you pinpoint any patterns that create new challenges after achieving initial success?"",""🔍 Identify Systems Archetypes"":""What recurring obstacles have you noticed that hinder your progress after initial success?""}","[""What recurring obstacles hinder your progress after initial success?""]",,,awareness,
166,38,Iceberg Model 🌊,Understand Deep Motivations,"**Understand the Depths**: Today, let’s use the Iceberg Model to understand the underlying patterns and mental models driving your motivations. The Iceberg Model helps you look beyond surface behaviors to identify deeper systemic structures and beliefs.

**Here’s how:**

1. **Surface Level (Events):** Identify the visible behaviors or events.
   - 🌟 Example: Noticing a recurring urge to use cannabis when feeling stressed.

2. **Patterns and Trends:** Look for patterns or trends over time.
   - 📈 Example: Observing that the urge to use cannabis often follows stressful workdays.

3. **Underlying Structures:** Identify the systemic structures influencing these patterns.
   - 🏗️ Example: Recognizing that lack of stress management techniques contributes to these urges.

4. **Mental Models:** Understand the mental models or beliefs driving the structures.
   - 💭 Example: Believing that cannabis is the only way to relieve stress.

By using the Iceberg Model, you can uncover deeper motivations and make more informed changes to support your goals.",life,,,"{""📚 What books have given you useful mental models?"":""https://www.reddit.com/r/books/comments/m8177n/what_books_have_given_you_useful_mental_models/"",""🔄 What pattern are you repeating in your daily life?"":""https://www.reddit.com/r/DecidingToBeBetter/comments/16tgwpx/what_pattern_are_you_repeating_in_your_daily_life/"",""🧠 The psychology of self-motivation | Scott Geller | TEDxVirginiaTech"":""https://www.youtube.com/watch?v=7sxpKhIbr0E"",""🔥 WHAT IS YOUR WHY? - Best Motivational Speech Video (Featuring Eric Thomas)"":""https://www.youtube.com/watch?v=WO9FJpqTDk0""}","{""🧩 Identify Patterns"":""What patterns or trends do you notice in your behavior related to cannabis use, and what might they signify?"",""💭 Challenge Mental Models"":""What beliefs or mental models might be driving your use of cannabis, and how can you challenge them?"",""🌊 Explore Deep Motivations"":""How can I use the Iceberg Model to uncover the true motivations behind my cannabis use?"",""🏗️ Reveal Underlying Structures"":""What systemic structures or habits are influencing your cannabis use, and how can you address them?""}","[""What belief drives your recurring patterns or behaviors?""]",,,awareness,
167,39,Understanding Your Why 🌟,Motivation Matters,"Hi _CLIENTNAME_! 🌟

Today, let’s dive deep into understanding your motivations for your weed-free journey Knowing your 'why' will strengthen your resolve and keep you focused. 🌱

**Here’s how:**

1. **Reflect on Core Values:** Identify the deeper values driving your decision.
   - 🌿 Example: Health, family, personal growth.

2. **Uncover Emotional Triggers:** Recognize the emotional reasons behind your goal.
   - 🧠 Example: Reducing anxiety, improving mood stability.

3. **Visualize Your Future:** Envision the life you want without cannabis.
   - ✨ Example: Clear mind, stronger relationships, increased productivity.

4. **Connect with Purpose:** Link your 'why' to your broader life purpose.
   - 🎯 Example: Achieving career goals, being a role model.

By deeply understanding your 'why,' you’ll create a powerful foundation for your journey, making it easier to stay motivated and committed. 🌟🚀",life,LO-Use-State,I want to stop entirely,"{""🤔 Know Your Why | Michael Jr."":""https://www.youtube.com/watch?v=1ytFB8TrkTo"",""🔍 A QUICK Way to Find Your WHY | Simon Sinek"":""https://www.youtube.com/watch?v=e1iQjFMiLuE"",""🍃 People who smoked weed and stopped, why did you do it?"":""https://www.reddit.com/r/NoStupidQuestions/comments/15yr0n3/people_who_smoked_weed_and_stopped_why_did_you_do/""}","{""🌱 Focus on Your Goals"":""How can identifying my motivations me stay weed free?"",""🌟 Understanding Your Why"":""Can you describe your main motivations for staying weed-free?"",""💪 Strengthen Your Resolve"":""How does knowing your 'why' help reinforce your goals?"",""🔍 Dive Deep into Motivation"":""What personal reasons drive your commitment to staying weed-free?""}","[""What's the core reason behind your decision to moderate cannabis?""]",,,discovering_motivations,
168,39,Understanding Your Why 🌟,Motivation Matters,"Hi _CLIENTNAME_! 🌟

Today, let’s dive deep into understanding your motivations for your weed-free journey Knowing your 'why' will strengthen your resolve and keep you focused. 🌱

**Here’s how:**

1. **Reflect on Core Values:** Identify the deeper values driving your decision.
   - 🌿 Example: Health, family, personal growth.

2. **Uncover Emotional Triggers:** Recognize the emotional reasons behind your goal.
   - 🧠 Example: Reducing anxiety, improving mood stability.

3. **Visualize Your Future:** Envision the life you want without cannabis.
   - ✨ Example: Clear mind, stronger relationships, increased productivity.

4. **Connect with Purpose:** Link your 'why' to your broader life purpose.
   - 🎯 Example: Achieving career goals, being a role model.

By deeply understanding your 'why,' you’ll create a powerful foundation for your journey, making it easier to stay motivated and committed. 🌟🚀",life,LO-Use-State,I want to moderate my use,"{""🤔 Know Your Why | Michael Jr."":""https://www.youtube.com/watch?v=1ytFB8TrkTo"",""🔍 A QUICK Way to Find Your WHY | Simon Sinek"":""https://www.youtube.com/watch?v=e1iQjFMiLuE"",""🍃 People who smoked weed and stopped, why did you do it?"":""https://www.reddit.com/r/NoStupidQuestions/comments/15yr0n3/people_who_smoked_weed_and_stopped_why_did_you_do/""}","{""🌱 Focus on Your Goals"":""How can identifying your motivations help maintain your focus on moderation?"",""🌟 Understanding Your Why"":""Can you describe your main motivations for moderating cannabis use?"",""💪 Strengthen Your Resolve"":""How does knowing your 'why' help reinforce your goals?"",""🔍 Dive Deep into Motivation"":""What personal reasons drive your commitment to moderation?""}","[""What's the core reason behind your decision to moderate cannabis?""]",,,discovering_motivations,
169,40,Benefits of Abstaining from Cannabis Use 🌿,Reflecting on Positive Impacts,"Hi _CLIENTNAME_! 🌟

Today, we’re going to explore the benefits of abstaining from cannabis use entirely. Reflecting on the positive impacts you’ve already experienced and identifying the benefits you’re working towards can strengthen your motivation and keep you focused on your goals.

**Here’s how:**

1. **Reflect on Positive Changes**: Consider the benefits you’ve noticed since stopping your cannabis use.
   - 🛌 Example: Have you experienced improved sleep quality, enhanced cognitive function, or better physical fitness?
   - 🧠 Example: Do you feel reduced anxiety, increased mood stability, or improved emotional control?
   - 💼 Example: Are you more focused, creative, or productive?

2. **Identify Future Goals**: Think about the benefits you want to see in the future.
   - 💞 Example: How would stronger connections and better communication with loved ones impact your life?
   - 💰 Example: What would you do with the savings from not consuming cannabis at all?

By focusing on these positive changes and future goals, you can reinforce your commitment to a cannabis-free lifestyle and enjoy the benefits of your decision. 🚀",life,LO-Use-State,I want to stop entirely,"{""💵 Quitting Weed Made Me $10,000,000"":""https://www.youtube.com/watch?v=VBtfB9DhFFo"",""🚭 I stopped smoking weed and it's helped me"":""https://www.reddit.com/r/DecidingToBeBetter/comments/13d7aal/i_stopped_smoking_weed_and_its_helped_me/"",""🚫 I Quit Smoking Weed. How I Feel After 3 Months of Sobriety"":""https://www.youtube.com/watch?v=ACKYn6AYLH0"",""🎁 5 Gifts That Came From Quitting Weed (A Lot Happened In 365 Days)"":""https://www.youtube.com/watch?v=MET3Jfu-Zdo"",""🗓️ I quit smoking weed 6 months ago.. Here's what I've noticed so far"":""https://www.youtube.com/watch?v=pGoeG5aY3S0""}","{""💰 Financial Benefits"":""What would you do with the savings from not consuming cannabis at all?"",""🧠 Improved Mental Health"":""How has abstaining from cannabis affected your mood stability and emotional control?"",""💞 Future Relationship Goals"":""How would stronger connections and better communication with loved ones impact your life?"",""🌿 Reflect on Positive Changes"":""What benefits have you noticed since stopping your cannabis use?""}","[""What positive changes have you noticed since stopping cannabis use?""]",,,discovering_motivations,
170,40,Benefits of Moderating Cannabis Use 🌿,Reflecting on Positive Impacts,"Hi _CLIENTNAME_! 🌟

Today, we’re going to explore the benefits of moderating your cannabis use. Reflecting on the positive impacts you’ve already experienced and identifying the benefits you’re working towards can strengthen your motivation and keep you focused on your goals.

**Here’s how:**

1. **Reflect on Positive Changes**: Consider the benefits you’ve noticed since moderating your cannabis use.
   - 🛌 Example: Have you experienced improved sleep, enhanced cognitive function, or better physical fitness?
   - 🧠 Example: Do you feel reduced anxiety, increased mood stability, or improved emotional control?
   - 💼 Example: Are you more focused, creative, or productive?

2. **Identify Future Goals**: Think about the benefits you want to see in the future.
   - 💞 Example: How would stronger connections and better communication with loved ones impact your life?
   - 💰 Example: What would you do with the savings from reduced cannabis consumption?",life,LO-Use-State,I want to moderate my use,"{""😆 Success with moderation:"":""https://www.reddit.com/r/Petioles/comments/17dmkf2/success_with_moderation/"",""🍃 Weed is soo much more better in moderation"":""https://www.reddit.com/r/Petioles/comments/au5f3i/weed_is_soo_much_more_better_in_moderation/"",""🤔 Can you moderate your consumption long term?"":""https://www.reddit.com/r/trees/comments/15f9cb9/can_you_moderate_your_consumption_long_term/"",""🙋‍♂️ Weed-Free 2019 vs Moderation 2018 (Clarity On My Choice)"":""https://www.youtube.com/watch?v=xLhOXo3o7dA""}","{""💞 Connection Goals"":""How would building stronger connections with loved ones benefit your life?"",""💰 Financial Savings"":""What would you do with the money saved from moderating your cannabis consumption?"",""🧠 Cognitive Benefits"":""How has your mental clarity or emotional stability improved with reduced cannabis use?"",""🌿 Positive Impacts Reflection"":""What positive changes have you noticed since moderating your cannabis use?""}","[""What benefits have you noticed since moderating your cannabis use?""]",,,discovering_motivations,
171,41,Sharing Your Plans 🌟,Strengthen Your Commitment,"Hi _CLIENTNAME_! 🌟

Today, let’s focus on sharing your plans! 🎉

While sharing your goals can sometimes decrease your motivation, sharing well-thought-out plans can provide accountability and reinforce your intentions. This helps make your motivations feel more real and powerful.

**Here’s how:**

1. **Reflect on Your Plans**: Revisit the benefits and motivations you identified.
   - 🌿 Example: Improved health, better relationships, financial savings.

2. **Share Thoughtfully**: Share your detailed plans with a trusted friend or family member.
   - 🗣️ Example: Explain why this change is important and how they can support you.

By sharing your plans, you create a supportive environment that reinforces your commitment.",life,,,"{""🚫 Don't share your goals? Debunked!"":""https://www.reddit.com/r/productivity/comments/9nkem6/dont_share_your_goals_debunked/""}","{""📣 Share Your Plans"":""How can sharing my cannabis moderation plans with trusted friends enhance my commitment?"",""🤝 Thoughtful Sharing"":""How should I approach sharing my detailed plans to ensure I get the right support from others?"",""🔍 Reflect on Benefits"":""What are the key benefits of my cannabis moderation goals that I should reflect on and share?"",""🔗 Create Accountability"":""In what ways can I use accountability partnerships to reinforce my cannabis moderation intentions?""}","[""Who can you trust to share your plans with?""]",,,discovering_motivations,
172,42,Force Field Analysis 🌟,Identify What Helps or Hinders,"**Weigh Your Options**: Today, let’s perform a force field analysis to identify the forces for and against your goal. This technique will help you understand the driving and restraining forces impacting your progress.

**Here’s how:**

1. **List Driving Forces:** Identify factors that support your goal.
   - 🏋️ Example: Improved health, increased productivity, and supportive friends.

2. **List Restraining Forces:** Identify factors that hinder your goal.
   - 😓 Example: Social pressure, stress, and habits.

3. **Develop Strategies:** Strengthen the drivers and weaken the restrainers.
   - 💡 Example: Strengthen drivers by joining a fitness group; weaken restrainers by developing stress management techniques.

By understanding these forces, you can develop strategies to enhance the positive influences and mitigate the negative ones, making it easier to achieve your goals.",life,,,"{""👀 Force Fields"":""https://www.youtube.com/watch?v=HCe2H3AsHio"",""🛡️ Force Field Analysis"":""https://www.youtube.com/watch?v=Rwpp53uq1o8"",""🚀 What is your driving force that makes you stay disciplined?"":""https://www.reddit.com/r/getdisciplined/comments/1brzg0f/what_is_your_driving_force_that_makes_you_stay/""}","{""⚖️ Weigh Your Options"":""How can a force field analysis help me understand the factors influencing my goals?"",""💡 Strategy Development"":""Can you help me develop strategies to balance the driving and restraining forces for better progress?"",""🏋️ Enhance Driving Forces"":""What are the driving forces that support my goal, and how can I strengthen them?"",""😓 Identify Restraining Forces"":""What are the restraining forces hindering my goal, and how can I mitigate them?""}","[""What's currently your biggest driver or restrainer? Why?""]",,,finding_balance,
173,43,Aristotle’s Golden Mean 🌟,Find Your Perfect Balance,"**Find Balance**: Today, let’s apply Aristotle’s Golden Mean to your cannabis use. This concept encourages finding a balanced middle ground between extremes.

**Here’s how:**

1. **🔍 Identify Excessive Behavior:** Recognize an area where your behavior might be excessive.
   - Example: Using cannabis every day.

2. **📉 Identify Deficient Behavior:** Recognize an area where your behavior might be lacking.
   - Example: Not engaging in any stress-relief activities.

3. **⚖️ Find the Middle Ground:** Balance the extremes to find a healthier approach.
   - Example: Reduce cannabis use to weekends and incorporate daily stress-relief activities like exercise or meditation.

By identifying and balancing these extremes, you can create a more moderate and sustainable approach to your habits.",life,LO-Use-State,I want to moderate my use,"{""⚖️ Balance in self improvement"":""https://www.reddit.com/r/DecidingToBeBetter/comments/1cwxas9/balance_in_self_improvement"",""🧠 Arguments on Aristotle's Golden Mean"":""https://www.reddit.com/r/askphilosophy/comments/nafsbf/arguments_on_aristotles_golden_mean/"",""🌟 Method: The 9 Areas of a Balanced Life"":""https://www.reddit.com/r/getdisciplined/comments/2y2frt/method_the_9_areas_of_a_balanced_life/""}","{""🔄 Balance Extremes"":""Can you help me find a middle ground to create a balanced and sustainable approach to my habits?"",""⚖️ Find Your Balance"":""How can I apply Aristotle's Golden Mean to moderate my cannabis use?"",""🔍 Spot Excessive Behavior"":""What are some signs that my cannabis use might be excessive, and how can I address it?"",""📉 Address Deficient Habits"":""In what areas might I be lacking positive habits, and how can I incorporate them into my routine?""}","[""Which habit of yours needs a balanced middle ground?""]",,,finding_balance,
174,43,Aristotle’s Golden Mean 🌟,Find Your Perfect Balance,"**Find Balance**: Today, let’s apply Aristotle’s Golden Mean to your cannabis use. This concept encourages finding a balanced middle ground between extremes.

**Here’s how:**

1. **🔍 Identify Excessive Behavior:** Recognize an area where your behavior might be excessive.
   - Example: Using cannabis every day.

2. **📉 Identify Deficient Behavior:** Recognize an area where your behavior might be lacking.
   - Example: Not engaging in any stress-relief activities.

3. **⚖️ Find the Middle Ground:** Balance the extremes to find a healthier approach.
   - Example: Reduce cannabis use to weekends and incorporate daily stress-relief activities like exercise or meditation.

By identifying and balancing these extremes, you can create a more moderate and sustainable approach to your habits.",life,LO-Use-State,I want to stop entirely,"{""⚖️ Balance in self improvement"":""https://www.reddit.com/r/DecidingToBeBetter/comments/1cwxas9/balance_in_self_improvement"",""🧠 Arguments on Aristotle's Golden Mean"":""https://www.reddit.com/r/askphilosophy/comments/nafsbf/arguments_on_aristotles_golden_mean/"",""🌟 Method: The 9 Areas of a Balanced Life"":""https://www.reddit.com/r/getdisciplined/comments/2y2frt/method_the_9_areas_of_a_balanced_life/""}","{""🔄 Balance Extremes"":""Can you help me find a middle ground to create a balanced and sustainable approach to my habits?"",""⚖️ Find Your Balance"":""How can I apply Aristotle's Golden Mean to stay weed free?"",""🔍 Spot Excessive Behavior"":""What are some signs that my cannabis use might be excessive, and how can I address it?"",""📉 Address Deficient Habits"":""In what areas might I be lacking positive habits, and how can I incorporate them into my routine?""}","[""Which habit of yours needs a balanced middle ground?""]",,,finding_balance,
175,44,Establishing Daily Routines for Stability ⚖️,"Reflect, Tweak, and Optimize","Hi _CLIENTNAME_! 🌟

Today, we’ll focus on establishing and optimizing balanced daily routines that support your overall well-being. Consistent routines promote stability and help reinforce positive habits. ⚖️

**Here’s how:**

1. **Morning Routine**: Start your day with activities that set a positive tone.
   - 🧘 **Stretching**: Helps wake up your body and mind.
   - 🧘‍♂️ **Meditation**: Centers your thoughts and reduces stress.
   - 🍳 **Healthy Breakfast**: Fuels your body with essential nutrients.

2. **Reflect on Your Routine**: Take time each day to assess how your routine makes you feel.
   - 📝 **Journal**: Note any feelings of stress, relaxation, or productivity.

3. **Tweak and Optimize**: Adjust your routine based on your reflections.
   - 🔄 **Modify Activities**: Add or remove activities to improve balance.
   - 📆 **Time Adjustments**: Shift the timing of activities to better suit your needs.",life,,,"{""🌅 Morning Routine Ideas"":""https://www.reddit.com/r/productivity/comments/12zcdqw/morning_routine_ideas/"",""🗓️ What is a good daily routine to have?"":""https://www.reddit.com/r/CasualConversation/comments/u10dvg/what_is_a_good_daily_routine_to_have/"",""⛅️ The Optimal Morning Routine - Andrew Huberman"":""https://www.youtube.com/watch?v=gR_f-iwUGY4"",""🏡 What's your daily routine to maintain a simple life?"":""https://www.reddit.com/r/simpleliving/comments/1c9gvrn/whats_your_daily_routine_to_maintain_a_simple/"",""🧠 I finally understand the importance of a daily routine"":""https://www.reddit.com/r/CPTSDNextSteps/comments/10r2l01/i_finally_understand_the_importance_of_a_daily"",""🌞 my 7am productive morning routine: 8 habits to motivate you"":""https://www.youtube.com/watch?v=5Soj-hcqifc"",""🔬 I Tried Andrew Huberman's Morning Routine - [30 Days + Blood Tests]"":""https://www.youtube.com/watch?v=roK4g1e28mM"",""🔄 The Daily Routine That Changed My Life (4 Habits Most People Ignore)"":""https://www.youtube.com/watch?v=M6dhlz8hhe0"",""📈 What routines or habits do you personally find to be most productive?"":""https://www.reddit.com/r/productivity/comments/ypxjrs/what_routines_or_habits_do_you_personally_find_to/""}","{""🔄 Routine Tweaks"":""How can I identify and modify my daily activities to improve my routine?"",""🍳 Fuel for the Day"":""What are some quick and healthy breakfast ideas that can set a positive tone for my day?"",""📝 Reflect and Optimize"":""What are the benefits of journaling about my daily routine, and how should I start?"",""⚖️ Daily Stability Tips"":""How can I establish a morning routine that promotes stability and well-being?""}","[""What part of your daily routine feels most fulfilling? Why?""]",,,finding_balance,
176,45,Meal Planning 🍽️,Fuel Your Body,"Hi _CLIENTNAME_! 🌟

Today, let’s focus on meal planning. A balanced diet supports your overall well-being and helps you stay on track with your moderation goals. Plan nutritious meals to fuel your body and mind. 🥗

**Here’s how:**

1. **Plan Your Meals**: Create a weekly meal plan to ensure a balanced and nutritious diet.
   - 🥦 **Include Variety**: Incorporate a range of fruits, vegetables, lean proteins, and whole grains.
   - 💧 **Stay Hydrated**: Remember to drink plenty of water throughout the day.

2. **Batch Cooking**: Prepare large quantities of meals in advance.
   - 🍲 **Example**: Cook a big batch of soup or chili and portion it out for the week.

3. **Healthy Snacks**: Keep nutritious snacks on hand.
   - 🍎 **Examples**: Nuts, fruits, and yogurt are great options to keep you energized.

4. **Create a Healthy Environment**: Ensure your home is stocked with healthy foods and free of unhealthy options.
   - 🛒 **Use a Shopping List**: Plan your grocery trips to buy only healthy foods. Avoid buying unhealthy snacks to reduce temptation.

By planning your meals and creating a healthy environment, you won't have to rely on willpower alone to maintain a balanced diet.",life,LO-Use-State,I want to moderate my use,"{""🥗Meal Planning Changed My Life"":""https://www.youtube.com/watch?v=KTuGLVIWsMg"",""🥘 Need meal prep ideas please?"":""https://www.reddit.com/r/MealPrepSunday/comments/wwwe3k/need_meal_prep_ideas_please"",""🥗 What are your meal prep staples?"":""https://www.reddit.com/r/fitmeals/comments/8qce41/what_are_your_meal_prep_staples/"",""🍳 Meal prep for absolutely beginner"":""https://www.reddit.com/r/mealprep/comments/14ertpy/meal_prep_for_absolutely_beginner/"",""🥡 How to start meal prepping/planning?"":""https://www.reddit.com/r/EatCheapAndHealthy/comments/rwmljj/how_to_start_meal_preppingplanning/"",""🍽️ LPT: How to meal plan like a champ"":""https://www.reddit.com/r/LifeProTips/comments/5fxmbr/lpt_how_to_meal_plan_like_a_champ/"",""🍎How To Simplify Your Nutrition (Free Meal Plan)"":""https://www.youtube.com/watch?v=aADukThvjXQ"",""💰Cheap And Healthy Meals For The Week, Done In 1 Hour"":""https://www.youtube.com/watch?v=AYXfaVD5o40"",""📆How to Become a Meal Prep Pro this Year | The Beginner's Guide to Meal Prep"":""https://www.youtube.com/watch?v=NO-EbXMB4gc&t=28s"",""🛒CHEAP GROCERIES FOR THE WEEK + My Weekly Meal Plan & Tips for Produce Storage!"":""https://www.youtube.com/watch?v=JYoRv_-Pow8"",""👨‍👩‍👧‍👦*REALISTIC* EASY MEAL PLAN for BUSY FAMILY // BUDGET TIME & MONEY"":""https://www.youtube.com/watch?v=B7QEx_HeOiI""}","{""🍎 Healthy Snacking"":""Can you recommend some nutritious snacks that will keep me energized throughout the day?"",""🍽️ Plan Your Meals"":""How can I create a weekly meal plan that includes variety and supports my health goals?"",""🍲 Batch Cooking Benefits"":""What are some effective ways to incorporate batch cooking into my routine?"",""🛒 Smart Grocery Shopping"":""How can I use a shopping list to ensure I buy only healthy foods and avoid unhealthy options?""}","[""How can you make meal planning enjoyable for yourself?""]",,,finding_balance,
177,45,Meal Planning 🍽️,Fuel Your Body,"Hi _CLIENTNAME_! 🌟

Today, let’s focus on meal planning. A balanced diet supports your overall well-being and helps you stay on track with your moderation goals. Plan nutritious meals to fuel your body and mind. 🥗

**Here’s how:**

1. **Plan Your Meals**: Create a weekly meal plan to ensure a balanced and nutritious diet.
   - 🥦 **Include Variety**: Incorporate a range of fruits, vegetables, lean proteins, and whole grains.
   - 💧 **Stay Hydrated**: Remember to drink plenty of water throughout the day.

2. **Batch Cooking**: Prepare large quantities of meals in advance.
   - 🍲 **Example**: Cook a big batch of soup or chili and portion it out for the week.

3. **Healthy Snacks**: Keep nutritious snacks on hand.
   - 🍎 **Examples**: Nuts, fruits, and yogurt are great options to keep you energized.

4. **Create a Healthy Environment**: Ensure your home is stocked with healthy foods and free of unhealthy options.
   - 🛒 **Use a Shopping List**: Plan your grocery trips to buy only healthy foods. Avoid buying unhealthy snacks to reduce temptation.

By planning your meals and creating a healthy environment, you won't have to rely on willpower alone to maintain a balanced diet.",life,LO-Use-State,I want to stop entirely,"{""🍽️ LPT: How to meal plan like a champ"":""https://www.reddit.com/r/LifeProTips/comments/5fxmbr/lpt_how_to_meal_plan_like_a_champ/""}","{""🍎 Healthy Snacking"":""Can you recommend some nutritious snacks that will keep me energized throughout the day?"",""🍽️ Plan Your Meals"":""How can I create a weekly meal plan that includes variety and supports my health goals?"",""🍲 Batch Cooking Benefits"":""What are some effective ways to incorporate batch cooking into my routine?"",""🛒 Smart Grocery Shopping"":""How can I use a shopping list to ensure I buy only healthy foods and avoid unhealthy options?""}","[""How can you make meal planning enjoyable for yourself?""]",,,finding_balance,
178,46,Embrace Simple Pleasures 🌟,Find Joy in Daily Moments,"**Embrace Simple Pleasures**: Today, let’s embrace Epicurus' idea of simple pleasures over indulgence. By focusing on simple, healthy pleasures, you can find satisfaction without overindulging in cannabis.

**Here’s how:**

1. **Identify Simple Pleasures:** List three simple, healthy pleasures to replace cannabis use.
   - 🌳 Example: Enjoying a walk in nature.
   - 🍲 Example: Savoring a home-cooked meal.
   - 📚 Example: Reading a good book or listening to music.

2. **Incorporate These Pleasures:** Make time for these activities in your daily routine.
   - 🕒 Example: Schedule a daily walk, plan and cook your favorite healthy meals, and set aside time to read or listen to music.

By embracing these simple pleasures, you can find fulfillment and joy in healthier ways, supporting your moderation goals.",life,LO-Use-State,I want to stop entirely,"{""🌸 It's the simple things in life..."":""https://www.reddit.com/r/simpleliving/comments/ifvw3a/its_the_simple_things_in_life/"",""🌱 How to enjoy simple things in life when you've"":""https://www.youtube.com/watch?v=XN0o_1nod4Q"",""🌻 What are the little/simple things in life that..."":""https://www.reddit.com/r/Positivity/comments/19f0yuu/what_are_the_littlesimple_things_in_life_that"",""🌼 How does one appreciate the simple things in life?"":""https://www.reddit.com/r/simpleliving/comments/gjj9od/how_does_one_appreciate_the_simple_things_in_life/"",""🌿 Some of the simple things in life that bring you..."":""https://www.reddit.com/r/simpleliving/comments/140qbmx/some_of_the_simple_things_in_life_that_bring_you/"",""🤔 Stoicism's archnemesis Epicurus wasn't your typical hedonist"":""https://www.reddit.com/r/philosophy/comments/zht3dx/stoicisms_archnemesis_epicurus_wasnt_your_typical/""}","{""🕒 Daily Routine Joy"":""How can you incorporate simple pleasures into your daily routine to support your weed-free goals?"",""🍲 Enjoy Healthy Moments"":""Can you list some simple, healthy meals to savor as an alternative to cannabis?"",""🌳 Embrace Simple Pleasures"":""What are three simple, healthy activities you can enjoy instead of using cannabis?"",""📚 Simple Pleasures in Practice"":""What are some ways you can replace cannabis use with activities like reading or listening to music?""}","[""What simple pleasure brings you unexpected joy daily?""]",,,finding_balance,
179,46,Embrace Simple Pleasures 🌟,Find Joy in Daily Moments,"**Embrace Simple Pleasures**: Today, let’s embrace Epicurus' idea of simple pleasures over indulgence. By focusing on simple, healthy pleasures, you can find satisfaction without overindulging in cannabis.

**Here’s how:**

1. **Identify Simple Pleasures:** List three simple, healthy pleasures to replace cannabis use.
   - 🌳 Example: Enjoying a walk in nature.
   - 🍲 Example: Savoring a home-cooked meal.
   - 📚 Example: Reading a good book or listening to music.

2. **Incorporate These Pleasures:** Make time for these activities in your daily routine.
   - 🕒 Example: Schedule a daily walk, plan and cook your favorite healthy meals, and set aside time to read or listen to music.

By embracing these simple pleasures, you can find fulfillment and joy in healthier ways, supporting your moderation goals.",life,LO-Use-State,I want to moderate my use,"{""🌸 It's the simple things in life..."":""https://www.reddit.com/r/simpleliving/comments/ifvw3a/its_the_simple_things_in_life/"",""🌱 How to enjoy simple things in life when you've"":""https://www.youtube.com/watch?v=XN0o_1nod4Q"",""🌻 What are the little/simple things in life that..."":""https://www.reddit.com/r/Positivity/comments/19f0yuu/what_are_the_littlesimple_things_in_life_that"",""🌼 How does one appreciate the simple things in life?"":""https://www.reddit.com/r/simpleliving/comments/gjj9od/how_does_one_appreciate_the_simple_things_in_life/"",""🌿 Some of the simple things in life that bring you..."":""https://www.reddit.com/r/simpleliving/comments/140qbmx/some_of_the_simple_things_in_life_that_bring_you/"",""🤔 Stoicism's archnemesis Epicurus wasn't your typical hedonist"":""https://www.reddit.com/r/philosophy/comments/zht3dx/stoicisms_archnemesis_epicurus_wasnt_your_typical/""}","{""🕒 Daily Routine Joy"":""How can you incorporate simple pleasures into your daily routine to support your moderation goals?"",""🍲 Enjoy Healthy Moments"":""Can you list some simple, healthy meals to savor as an alternative to cannabis?"",""🌳 Embrace Simple Pleasures"":""What are three simple, healthy activities you can enjoy instead of using cannabis?"",""📚 Simple Pleasures in Practice"":""What are some ways you can replace cannabis use with activities like reading or listening to music?""}","[""What simple pleasure brings you unexpected joy daily?""]",,,finding_balance,
180,47,Boost Your Day 🚀,Exercise for Energy,"Hi _CLIENTNAME_! 🌟

Today, let’s incorporate physical activity into your daily routine. Regular exercise not only boosts mood and energy levels but also improves overall health and reduces stress. 💪

**Here’s how:**

1. **Morning Movement**: Start your day with light stretching or yoga to wake up your body.
   - 🧘 **Example**: Spend 10 minutes stretching or doing a simple yoga routine.

2. **Daily Activity**: Schedule time for physical activity each day, even if it’s just a short walk.
   - 🚶 **Example**: Take a brisk 20-minute walk during lunch or after dinner.

3. **Variety and Fun**: Choose activities you enjoy to make exercise fun and sustainable.
   - 🎾 **Example**: Try dancing, playing a sport, or joining a fitness class.

4. **Environment Matters**: Create a space at home for exercise to reduce barriers.
   - 🏋️ **Example**: Set up a designated area with a mat and any equipment you need.

Schedule your physical activities for the week, incorporating a mix of enjoyable exercises. Notice how these activities boost your energy and mood.",life,,,"{""⚡️8 Habits for (Almost) Limitless Energy"":""https://www.youtube.com/watch?v=iFtqudy39sA"",""💪 ELI5: How does exercise boost energy levels?"":""https://www.reddit.com/r/explainlikeimfive/comments/fgfy1p/eli5_how_does_exercise_boost_energy_levels/"",""🔋 When should I expect to get more energy from?"":""https://www.reddit.com/r/loseit/comments/tw8fix/when_should_i_expect_to_get_more_energy_from/"",""🌿3 Natural Ways to Boost Energy in Under 3 Minutes"":""https://www.youtube.com/watch?v=cfn-5RJDqVU"",""💪 Need Advice: How to Add Exercise Into Your Routine?"":""https://www.reddit.com/r/getdisciplined/comments/o08fj9/need_advice_how_to_add_exercise_into_your/"",""😊 Suggestions for exercises for energy & a happy brain?"":""https://www.reddit.com/r/xxfitness/comments/pslvju/suggestions_for_exercises_for_energy_a_happy_brain/"",""🏃‍♀️ What type of exercise helps to be more energetic?"":""https://www.reddit.com/r/xxfitness/comments/g4jaat/what_type_of_exercise_helps_to_be_more_energetic/"",""🔋Andrew Huberman reveals ways to optimize energy levels throughout the day."":""https://www.youtube.com/watch?v=y9Ohrcw5PnU""}","{""🏃 Morning Movement"":""How can I start my day with light stretching or yoga to boost my energy?"",""🚶 Daily Activity Plan"":""How can I effectively schedule daily physical activities, like walking, to improve my mood and energy?"",""🏋️ Home Exercise Space"":""What are some tips for creating a dedicated space at home for exercise to make it more convenient?"",""🎾 Fun Physical Activities"":""What are some enjoyable physical activities I can incorporate into my routine to stay motivated?""}","[""What physical activity brings you the most joy and why?""]",,,finding_balance,
181,48,Discover New Activities 🏄‍♂️,Keep Your Routine Fun,"Hi _CLIENTNAME_! 🌟

👴🛌☠️Imagine being on your deathbed and wishing you had lived more fully.

In today's age, many are absorbed in an alternate internet reality, missing out on real-life experiences. Stepping out of your comfort zone and trying new activities can make life more vibrant and fulfilling.

**Here’s how:**

1. **Explore Yoga**: Enhance flexibility and mindfulness.
   - 🧘‍♀️ **Example**: Join a beginner’s yoga class or follow an online tutorial.

2. **Dance for Fun**: Boost your mood and get moving.
   - 💃 **Example**: Take a dance class or have a dance session at home.

3. **Go Hiking**: Connect with nature and get some fresh air.
   - 🥾 **Example**: Find a local trail and go for a hike.

Trying new activities not only keeps your routine interesting but also promotes physical and mental health. Live fully and embrace the joy of new experiences.",life,,,"{""🔥 How To Find Your Passion"":""https://www.youtube.com/watch?v=6pgaJb2Wwhs"",""📚 13 Hobbies to Learn in 2024"":""https://www.youtube.com/watch?v=XbiVLEklaCc"",""🎨 Advice on new activities to try"":""https://www.reddit.com/r/CasualConversation/comments/y1v1gk/advice_on_new_activities_to_try/"",""🔍 50 Popular Hobbies to Start Today"":""https://www.youtube.com/watch?v=yW3ORzaRXt8"",""🤔 IWTL new ways to discover new hobbies"":""https://www.reddit.com/r/IWantToLearn/comments/fkzr7u/iwtl_new_ways_to_discover_new_hobbies/"",""🌱 IWTL a new hobby that's interesting so I stop"":""https://www.reddit.com/r/IWantToLearn/comments/nt49q2/iwtl_a_new_hobby_thats_interesting_so_i_stop/"",""🛠️ I need a new hobby, what do y'all do for fun?"":""https://www.reddit.com/r/CasualConversation/comments/17ihd5h/i_need_a_new_hobby_what_do_yall_do_for_fun/"",""📋 I'm making a list of 50 hobbies to make me try new"":""https://www.reddit.com/r/AskUK/comments/14nuiaz/im_making_a_list_of_50_hobbies_to_make_me_try_new"",""🧠 NEUROSCIENTIST: Make Your Life Exciting Again - DO THIS"":""https://www.youtube.com/watch?v=VJfguYW8AhM"",""🏋️‍♂️ What are some great physical, fun hobbies to pick up?"":""https://www.reddit.com/r/Fitness/comments/26h47h/what_are_some_great_physical_fun_hobbies_to_pick/""}","{""💃 Dance for Joy"":""How can I include dancing in my daily routine to boost my mood and stay active?"",""🌲 Hiking Adventures"":""What are some tips for finding and enjoying local hiking trails to connect with nature?"",""⛰️ Explore New Activities"":""How can I incorporate new and exciting activities into my routine to keep it fun and engaging?"",""🧘 Flexibility & Mindfulness"":""What are some beginner-friendly ways to start practicing yoga to enhance my flexibility and mindfulness?""}","[""What's one new activity you've always wanted to try?""]",,,finding_balance,
182,49,Boost Your Creativity 🎨,Discover Your Creative Spark,"Hi _CLIENTNAME_! 🌟

Today, let's explore different types of creativity and find what resonates with you. Engaging in creative pursuits can boost mental health, reduce stress, and enhance problem-solving skills. 🎨

**Here’s how:**

1. **Painting**: Express your emotions through colors and shapes.
   - 🎨 **Benefit**: Enhances emotional expression and relaxation.
   - 🖌️ **Explore**: Try watercolor, acrylics, or digital painting.

2. **Writing**: Pen down your thoughts, stories, or poems.
   - 📝 **Benefit**: Improves cognitive function and emotional processing.
   - ✒️ **Explore**: Experiment with fiction, journaling, or poetry.

3. **Playing an Instrument**: Create music and enjoy the rhythm.
   - 🎸 **Benefit**: Boosts mood, reduces stress, and enhances concentration.
   - 🎹 **Explore**: Learn guitar, piano, or try digital music production.

4. **Crafting**: Engage in hands-on creativity like knitting, scrapbooking, or DIY projects.
   - ✂️ **Benefit**: Improves fine motor skills and provides a sense of accomplishment.
   - 🎨 **Explore**: Try making handmade gifts or home decor.

5. **Photography**: Capture the world through your lens.
   - 📸 **Benefit**: Enhances observational skills and mindfulness.
   - 🌆 **Explore**: Experiment with different styles like portrait, landscape, or macro photography.

Find the creative activity that excites you and incorporate it into your routine to stimulate your mind and brighten your day.",life,,,"{""💡 How to be more creative?"":""https://www.reddit.com/r/IWantToLearn/comments/9w7ou1/how_to_be_more_creative/"",""🧠 How does one become more creative?"":""https://www.reddit.com/r/selfimprovement/comments/ri1cth/how_does_one_become_more_creative/"",""✨ I want to learn how to be more creative"":""https://www.reddit.com/r/IWantToLearn/comments/f6waua/i_want_to_learn_how_to_be_more_creative/"",""🎨 What are some lesser known creative hobbies?"":""https://www.reddit.com/r/Hobbies/comments/17x20ht/what_are_some_lesser_known_creative_hobbies/"",""🎶 Rick Rubin Shares His Secrets for Creativity"":""https://www.youtube.com/watch?v=36L9cYkHyZM"",""🎨 What are some proven ways to increase creativity?"":""https://www.reddit.com/r/TrueAskReddit/comments/adjqmj/what_are_some_proven_ways_to_increase_creativity/"",""💡 You're not boring : How to awaken your creativity"":""https://www.youtube.com/watch?v=a4jpQ1dys-Q"",""🖌️ What do people do to improve their creativity?"":""https://www.reddit.com/r/graphic_design/comments/w560v0/what_do_people_do_to_improve_their_creativity/"",""🎨 A powerful way to unleash your natural creativity | Tim Harford"":""https://www.youtube.com/watch?v=yjYrxcGSWX4""}","{""✂️ Hands-On Crafting"":""What crafting activities can I try to enhance my fine motor skills and feel accomplished?"",""🎸 Musical Exploration"":""How can learning to play an instrument benefit my mental health and reduce stress?"",""📝 Writing for Wellness"":""What are some ways I can use writing to improve my emotional well-being?"",""🎨 Boost Your Creativity"":""How can I incorporate creative activities like painting into my daily routine?""}","[""What creative activity makes you feel most alive?""]",,,finding_balance,
183,50,Overcoming Self-Improvement Burnout 🌟,"Stay Consistent, Stay Balanced","Hi _CLIENTNAME_! 🌟

Sticking with your habits long-term is incredibly powerful, but it's natural to feel burnout over time. Consistency is key, but sustainability is just as important.

**Here’s how:**

1. **Check-In Regularly**: Evaluate your habits and how you’re feeling about them.
   - 🧠 **Example**: Are you feeling overwhelmed or exhausted? Note these feelings.

2. **Balance and Moderation**: Avoid being too extreme with your goals.
   - ⚖️ **Example**: Scale back if necessary and focus on maintaining a sustainable pace.

3. **Variety is Vital**: Mix up your routine to keep things interesting.
   - 🌈 **Example**: Try new activities or alter your schedule slightly to prevent monotony.

4. **Set Realistic Goals**: Ensure your goals are achievable and not too demanding.
   - 🎯 **Example**: Break down large goals into smaller, manageable tasks.

5. **Reward Yourself**: Celebrate small victories to stay motivated.
   - 🏆 **Example**: Treat yourself after reaching a milestone.

Consistency over time is powerful, but it’s important to adjust and find a sustainable balance to avoid burnout.",life,LO-Use-State,I want to moderate my use,"{""🔥 Burnout: How Did You Manage It?"":""https://www.youtube.com/watch?v=Hn765WpVNJc"",""🤔 I'm Heavily Leaning Towards Quitting"":""https://www.reddit.com/r/selfimprovement/comments/qmpl9n/im_heavily_leaning_towards_quitting/"",""🔋 For Those Falling Off Self Improvement"":""https://www.youtube.com/watch?v=jnGn6uJPcpw"",""😓 Trying to live a balanced life is burning me out"":""https://www.reddit.com/r/simpleliving/comments/zfp1wu/trying_to_live_a_balanced_life_is_burning_me_out/"",""💡 Need Advice: How Do I Prevent Burnout from Self-Care?"":""https://www.reddit.com/r/getdisciplined/comments/twv6xx/need_advice_how_do_i_prevent_burnout_from_selfcare""}","{""🌈 Embrace Variety"":""How can I incorporate variety into my routine to keep things interesting and prevent burnout?"",""🎯 Realistic Goals"":""Can you help me break down large goals into smaller, manageable tasks to stay consistent?"",""🧠 Regular Check-Ins"":""How can I effectively evaluate my habits and feelings to avoid burnout?"",""⚖️ Balance & Moderation"":""What strategies can I use to maintain balance and avoid being too extreme with my goals?""}","[""How do you balance consistency with avoiding burnout in your life?""]",,,finding_balance,
184,50,Overcoming Self-Improvement Burnout 🌟,"Stay Consistent, Stay Balanced","Hi _CLIENTNAME_! 🌟

Sticking with your habits long-term is incredibly powerful, but it's natural to feel burnout over time. Consistency is key, but sustainability is just as important.

**Here’s how:**

1. **Check-In Regularly**: Evaluate your habits and how you’re feeling about them.
   - 🧠 **Example**: Are you feeling overwhelmed or exhausted? Note these feelings.

2. **Balance and Moderation**: Avoid being too extreme with your goals.
   - ⚖️ **Example**: Scale back if necessary and focus on maintaining a sustainable pace.

3. **Variety is Vital**: Mix up your routine to keep things interesting.
   - 🌈 **Example**: Try new activities or alter your schedule slightly to prevent monotony.

4. **Set Realistic Goals**: Ensure your goals are achievable and not too demanding.
   - 🎯 **Example**: Break down large goals into smaller, manageable tasks.

5. **Reward Yourself**: Celebrate small victories to stay motivated.
   - 🏆 **Example**: Treat yourself after reaching a milestone.

Consistency over time is powerful, but it’s important to adjust and find a sustainable balance to avoid burnout.",life,LO-Use-State,I want to stop entirely,"{""🔥 Burnout: How Did You Manage It?"":""https://www.youtube.com/watch?v=Hn765WpVNJc"",""🤔 I'm Heavily Leaning Towards Quitting"":""https://www.reddit.com/r/selfimprovement/comments/qmpl9n/im_heavily_leaning_towards_quitting/"",""🔋 For Those Falling Off Self Improvement"":""https://www.youtube.com/watch?v=jnGn6uJPcpw"",""😓 Trying to live a balanced life is burning me out"":""https://www.reddit.com/r/simpleliving/comments/zfp1wu/trying_to_live_a_balanced_life_is_burning_me_out/"",""💡 Need Advice: How Do I Prevent Burnout from Self-Care?"":""https://www.reddit.com/r/getdisciplined/comments/twv6xx/need_advice_how_do_i_prevent_burnout_from_selfcare""}","{""🌈 Embrace Variety"":""How can I incorporate variety into my routine to keep things interesting and prevent burnout?"",""🎯 Realistic Goals"":""Can you help me break down large goals into smaller, manageable tasks to stay consistent?"",""🧠 Regular Check-Ins"":""How can I effectively evaluate my habits and feelings to avoid burnout?"",""⚖️ Balance While Weed Free"":""What strategies can I use to maintain balance and avoid being too extreme with my goals of being weed-free?""}","[""How do you balance consistency with avoiding burnout in your life?""]",,,finding_balance,
185,51,Walking the Middle Way 🧘‍♂️,Find Your Balance,"**Practice Balance**: Today, let’s embrace the Buddhist Middle Way, which avoids extremes of self-indulgence and self-denial. This approach helps you find a balanced and sustainable path.

**Here’s how:**

1. **🔍 Identify Extremes:** Recognize an area where you tend to go to extremes.
   - Example: Completely avoiding social situations that involve cannabis.

2. **⚖️ Find a Balanced Approach:** Develop a plan to maintain balance in this area.
   - Example: Attend social events but find ways to participate without feeling pressured to use cannabis.

3. **📝 Write Down Your Plan:** Document your strategy to maintain this balance.
   - Example: “I will go to social gatherings but bring a non-cannabis drink and engage in activities that don’t involve cannabis use.”

By practicing the Middle Way, you can avoid the pitfalls of both excess and deprivation, leading to a more balanced and fulfilling life.",life,,,"{""🧩 How to practice the Middle Way"":""https://www.reddit.com/r/Buddhism/comments/1aqcivd/how_to_practice_the_middle_way"",""🧘 What is the Middle Way? | Robert Thurman"":""https://www.youtube.com/watch?v=4fkZ_hj8zNY"",""🕊️ The Middle Way | Ajahn Brahm | 11-06-2010"":""https://www.youtube.com/watch?v=ZS3QRq7hnfM"",""🔄 Does the Middle Way apply to all cases of duality?"":""https://www.reddit.com/r/Buddhism/comments/txigpo/does_the_middle_way_apply_to_all_cases_of_duality/"",""🧐 Give me the best definition of Middle Way in short"":""https://www.reddit.com/r/theravada/comments/1akqa2b/give_me_the_best_definition_of_middle_way_in_short/"",""🌟 Hey guys, can I ask why is it called The Middle Way?"":""https://www.reddit.com/r/Buddhism/comments/xhbhkm/hey_guys_can_i_ask_why_is_it_called_the_middle/"",""🧘‍♂️ What is the Middle Way and how do we live it?"":""https://www.reddit.com/r/Buddhism/comments/4nj13d/what_is_the_middle_way_and_how_do_we_live_it/"",""🌌 Are all things empty? - Nagarjuna & The Buddhist Middle Way"":""https://www.youtube.com/watch?v=gWZ-OnmKl70""}","{""⚖️ Find Balance"":""Can you help me develop a balanced plan for social situations involving cannabis?"",""🔍 Identify Extremes"":""What are some areas in my life where I might be going to extremes?"",""📝 Document Your Strategy"":""What should I include in my plan to maintain balance in cannabis-related social events?"",""🧘‍♂️ Embrace Balance"":""How can I practice the Middle Way in my approach to cannabis moderation?""}","[""What's one area in your life that needs more balance?""]",,,finding_balance,
186,52,Endocannabinoid System 🌿,Learn How to Balance Mood,"**Understand Your Body**: Today, let’s learn about the endocannabinoid system (ECS) and its role in mood regulation and stress response. The ECS helps maintain balance in the body and influences various physiological processes, including mood, stress, and appetite.

**Here’s how:**

1. **Research the ECS:** Understand how the endocannabinoid system works and its importance.
   - Example: The ECS includes receptors (CB1 and CB2), endocannabinoids, and enzymes that help regulate mood and stress.

2. **Support the ECS Naturally:** Implement activities that support the ECS into your daily routine.
   - Example: Exercise, proper nutrition, and stress management techniques can enhance ECS function.
     - 🏃‍♂️ **Exercise:** Activities like running and yoga can boost endocannabinoid levels, improving mood and reducing stress.
     - 🥗 **Nutrition:** Foods rich in omega-3 fatty acids, like fish and flaxseeds, support endocannabinoid production.
     - 🧘‍♀️ **Stress Management:** Practices like meditation and deep breathing can help regulate the ECS.

3. **Note Changes:** Monitor any changes in your mood and stress levels after incorporating these activities.
   - Example: Keep a journal to track improvements in your overall well-being.

By understanding and supporting your endocannabinoid system, you can enhance your mood regulation and stress response, leading to a healthier and more balanced life.",life,,,"{""🌿 Cannabis and the Endocannabinoid System"":""https://www.youtube.com/watch?v=AYNTEB1X5Kg&t=46s"",""🤔 What is the original purpose of cannabinoid?"":""https://www.reddit.com/r/explainlikeimfive/comments/14f2yyy/eli5_what_is_the_original_purpose_of_cannabinoid/"",""🧬 Does the human body actually have receptors?"":""https://www.reddit.com/r/askscience/comments/xytmhk/does_the_human_body_actually_have_receptors/"",""💨 ELI5: What exactly happens to you when you smoke?"":""https://www.reddit.com/r/explainlikeimfive/comments/rz1egk/eli5_what_exactly_happens_to_you_when_you_smoke/"",""🌿 Cannabinoid receptors: what are they actually for?"":""https://www.reddit.com/r/askscience/comments/yzedl/cannabinoid_receptors_what_are_they_actually_for/"",""🧬 How Marijuana Affects the Brain & Body | Dr. Andrew Huberman"":""https://www.youtube.com/watch?v=UCbqfBAhmPY"",""🧠 Marijuana Effects on the Brain, the Goods and the Bads, Animation."":""https://www.youtube.com/watch?v=r2_skiJAHsQ"",""🧩 Demystifying the endocannabinoid system. | Ruth Ross | TEDxMississauga"":""https://www.youtube.com/watch?v=8GsmTFytBYI&t=12s""}","{""📓 Track Mood Changes"":""How can I effectively monitor changes in my mood and stress levels while supporting my ECS?"",""🔍 Discover ECS Basics"":""Can you explain the function of the endocannabinoid system and its role in mood regulation?"",""🌿 Balance Mood with ECS"":""How can I support my endocannabinoid system to improve mood and stress management?"",""🏃‍♂️ Natural ECS Support"":""What are some natural ways to enhance the function of my endocannabinoid system?""}","[""How do you actively support your body's balance and mood?""]",,,finding_balance,
187,53,Feedback Loops 🌟,Unlock Your Hidden Patterns,"**Understand Behavior Patterns**: Today, let’s identify positive and negative feedback loops in your behavior. Feedback loops help us understand how certain actions lead to outcomes that reinforce our motivations.

**Here’s how:**

1. **🔍 Identify Feedback Loops:** Recognize patterns in your behavior that lead to positive or negative outcomes.
   - Example: Positive feedback loop—Exercising regularly leads to improved mood, which motivates you to keep exercising.
   - Example: Negative feedback loop—Using cannabis to cope with stress leads to increased stress when not using it, reinforcing the cycle.

2. **🗺️ Map Out the Loops:** Visualize how your actions lead to outcomes that reinforce your motivations.
   - Example: Draw a diagram showing how regular exercise leads to a positive feedback loop of better mood and increased motivation.

3. **🔧 Modify Actions:** Develop strategies to strengthen positive loops and weaken negative ones.
   - Example: To strengthen a positive loop, set a consistent exercise schedule. To weaken a negative loop, find alternative stress-relief activities like meditation or journaling.

By understanding and mapping out these feedback loops, you can develop more effective strategies to support your goals and create lasting positive change in your behavior.",life,,,"{""🌀 The Amazing Feedback Loop for Motivation"":""https://www.reddit.com/r/productivity/comments/hy7kxd/the_amazing_feedback_loop_for_motivation/"",""🧠 Help Recalling Yourself from Negative Feedback"":""https://www.reddit.com/r/Mindfulness/comments/vuy399/help_recalling_yourself_from_negative_feedback/"",""💪 Method Compounding is Powerful, Tighten Your Discipline"":""https://www.reddit.com/r/getdisciplined/comments/qvg2y1/method_compounding_is_powerful_tighten_your/""}","{""🔍 Identify Your Loops"":""How can I recognize feedback loops in my behavior that lead to positive or negative outcomes?"",""🗺️ Map Your Patterns"":""Can you help me visualize how my actions create feedback loops that reinforce my motivations?"",""🛠️ Weaken Negative Loops"":""How can I develop strategies to weaken negative feedback loops and create lasting positive change?"",""🔧 Strengthen Positive Loops"":""What strategies can I use to strengthen positive feedback loops in my life?""}","[""What’s one feedback loop affecting your daily life?""]",,,growth,
188,54,Assess Your Work-Life Balance ⚖️,Align with Your Priorities,"Hi _CLIENTNAME_! 🌟

Today, let’s assess your work-life balance. Remember, work-life balance isn't about equal time for both, but ensuring your time aligns with your values and priorities. 🧘‍♂️

**Here’s how:**

1. **Evaluate Your Schedule**: Look at how your time is currently divided.
   - 📅 **Example**: Are you spending most of your time working and neglecting personal time?

2. **Set Priorities**: Align your activities with what’s most important to you.
   - 🎯 **Example**: Identify your top priorities, such as health, family, and personal growth.

3. **Make Adjustments**: Ensure your schedule reflects your priorities.
   - 🛌 **Example**: Allocate specific times for relaxation and personal activities to avoid burnout.

4. **Create Boundaries**: Establish clear boundaries between work and personal time.
   - 🚫 **Example**: Avoid checking work emails during personal time to maintain a healthy separation.

**Quote**: ""Work-life balance is not about having equal time for both, but ensuring that your time aligns with your values and priorities."" – Unknown

By understanding and adjusting your work-life balance, you can create a more fulfilling and sustainable lifestyle.",life,,,"{""🧘 What's a job with a great work-life balance?"":""https://www.reddit.com/r/careerguidance/comments/17ri24r/whats_a_job_with_a_great_worklife_balance/"",""🇺🇸 How is work-life-balance perceived in the US?"":""https://www.reddit.com/r/AskAnAmerican/comments/11rxk5e/how_is_worklifebalance_perceived_in_the_us"",""⚖️ Work life balance - is there ever truly balance?"":""https://www.reddit.com/r/Adulting/comments/13q15if/work_life_balance_is_there_ever_truly_balance/""}","{""🎯 Set Priorities"":""What steps can I take to align my daily activities with my top priorities?"",""🛌 Make Adjustments"":""How can I adjust my schedule to better reflect my personal priorities?"",""🚫 Create Boundaries"":""What strategies can I use to establish clear boundaries between work and personal time?"",""⚖️ Assess Your Balance"":""How can I evaluate my current work-life balance to see if it aligns with my values?""}","[""What priority needs more time in your schedule?""]",,,growth,
189,55,Strengthen Your Relationships 🤝,Quality Time with Loved Ones,"Hi _CLIENTNAME_! 🌟

Today, let’s focus on your relationships. Are you spending quality time with loved ones? Strong social connections are vital for well-being. Research suggests that hearing your mother's voice can reduce stress. When young girls spoke to their moms in person or by phone, oxytocin increased and cortisol decreased. Texting did not provide the same benefits. 🤝

**Here’s how:**

1. **Schedule Quality Time**: Plan regular catch-ups with friends or family this week.
   - 📞 **Example**: Call a loved one for a meaningful conversation.
   
2. **Be Present**: Ensure you are fully present during these interactions.
   - 📵 **Example**: Put away your phone to focus on the conversation.

By prioritizing quality time with loved ones, you can enhance your emotional well-being and strengthen your relationships.",life,,,"{""🌞 Checking on your friends"":""https://www.reddit.com/r/lifehacks/comments/lxxhz0/checking_on_your_friends/"",""🌟 Check in on those around you"":""https://www.reddit.com/r/JustGuysBeingDudes/comments/1aupw0l/check_in_on_those_around_you/"",""🌈 LPT: Check on the people who take care of you"":""https://www.reddit.com/r/LifeProTips/comments/106c8uo/lpt_check_on_the_people_who_take_care_of_you/"",""🌟 This is how I make strong, healthy friendships"":""https://www.reddit.com/r/socialskills/comments/jwn02q/this_is_how_i_make_strong_healthy_friendships/"",""❤️ 100 People Call Someone to Say 'I Love You.' | Cut"":""https://www.youtube.com/watch?v=gcZ1gzFSSNE""}","{""📵 Be Present"":""What strategies can I use to ensure I am fully present during interactions with friends and family?"",""📞 Call for Connection"":""How does talking to a loved one on the phone differ from texting in terms of emotional impact?"",""💬 Meaningful Conversations"":""Can you suggest ways to make conversations with loved ones more meaningful and engaging?"",""🤝 Strengthen Relationships"":""How can I schedule more quality time with my loved ones this week?""}","[""Who do you need to spend more quality time with?""]",,,growth,
190,56,Evaluate Your Health 🌟,Identify and Strengthen Weak Spots,"Hi _CLIENTNAME_! 🌟

Today, let’s evaluate your health. Are you maintaining a balanced diet and regular exercise routine? Identifying weak spots in your health habits can help you make targeted improvements. 🥗🏋️‍♂️

**Here’s how:**

1. **Assess Your Diet**: Are you eating a variety of nutrient-rich foods?
   - 🍎 **Example**: Add more fruits, vegetables, and whole grains to your meals.

2. **Review Your Exercise Routine**: Are you getting enough physical activity?
   - 🏃 **Example**: Incorporate a 30-minute daily workout into your routine.

3. **Identify Weak Spots**: Look for areas that need improvement.
   - 🔍 **Example**: Are you missing out on sleep or feeling consistently stressed?

By evaluating and strengthening these weak spots, you can enhance your overall health and well-being.",life,,,"{""📏 How would you measure health?"":""https://www.reddit.com/r/AskReddit/comments/s4keyt/how_would_you_measure_health/"",""🏥 25 METHODS TO CHECK YOUR HEALTH IN 5 MINUTES"":""https://www.youtube.com/watch?v=oADvv-j2J2k"",""🤔 How will I know when I'm physically healthy?"":""https://www.reddit.com/r/nutrition/comments/gv7ncz/how_will_i_know_when_im_physically_healthy/"",""🍏 What are some easy and reliable general health tips?"":""https://www.reddit.com/r/longevity/comments/8r6fiv/what_are_some_easy_and_reliable_general_health/"",""🌿 16 WAYS TO CHECK YOUR HEALTH AT HOME AND CURE NATURALLY"":""https://www.youtube.com/watch?v=fQXz8vQcLsQ"",""🩺 HOW HEALTHY ARE YOU? Know your HEALTH SCORE at Home in 10 Minute | By GunjanShouts"":""https://www.youtube.com/watch?v=vz3Jpf0UtGo"",""🥗 What's one single change that you made that had the biggest impact on your nutrition?"":""https://www.reddit.com/r/nutrition/comments/1bpvmj7/whats_one_single_change_that_you_made_that/""}","{""🍎 Assess Your Diet"":""How can I incorporate more nutrient-rich foods into my daily meals?"",""🔍 Identify Weak Spots"":""What are some common areas of health that people often overlook, and how can I address them?"",""💪 Strengthen Health Habits"":""Can you suggest ways to improve my sleep and reduce stress for better well-being?"",""🏃 Review Your Exercise Routine"":""What types of exercises can I add to ensure a balanced workout regimen?""}","[""What weak spots in your health need the most attention?""]",,,growth,
191,57,Reflect and Balance ⚖️,Evaluate Your Life,"Hi _CLIENTNAME_! 🌟

Today, let’s reflect on all areas of your life. Are you maintaining a balance between work, relationships, health, and leisure? 🌟

**Here’s how:**

1. **Work**: Assess your workload and stress levels.
   - 🖋️ **Example**: Are you overworking or feeling burnt out? Consider setting boundaries.

2. **Relationships**: Evaluate the quality of your connections.
   - 💞 **Example**: Are you spending enough quality time with loved ones?

3. **Health**: Look at your physical and mental well-being.
   - 🏋️ **Example**: Are you prioritizing exercise and mental health practices?

4. **Leisure**: Ensure you have time for relaxation and hobbies.
   - 🎨 **Example**: Are you making time for activities that bring you joy?

⭐️✍️ Write down your reflections on each area and identify specific changes you can make to improve balance.

**Quote**: ""Balance is not something you find, it's something you create."" – Jana Kingsford",life,,,"{""😓 Can't seem to find balance in my life"":""https://www.reddit.com/r/Adulting/comments/117s70n/cant_seem_to_find_balance_in_my_life/"",""⚖️ How Do I Find Balance In My Life? | by Jay Shetty"":""https://www.youtube.com/watch?v=BziToidh7Tw"",""🧘‍♂️ LPT Request: How do you balance 9-5 work, a social life, and physical health?"":""https://www.reddit.com/r/LifeProTips/comments/129wl7w/lpt_request_how_do_you_balance_95_work_a_social/""}","{""🔄 Automate Good Habits"":""Can you help me identify ways to automate good decisions in my daily routine?"",""👀 Visual Cues for Success"":""What are some effective visual cues I can use to encourage positive habits?"",""🛑 Reduce Bad Habit Friction"":""How can I make it harder to engage in unwanted habits by adjusting my environment?"",""🏡 Environment Over Willpower"":""How can I change my surroundings to better support my cannabis moderation goals?""}","[""How do you define success in your everyday life?""]",,,growth,
192,58,Understanding Stressors 🌟,Build Mental Resilience,"Hi _CLIENTNAME_! 🌟

Today, we’ll focus on building mental resilience. Strengthening your mind will help you navigate challenges and stay committed to your goals. 💪

**Here’s how:**

⭐️✍️ Make a list of things that cause you stress. Understanding your stressors is the first step to managing them effectively. Consider these types:

- 🧠 **Emotional Stressors**: Personal relationships, grief, and self-esteem issues.
- 🌍 **Environmental Stressors**: Noise, pollution, and cluttered spaces.
- 💼 **Work Stressors**: Deadlines, workload, and job security.
- 🛌 **Physical Stressors**: Illness, lack of sleep, and poor nutrition.

By identifying these stressors, you can develop strategies to manage them better.

**Quote**: ""You can’t always control what goes on outside, but you can always control what goes on inside."" – Wayne Dyer",life,,,"{""😌 How can I identify stress?"":""https://www.reddit.com/r/Mindfulness/comments/18atrdo/how_can_i_identify_stress/"",""🧘 Managing Stress: Good for Your Health"":""https://www.youtube.com/watch?v=15GaKTP0gFE"",""🧘 IWTL: How to deal with multiple stressors and..."":""https://www.reddit.com/r/IWantToLearn/comments/uqxzp6/iwtl_how_to_deal_with_multiple_stressors_and/"",""📈 Need your help: What actually works for you to..."":""https://www.reddit.com/r/GetMotivated/comments/19ex4hi/need_your_help_what_actually_works_for_you_to/"",""😌 Stressed people of Reddit, what really helps you?"":""https://www.reddit.com/r/AskReddit/comments/7fqycq/stressed_people_of_reddit_what_really_helps_you/"",""🧠 I am Lynn Bufka, Ph.D., a psychologist and expert on..."":""https://www.reddit.com/r/IAmA/comments/2ag72f/i_am_lynn_bufka_phd_a_psychologist_and_expert_on/"",""🧠 How to protect your brain from stress | Niki Korteweg | TEDxAmsterdamWomen"":""https://www.youtube.com/watch?v=Nz9eAaXRzGg"",""😱 How stress is killing us (and how you can stop it). | Thijs Launspach | TEDxUniversiteitVanAmsterdam"":""https://www.youtube.com/watch?v=NyyPZJrDfkM""}","{""🛌 Physical Health"":""How can you improve your physical well-being to better manage stress?"",""🧠 Identify Stressors"":""What are the main emotional stressors in your life, and how can you start to manage them?"",""🌍 Environmental Factors"":""How does your physical environment contribute to your stress, and what changes can you make to improve it?"",""💼 Work Stress Solutions"":""What are some practical steps you can take to reduce stress related to your job?""}","[""Which stressor impacts you the most and why?""]",,,growth,
193,59,Embrace Mindfulness 🧘,Stay Calm and Focused,"Hi _CLIENTNAME_! 🌟

Incorporating mindfulness exercises into your routine can significantly enhance your mental well-being. Mindfulness helps reduce stress, improve focus, and boost emotional health. 🧘

**Here’s how:**

1. **Choose an Exercise**: Pick a mindfulness exercise like meditation, deep breathing, or mindful walking.
   - 🧘‍♂️ **Example**: Spend 10 minutes practicing deep breathing to calm your mind.
   - 🚶 **Example**: Go for a mindful walk, paying attention to each step and breath.

2. **Practice Regularly**: Make mindfulness a daily habit to experience its full benefits.

**Quote**: ""Mindfulness is a way of befriending ourselves and our experience."" – Jon Kabat-Zinn",life,,,"{""😩 Being Present and Mindful is Exhausting"":""https://www.reddit.com/r/Meditation/comments/6kbtnf/being_present_and_mindful_is_exhausting/"",""🧘‍♂️ How do you stay mindful in stressful times?"":""https://www.reddit.com/r/Mindfulness/comments/ut54zv/how_do_you_stay_mindful_in_stressful_times/"",""🧘 Mindful Meditation Explained for People Who Don’t Meditate"":""https://www.reddit.com/r/Meditation/comments/gtkd1u/mindful_meditation_explained_for_people_who_dont/"",""🗣️ I’m a Psychotherapist, Ask Me Anything About Psychotherapy"":""https://www.reddit.com/r/IAmA/comments/gk7y2p/im_a_psychotherapist_ask_me_anything_about/"",""🧩 Mindfulness How: Practice Being Mindful | DBT Skills from Experts"":""https://www.youtube.com/watch?v=7CBfCW67xT8"",""🌱 Self-Transformation Through Mindfulness | Dr. David Vago | TEDxNashville"":""https://www.youtube.com/watch?v=wTBSGgbIvsY"",""🌀 What if Your Mind is Too Active That You Can’t Do Mindfulness Meditation?"":""https://www.reddit.com/r/Meditation/comments/u391fz/what_if_your_mind_is_too_active_that_you_cant_do/"",""🤔 Is it Possible to Get So Good at Being Mindful That You Don’t Need to Meditate?"":""https://www.reddit.com/r/Meditation/comments/ruz8yy/is_it_possible_to_get_so_good_at_being_mindful/"",""🧘‍♂️ How Meditation Works & Science-Based Effective Meditations | Huberman Lab Podcast #96"":""https://www.youtube.com/watch?v=oYdrMpnE93s"",""🧠 How mindfulness changes the emotional life of our brains | Richard J. Davidson | TEDxSanFrancisco"":""https://www.youtube.com/watch?v=1nP5oedmzkM""}","{""🚶 Mindful Walking"":""What are the benefits of mindful walking, and how can I make it a part of my routine?"",""🧘 Embrace Mindfulness"":""How can I incorporate mindfulness exercises into my daily routine to enhance my well-being?"",""🌟 Daily Mindfulness Habit"":""What strategies can I use to make mindfulness a consistent part of my daily life?"",""🧘‍♂️ Deep Breathing Benefits"":""How can practicing deep breathing for 10 minutes daily help calm my mind and reduce stress?""}","[""How does mindfulness transform your reaction to daily stressors?""]",,,growth,
194,60,Healthy Coping Strategies 💪,Manage Stress Effectively,"Hi _CLIENTNAME_! 🌟

Today, we’ll focus on developing healthy coping strategies to help you manage stress effectively. 💪

**Here’s how:**

1. **Exercise**: Physical activity can reduce stress and improve mood.
   - 🏋️ **Example**: Go for a run, take a yoga class, or do a home workout.

2. **Journaling**: Writing down your thoughts can provide clarity and reduce anxiety.
   - 📓 **Example**: Spend a few minutes each day journaling about your feelings.

3. **Social Support**: Talking to a friend or family member can offer emotional support.
   - 🗣️ **Example**: Share your experiences and feelings with someone you trust.

⭐️✍️ Try a new coping strategy like exercise, journaling, or talking to a friend to see what works best for you.",life,,,"{""🌈 Coping with Stress"":""https://www.youtube.com/watch?v=TK5KOXLT15g"",""📚 How do y'all cope with stress?"":""https://www.reddit.com/r/LawSchool/comments/18doj46/how_do_yall_cope_with_stress/"",""😰 How do you manage stress and anxiety?"":""https://www.reddit.com/r/productivity/comments/j4k3x7/how_do_you_manage_stress_and_anxiety/"",""💡 How to Manage Stress | Nuffield Health"":""https://www.youtube.com/watch?v=rukcQcZ1NYE"",""😓 I feel like I can't handle stress like a normal"":""https://www.reddit.com/r/selfimprovement/comments/to9iik/i_feel_like_i_cant_handle_stress_like_a_normal/"",""🧘 IWTL: How to effectively handle stress and manage"":""https://www.reddit.com/r/IWantToLearn/comments/jb9j1r/iwtl_how_to_effectively_handle_stress_and_manage"",""🛠️ Are there any life hacks for when u r extremely lazy?"":""https://www.reddit.com/r/lifehacks/comments/13za4de/are_there_any_life_hacks_for_when_u_r_extremely/"",""🧘 3-Minute Stress Management: Reduce Stress With This Short Activity"":""https://www.youtube.com/watch?v=grfXR6FAsI8""}","{""⭐️ Try New Strategies"":""How can experimenting with different coping strategies help me find what works best for managing stress?"",""📓 Journaling for Clarity"":""Can you suggest some effective journaling techniques to reduce anxiety?"",""💪 Healthy Coping Strategies"":""How can I incorporate exercise into my routine to manage stress better?"",""🗣️ Social Support Network"":""What are some ways to build a stronger support network for emotional well-being?""}","[""Which coping strategy has helped you most in stressful times?""]",,,growth,
195,61,Cognitive Restructuring 🌟,Reframe Negative Thoughts,"**Reframe Your Thoughts**: Today, let’s practice cognitive restructuring by changing negative thoughts about cannabis into balanced ones. This technique helps you challenge and change unhelpful thinking patterns.

**Here’s how:**

1. **🔍 Identify Negative Thoughts:** Recognize a negative thought related to cannabis use.
   - Example: ""I need cannabis to relax.""

2. **❓ Challenge the Thought:** Question the validity of the negative thought.
   - Example: Ask yourself, ""Is cannabis the only way I can relax?""

3. **🔄 Reframe It:** Replace the negative thought with a balanced, positive one.
   - Example: Change ""I need cannabis to relax"" to ""I can relax through other means like reading, meditating, or taking a walk.""

By practicing cognitive restructuring, you can develop healthier thought patterns and find alternative ways to achieve your goals.",life,,,"{""🔍 Reframe Unhelpful Thoughts"":""https://www.reddit.com/r/Mindfulness/comments/17mwfng/how_do_we_reframe_our_selfnegative_talks/"",""🧘‍♂️ 17/30 How to Process Emotions"":""https://www.youtube.com/watch?v=iB_1jluDbpU"",""🧠 Cognitive Distortions and How to Correct Them"":""https://www.reddit.com/r/DecidingToBeBetter/comments/9d8j04/cognitive_distortions_and_how_to_correct_them/"",""💡 LPT Request: What are some ways in which you..."":""https://www.reddit.com/r/LifeProTips/comments/2j8yif/lpt_request_what_are_some_ways_in_which_you/"",""🧠 For those who use to have negative thoughts all"":""https://www.reddit.com/r/CBT/comments/1ap9blc/how_should_i_reframe_cognitive_distortions_if_i/"",""🔄 How should I reframe cognitive distortions if I?"":""https://www.reddit.com/r/Mindfulness/comments/vtsb55/how_can_i_control_my_negative_thoughts_its/"",""🧘‍♀️ How do we reframe our self-negative talks?"":""https://www.reddit.com/r/Mindfulness/comments/17intee/for_those_who_use_to_have_negative_thoughts_all/"",""🛑 6 Ways To Stop Negative Thoughts (Negative Thinking)"":""https://www.youtube.com/watch?v=tfkhkFwCtxs"",""🔄 Reframe Your Negative Thoughts: Change How You See the World"":""https://www.youtube.com/watch?v=nsOKrCVs6WM"",""🧠 Identifying and Reframing Negative Thoughts | Athletes Connected"":""https://www.youtube.com/watch?v=DmxAIrr1LZc""}","{""❓ Challenge the Thought"":""What are some effective ways to question and challenge the validity of my negative thoughts?"",""🔄 Reframe Your Thinking"":""How can I reframe negative thoughts about cannabis into balanced, positive ones?"",""🌟 Healthier Thought Patterns"":""Can you guide me through developing healthier thought patterns regarding my cannabis use?"",""🔍 Identify Negative Thoughts"":""How can I recognize and pinpoint negative thoughts related to my cannabis use?""}","[""What's another way you can achieve relaxation without cannabis?""]",,,growth,
196,62,Overcoming Triggers,Build Resilience Now,"**Build Resilience**: Today, let’s practice Exposure and Response Prevention (ERP) by gradually exposing yourself to cannabis triggers without using it. This technique helps you manage and reduce the power of these triggers over time.

**Here’s how:**

1. 🕵️ **Identify Triggers:** Recognize situations that trigger the urge to use cannabis.
   - Example: Being around friends who smoke or feeling stressed after work.

2. 🌱 **Start Small:** Begin with a minor trigger and gradually work your way up.
   - Example: Spend time in a place where you used to smoke, but without using cannabis.

3. 📓 **Note Your Response:** Observe your reactions and the strategies you use to cope.
   - Example: Notice if deep breathing or distraction helps manage your urge.

4. 📈 **Build Up Gradually:** Increase the intensity of exposure over time.
   - Example: Progress to being around friends who smoke, but practice your coping strategies.

By gradually exposing yourself to triggers and managing your responses, you can reduce their power and build resilience.",life,,,"{""🍃 My urge to smoke weed has vanished"":""https://www.reddit.com/r/CasualConversation/comments/1brrgpa/my_urge_to_smoke_weed_has_vanished/"",""🍃 How do I get past the urge to smoke weed & drink?"":""https://www.reddit.com/r/NoStupidQuestions/comments/1c3ielt/how_do_i_get_past_the_urge_to_smoke_weed_drink/""}","{""🌱 Start Small"":""How can you begin exposing yourself to minor triggers and what are your first steps?"",""🔍 Identify Triggers"":""What situations commonly trigger your urge to use cannabis, and how can you prepare to face them?"",""📈 Build Up Gradually"":""How can you increase the intensity of your exposure to cannabis triggers over time to build resilience?"",""📓 Note Your Response"":""Can you track your reactions to triggers and evaluate which coping strategies work best for you?""}","[""What minor trigger can you face today to build resilience?""]",,,growth,
197,63,Growth Mindset 🌱,Embrace Challenges,"**Opportunities to Grow**: Today, let’s embrace the growth mindset by viewing weed-free challenges as opportunities to grow. This mindset encourages learning from difficulties and seeing them as steps toward improvement.

**Here’s how:**

1. ✅ **Identify a Recent Challenge:** Reflect on a recent challenge related to staying weed-free.
   - Example: Struggling to resist using cannabis at a social event.

2. 📚 **List What You Learned:** Note the lessons you gained from this experience.
   - Example: Learned the importance of having a plan for social situations, realized the value of supportive friends, or discovered new coping strategies like deep breathing or stepping outside for a break.

By viewing challenges as opportunities to grow, you can develop resilience and continuously improve your approach to staying weed-free.",life,LO-Use-State,I want to stop entirely,"{""🤔Growth Mindset vs. Fixed Mindset"":""https://www.youtube.com/watch?v=KUWn_TJTrnU"",""🌱 Develop a Growth Mindset (Advice)"":""https://www.reddit.com/r/getdisciplined/comments/14ewstd/develop_a_growth_mindset_advice/"",""💪The Most Powerful Mindset for Success"":""https://www.youtube.com/watch?v=qjBdcyueom8"",""🧠 Intro to Developing a Growth Mindset"":""https://www.reddit.com/r/HubermanLab/comments/15eefa9/intro_to_developing_a_growth_mindset"",""🧠FIXED Mindset vs. GROWTH Mindset - Mike Rashid"":""https://www.youtube.com/watch?v=571aZRAn9hI"",""🌟 Has anyone actually switched from a fixed to a growth mindset?"":""https://www.reddit.com/r/selfimprovement/comments/q6v945/has_anyone_actually_switched_from_a_fixed_to_a/"",""🌱 [Advice] The Growth Mindset: Why You Should Urgently Develop One"":""https://www.reddit.com/r/getdisciplined/comments/f5x2oa/advice_the_growth_mindset_why_you_should_urgently/"",""🚀How to Enhance Performance & Learning by Applying a Growth Mindset"":""https://www.youtube.com/watch?v=aQDOU3hPci0"",""💪 Method adults that have actually developed a disciplined lifestyle?"":""https://www.reddit.com/r/getdisciplined/comments/14jkxho/method_adults_that_have_actually_developed_a/""}","{""✅ Reflect on Challenges"":""Can you help me identify a recent challenge and the lessons learned from it?"",""🌱 Growth Opportunities"":""How can I view my recent challenges as opportunities for growth?"",""📚 Learn from Experiences"":""What are some key lessons I can take away from my recent difficulties in staying weed-free?"",""🧠 Embrace Growth Mindset"":""How can adopting a growth mindset help me improve my approach to staying weed-free?""}","[""What recent challenge helped you discover something new about yourself?""]",,,growth,
198,63,Growth Mindset 🌱,Embrace Challenges,"**Opportunities to Grow**: Today, let’s embrace the growth mindset by viewing weed-free challenges as opportunities to grow. This mindset encourages learning from difficulties and seeing them as steps toward improvement.

**Here’s how:**

1. ✅ **Identify a Recent Challenge:** Reflect on a recent challenge related to staying weed-free.
   - Example: Struggling to resist using cannabis at a social event.

2. 📚 **List What You Learned:** Note the lessons you gained from this experience.
   - Example: Learned the importance of having a plan for social situations, realized the value of supportive friends, or discovered new coping strategies like deep breathing or stepping outside for a break.

By viewing challenges as opportunities to grow, you can develop resilience and continuously improve your approach to staying weed-free.",life,LO-Use-State,I want to moderate my use,"{""🤔Growth Mindset vs. Fixed Mindset"":""https://www.youtube.com/watch?v=KUWn_TJTrnU"",""🌱 Develop a Growth Mindset (Advice)"":""https://www.reddit.com/r/getdisciplined/comments/14ewstd/develop_a_growth_mindset_advice/"",""💪The Most Powerful Mindset for Success"":""https://www.youtube.com/watch?v=qjBdcyueom8"",""🧠 Intro to Developing a Growth Mindset"":""https://www.reddit.com/r/HubermanLab/comments/15eefa9/intro_to_developing_a_growth_mindset"",""🧠FIXED Mindset vs. GROWTH Mindset - Mike Rashid"":""https://www.youtube.com/watch?v=571aZRAn9hI"",""🌟 Has anyone actually switched from a fixed to a growth mindset?"":""https://www.reddit.com/r/selfimprovement/comments/q6v945/has_anyone_actually_switched_from_a_fixed_to_a/"",""🌱 [Advice] The Growth Mindset: Why You Should Urgently Develop One"":""https://www.reddit.com/r/getdisciplined/comments/f5x2oa/advice_the_growth_mindset_why_you_should_urgently/"",""🚀How to Enhance Performance & Learning by Applying a Growth Mindset"":""https://www.youtube.com/watch?v=aQDOU3hPci0"",""💪 Method adults that have actually developed a disciplined lifestyle?"":""https://www.reddit.com/r/getdisciplined/comments/14jkxho/method_adults_that_have_actually_developed_a/""}","{""✅ Reflect on Challenges"":""Can you help me identify a recent challenge and the lessons learned from it?"",""🌱 Growth Opportunities"":""How can I view my recent moderation challenges as opportunities for growth?"",""📚 Learn from Experiences"":""What are some key lessons I can take away from my recent difficulties in moderation?"",""🧠 Embrace Growth Mindset"":""How can adopting a growth mindset help me improve my approach to cannabis moderation?""}","[""What recent challenge helped you discover something new about yourself?""]",,,growth,
199,64,Elevate Your Life 🌟,PERMA Model,"**Enhance Well-Being**: Today, let’s apply Seligman's PERMA model (Positive Emotion, Engagement, Relationships, Meaning, Accomplishment) to enhance your well-being without cannabis. This model helps you focus on key areas that contribute to a fulfilling life.

**Here’s how:**

1. **Positive Emotion:** Cultivate positive emotions through activities you enjoy.
   - 🌳 Example: Practice gratitude journaling or spend time in nature.

2. **Engagement:** Find activities that fully absorb your attention and make you lose track of time.
   - 🎨 Example: Engage in hobbies like painting, reading, or playing a musical instrument.

3. **Relationships:** Strengthen your connections with others.
   - 👨‍👩‍👧‍👦 Example: Spend quality time with family and friends, or join a club or group with similar interests.

4. **Meaning:** Pursue activities that give your life purpose and meaning.
   - ❤️ Example: Volunteer for a cause you care about or explore personal passions.

5. **Accomplishment:** Set and achieve goals to build a sense of accomplishment.
   - 🏆 Example: Start with small, manageable goals and gradually take on bigger challenges.

By focusing on these five areas, you can enhance your overall well-being and create a fulfilling life without relying on cannabis.",life,,,"{""🤔 So what is PERMA anyway?"":""https://www.reddit.com/r/WellbeingHypnotherapy/comments/11hc71x/so_what_is_perma_anyway/"",""😊 A New Way to Look at Life Satisfaction - PERMA"":""https://www.reddit.com/r/fatFIRE/comments/rdfm2h/a_new_way_to_look_at_life_satisfaction_perma/"",""📚Martin Seligman 'Flourishing - a new understanding of wellbeing' at Happiness & Its Causes 2012"":""https://www.youtube.com/watch?v=mnI1ZUgFPlM""}","{""❤️ Pursue Meaning"":""Can you identify activities or causes that give your life more meaning and purpose?"",""🎨 Total Engagement"":""What hobbies or activities make you lose track of time and feel fully absorbed?"",""🌟 Positive Emotions"":""How can I incorporate more activities that cultivate positive emotions into my daily routine?"",""👨‍👩‍👧‍👦 Strengthen Relationships"":""What are some ways to deepen your connections with family and friends?""}","[""Which part of the PERMA model do you neglect most? Why?""]",,,growth,
200,65,Neuroplasticity 🧠,Rewire Your Brain,"**Rewire Your Brain**: Today, let’s understand neuroplasticity and how forming new habits can rewire your brain. Neuroplasticity is the brain's ability to reorganize itself by forming new neural connections throughout life.

**Here’s how:**

1. 🧩 **Understand Neuroplasticity:** Your brain can change and adapt through repeated behaviors.
   - Example: Repeating a new habit strengthens the neural pathways involved.

2. 🌱 **Form New Habits:** Implement small, consistent changes to create new neural connections.
   - Example: Replace using cannabis with short, daily workouts to build a healthier habit.

3. ⏳ **Practice Consistency:** Be patient and persistent with your new habits.
   - Example: Over time, new behaviors will feel natural as your brain adapts.

By leveraging neuroplasticity, you can rewire your brain to support healthier habits and achieve your goals.",life,,,"{""🔬 What supplements can I use for neuroplasticity?"":""https://www.reddit.com/r/Biohackers/comments/x3ep1a/what_supplements_can_i_use_for_neuroplasticity/"",""🧠 Neuroplasticity: The Art of Rewiring Your Brain"":""https://www.reddit.com/r/selfimprovement/comments/nuemam/neuroplasticity_the_art_of_rewiring_your_brain/"",""🌀 Discover How to Rewire Your Brain with Neuroplasticity"":""https://www.youtube.com/watch?v=gOJL3gjc8ak"",""🧠 IWTL: How to utilize neuroplasticity to form new habits"":""https://www.youtube.com/watch?v=L0H0G-aWB1o"",""💡 Advice: It is absolutely life changing to learn to say no"":""https://www.reddit.com/r/IWantToLearn/comments/ebk9y3/iwtl_how_to_utilize_neuroplasticity_to_form_new/"",""🔄 How To Rewire Your Brain Effectively | Neuroplasticity | Dr. Joe Dispenza"":""https://www.youtube.com/watch?v=bbLP-as1ABk&t=225s""}","{""🌱 Form New Habits"":""What small, consistent changes can I make to build new neural connections?"",""🧠 Rewire Your Brain"":""How can understanding neuroplasticity help me develop healthier habits?"",""⏳ Practice Consistency"":""Why is patience and persistence important when forming new habits?"",""🧩 Understand Neuroplasticity"":""Can you explain how repeated behaviors strengthen neural pathways?""}","[""What small, consistent change could positively transform your daily life?""]",,,growth,
201,66,Dopamine Regulation 🧠,Balance Your Brain,"**Balance Your Brain**: Today, let’s learn about dopamine's role in addiction and how to naturally regulate it through healthy activities. Dopamine is a neurotransmitter that plays a key role in reward and pleasure, often linked to addiction.

**Here’s how:**

1. **Understand Dopamine:** Recognize how dopamine influences addiction.
   - Example: Dopamine spikes with cannabis use create a cycle of seeking pleasure and reward, leading to dependence.

2. **Regulate Naturally:** Engage in healthy activities to balance dopamine levels.
   - 🏋️‍♂️ Example: Exercise boosts dopamine production, improving mood and reducing cravings.
   - 🥑 Example: Healthy eating, particularly foods rich in tyrosine (like almonds and avocados), supports dopamine production.
   - 🧘‍♀️ Example: Meditation and mindfulness can help stabilize dopamine levels and enhance well-being.

By learning about dopamine and practicing healthy activities, you can regulate its levels naturally, reducing reliance on substances and improving overall mental health.",life,,,"{""🌿 Using Weed for Dopamine"":""https://www.reddit.com/r/leaves/comments/19egi9r/using_weed_for_dopamine/"",""🎯 Advice: Balancing dopamine"":""https://www.reddit.com/r/getdisciplined/comments/n4l661/advicebalancing_dopamine/"",""📈 How to Increase Dopamine Base Line"":""https://www.reddit.com/r/HubermanLab/comments/13kxa44/how_to_increase_dopamine_base_line/"",""🚀 Practical advice on controlling dopamine"":""https://www.reddit.com/r/HubermanLab/comments/1cjtyin/practical_advice_on_controlling_dopamine/"",""🧠 Ways to Increase Your Dopamine Naturally"":""https://www.reddit.com/r/HubermanLab/comments/13d4ok5/ways_to_increase_your_dopamine_naturally/"",""💡 What are everyone's best tips for boosting?"":""https://www.reddit.com/r/ADHDUK/comments/1750zsk/what_are_everyones_best_tips_for_boosting/"",""🔒 [Method] The dopamine trap and how to escape it"":""https://www.reddit.com/r/getdisciplined/comments/12ikk5a/method_the_dopamine_trap_and_how_to_escape_it"",""🔄 How To Reprogram Your Dopamine To Crave Hard Work"":""https://www.youtube.com/watch?v=8GUNhGRlQDU"",""🚀 [Method] What finally made it click: Dopamine Control"":""https://www.reddit.com/r/getdisciplined/comments/qajv29/method_what_finally_made_it_click_dopamine_control/"",""🧠 Tips for Regulating Dopamine with Andrew Huberman | The Proof clips EP 205"":""https://www.youtube.com/watch?v=7OgmCikx754"",""⚖️ Return To A Baseline Of Dopamine Release - Jocko Willink & Andrew Huberman"":""https://www.youtube.com/watch?v=1WZwzy9rCDk"",""🔍 Misunderstanding dopamine: Why the language of addiction matters | Cyrus McCandless | TEDxPortsmouth"":""https://www.youtube.com/watch?v=aqXmOb_fuN4""}","{""🧠 Balance Your Brain:"":""How does dopamine influence addiction and what are some natural ways to regulate it?"",""🥑 Healthy Eating for Balance:"":""How can incorporating tyrosine-rich foods into my diet support dopamine regulation?"",""🧘‍♀️ Mindfulness Practices:"":""What mindfulness techniques can I use to stabilize dopamine levels and improve my well-being?"",""🏋️‍♂️ Exercise for Dopamine"":""What types of exercise can help boost dopamine production and reduce cravings?""}","[""What healthy activity helps you feel naturally rewarded?""]",,,growth,
202,67,Reward System 🌟,Healthier Rewards Today,"**Create Healthier Rewards**: Today, let’s explore the brain's reward system and how to create new, healthier reward pathways. The brain's reward system is responsible for releasing dopamine when we engage in pleasurable activities, which reinforces those behaviors.

**Here’s how:**

1. **Understand the Reward System:** Recognize how your brain's reward system works.
   - 📈 Example: Activities that release dopamine, such as eating, social interactions, and exercise, reinforce those behaviors.

2. **Create Healthier Rewards:** Replace unhealthy rewards with healthier alternatives.
   - 🥗 Example: Instead of using cannabis, find immediate gratifications like enjoying a favorite healthy snack or engaging in a fun hobby.

3. **Incorporate New Rewards:** Implement these healthier rewards into your routine.
   - 🍕 Example: A study found that offering pizza as a reward was more effective in motivating employees than cash bonuses. This shows the power of immediate, tangible rewards.

By understanding and leveraging your brain's reward system, you can create new, healthier reward pathways that support your goals and overall well-being.",life,,,"{""🎁What reward systems do you use?"":""https://www.reddit.com/r/productivity/comments/6euyd0/what_reward_systems_do_you_use/"",""🎯 How To Reward Yourself For Meeting Goals"":""https://www.youtube.com/watch?v=47qnZunlt3s"",""🧠 Marijuana use dampens brain's response to reward"":""https://www.reddit.com/r/science/comments/4ro3t3/marijuana_use_dampens_brains_response_to_reward/"",""💪 The Power of Rewarding Yourself - Andrew Huberman"":""https://www.youtube.com/watch?v=IGjO20EbRKk"",""💸Treat yourself, but how? Low/no-cost treats for..."":""https://www.reddit.com/r/bujo/comments/my40zj/treat_yourself_but_how_lownocost_treats_for/"",""❓Why reward system doesn’t works for me? Need advice"":""https://www.reddit.com/r/getdisciplined/comments/zd28xt/why_reward_system_doesnt_works_for_meneedadvice/"",""🧠 Hacking Your Brain’s “Reward System” to Change Habits"":""https://www.youtube.com/watch?v=WQ40hNdZmfQ""}","{""🍕 New Reward Ideas"":""How can I incorporate new, effective rewards into my routine to motivate positive behavior changes?"",""🌟 Healthier Rewards Today"":""How can I replace unhealthy rewards with healthier alternatives in my daily routine?"",""📈 Understand Reward System"":""Can you explain how my brain's reward system works and how it can be leveraged for better habits?"",""🥗 Create Healthier Rewards"":""What are some immediate gratifications I can use to replace cannabis consumption?""}","[""What healthy rewards genuinely make you feel fulfilled?""]",,,growth,
203,68,Understanding Stress 🧠,Neuroscience and Coping,"**Manage Stress**: Today, let’s understand the neuroscience of stress and how it affects your cannabis use. Stress can significantly impact your behavior and choices, including the tendency to use cannabis as a coping mechanism.

**Here’s how:**

1. **🧠 Understand Stress and the Brain:** Learn how stress affects your brain and behavior.
   - Example: Stress triggers the release of cortisol, which can disrupt the balance of neurotransmitters like dopamine, making you seek out relief through cannabis.

2. **💪 Recognize Physical Symptoms:** Acknowledge how stress manifests in your body.
   - Example: A survey found that 77% of Americans experience physical symptoms caused by stress, such as headaches, fatigue, and muscle tension.

3. **🌿 Develop Healthy Coping Strategies:** Implement ways to manage stress without relying on cannabis.
   - Example: Practice relaxation techniques like deep breathing, meditation, or physical activities to reduce stress and improve your overall well-being.

By understanding the impact of stress on your brain and body, you can develop healthier coping strategies and reduce your reliance on cannabis for stress relief.",life,,,"{""😳 The neuroscience of stress"":""https://www.reddit.com/r/ptsd/comments/12uzrqk/the_neuroscience_of_stress"",""🧠 Does stress change the brain permanently?"":""https://www.reddit.com/r/neuro/comments/whtrac/does_stress_change_the_brain_permanently/"",""📈 ELI5: What impact does stress have on the growing brain?"":""https://www.reddit.com/r/explainlikeimfive/comments/lex6o1/eli5_what_impact_does_stress_have_on_the_growing/"",""🛠️ Are there any life hacks for when u r extremely lazy?"":""https://www.reddit.com/r/lifehacks/comments/13za4de/are_there_any_life_hacks_for_when_u_r_extremely/"",""👩‍🔬 The neuroscience behind anxiety, memory, and your brain"":""https://www.reddit.com/r/AskReddit/comments/6tmu7h/serious_redditors_what_healthy_ways_do_you_deal/""}","{""🚀 Impact on Behavior"":""How does stress influence my behavior and choices regarding cannabis use?"",""🌿 Healthy Coping Methods"":""Can you suggest some effective coping strategies to manage stress without using cannabis?"",""🧠 Neuroscience of Stress"":""How does understanding the neuroscience of stress help in managing cannabis use?"",""💪 Recognize Stress Symptoms"":""What physical symptoms should I be aware of that indicate high stress levels?""}","[""When stressed, how do you usually find relief?""]",,,growth,
204,69,Classical Conditioning 🌟,Make Tasks Enjoyable,"**Create Positive Associations**: Today, let’s use classical conditioning to pair goal-related activities with positive stimuli, creating positive associations. This technique can help make challenging tasks more enjoyable and increase your motivation.

**Here’s how:**

1. **Identify a Challenging Task:** Choose a goal-related activity that you find difficult.
   - 🏋️ Example: Working out regularly or studying for an exam.

2. **Select a Positive Stimulus:** Find something you enjoy that can be paired with the challenging task.
   - 🎶 Example: Listening to your favorite music, enjoying a healthy treat, or using a scented candle you love.

3. **Pair Them Together:** Combine the challenging task with the positive stimulus to create a positive association.
   - 🎧 Example: Listen to your favorite music while working out or studying, making the task more enjoyable and rewarding.

By consistently pairing goal-related activities with positive stimuli, you can create positive associations that make these tasks more enjoyable and easier to accomplish.",life,,,"{""🚀 Classical conditioning! It works"":""https://www.reddit.com/r/AskReddit/comments/g374d/classical_conditioning_it_works/"",""📚 [Method] Does classical conditioning work?"":""https://www.reddit.com/r/getdisciplined/comments/pw60wn/method_does_classical_conditioning_work/"",""🧠 What are ways that you have been classically conditioned?"":""https://www.reddit.com/r/AskReddit/comments/bh97gq/what_are_ways_that_you_have_been_classically/"",""🤔 Have you ever accidentally used Pavlov's theory of conditioning on yourself?"":""https://www.reddit.com/r/AskReddit/comments/467wqf/how_have_you_pavlovian_conditioned_yourself/""}","{""🎧 Enjoyable Study Sessions"":""How can I make studying for an exam more enjoyable using positive associations?"",""🎶 Positive Stimulus Pairing"":""What are some creative ways to pair challenging tasks with positive stimuli in my daily routine?"",""✨ Consistent Positive Associations"":""How do I ensure that the positive associations I create with goal-related activities stick over time?"",""🚀 Classical conditioning! It works"":""https://www.reddit.com/r/AskReddit/comments/467wqf/how_have_you_pavlovian_conditioned_yourself/""}","[""What positive stimulus can you pair with a challenging task?""]",,,growth,
205,70,Reframe Your Goals 🌟,Gain a New Perspective,"**Reframe Your Goals**: Today, let’s apply prospect theory to understand how you perceive gains and losses. This theory suggests that people are more sensitive to potential losses than equivalent gains, which can influence decision-making.

**Here’s how:**

1. 🎯 **Understand Prospect Theory:** Recognize that people tend to weigh losses more heavily than gains.
   - Example: Feeling the pain of losing $100 more intensely than the joy of gaining $100.

2. 🌱 **Reframe Your Goal:** Focus on what you gain rather than what you lose by achieving your goal.
   - Example: Instead of thinking, ""I’m giving up cannabis and losing my relaxation time,"" reframe it to ""I’m gaining better health, more energy, and clearer thinking.""

3. 🌟 **Highlight Positive Outcomes:** Emphasize the benefits and positive outcomes of your goal.
   - Example: List the positive changes you will experience, such as improved mood, increased productivity, and better relationships.

By reframing your goals in terms of gains rather than losses, you can enhance your motivation and make the pursuit of your goals more appealing and rewarding.",life,,,"{""🌟 LPT: Focus on the small successes in your everyday life"":""https://www.reddit.com/r/LifeProTips/comments/4uujw5/lpt_focus_on_the_small_successes_in_your_everyday/""}","{""🌱 New Perspectives"":""How can changing my perspective on goal-setting improve my commitment to moderation?"",""🔄 Reframe for Gains"":""How can I reframe my cannabis moderation goals to focus on the gains rather than the losses?"",""🎯 Understand Prospect Theory"":""Can you explain how prospect theory might influence my decision-making in achieving my goals?"",""🌟 Highlight Positive Outcomes"":""What are some positive outcomes I can focus on to stay motivated in my journey?""}","[""How can you reframe a current goal to highlight gains?""]",,,growth,
206,71,Existential Freedom 🌟,Embrace Your Autonomy,"**Embrace Your Autonomy**: Today, let’s embrace existential freedom by taking responsibility for your choices. Reflect on how your goals reflect your autonomy.

**Here’s how:**

1. **🗝️ Understand Freedom:** Recognize your freedom to make choices.
   - Example: Your decisions reflect your values and beliefs.

2. **🏁 Reflect on Goals:** Consider how your goals showcase your autonomy.
   - Example: Choosing to moderate or quit cannabis to value health and clarity.

3. **🎯 Take Responsibility:** Own your choices and their alignment with your true self.
   - Example: Your decisions are within your control and show your commitment to a better life.

By embracing existential freedom, you take ownership of your choices, ensuring your goals align with your values and leading to a more authentic life.",life,LO-Use-State,I want to stop entirely,"{""🧠 How do you embrace existentialism?"":""https://www.reddit.com/r/Existentialism/comments/5q2y2y/how_do_you_embrace_existentialism/""}","{""🌟 Embrace Autonomy"":""How can embracing your freedom lead to a more authentic and fulfilling life?"",""🏁 Reflect on Goals"":""How do your goals demonstrate your autonomy and commitment to health?"",""🎯 Take Responsibility"":""In what ways can you take more ownership of your choices to align with your true self?"",""🗝️ Understand Freedom"":""How do your decisions reflect your values and beliefs?""}","[""How do your current goals reflect your true autonomy?""]",,,growth,
207,71,Existential Freedom 🌟,Embrace Your Autonomy,"**Embrace Your Autonomy**: Today, let’s embrace existential freedom by taking responsibility for your choices. Reflect on how your goals reflect your autonomy.

**Here’s how:**

1. **🗝️ Understand Freedom:** Recognize your freedom to make choices.
   - Example: Your decisions reflect your values and beliefs.

2. **🏁 Reflect on Goals:** Consider how your goals showcase your autonomy.
   - Example: Choosing to moderate or quit cannabis to value health and clarity.

3. **🎯 Take Responsibility:** Own your choices and their alignment with your true self.
   - Example: Your decisions are within your control and show your commitment to a better life.

By embracing existential freedom, you take ownership of your choices, ensuring your goals align with your values and leading to a more authentic life.",life,LO-Use-State,I want to moderate my use,"{""🧠 How do you embrace existentialism?"":""https://www.reddit.com/r/Existentialism/comments/5q2y2y/how_do_you_embrace_existentialism/""}","{""🌟 Embrace Autonomy"":""How can embracing your freedom lead to a more authentic and fulfilling life?"",""🏁 Reflect on Goals"":""How do your goals demonstrate your autonomy and commitment to health?"",""🎯 Take Responsibility"":""In what ways can you take more ownership of your choices to align with your true self?"",""🗝️ Understand Freedom"":""How do your decisions reflect your values and beliefs?""}","[""How do your current goals reflect your true autonomy?""]",,,growth,
208,72,Optimistic Thinking 🌟,Foster a Positive Outlook,"Hi _CLIENTNAME_! 🌟

Today, let’s focus on fostering an optimistic outlook by challenging negative thoughts and replacing them with positive ones. This can boost your motivation and resilience on your weed-free journey. 🌱

**Here’s how:**

1. **Challenge Negative Thoughts**: When you catch yourself thinking negatively about your progress, pause and reframe the thought.
   - 🧠 **Example**: Change ""I'll never be able to do this"" to ""I am making progress every day.""

2. **Write and Review**: Write down these positive reframes and review them regularly to reinforce your optimistic mindset.",life,LO-Use-State,I want to moderate my use,"{""🤔 Do we have absolute freedom and therefore absolute responsibility?"":""https://www.reddit.com/r/Existentialism/comments/1au156e/do_we_have_absolute_freedom_and_therefore/""}","{""🌟 Foster Optimism"":""How can I challenge and reframe negative thoughts to support my cannabis moderation goals?"",""🌱 Boost Resilience"":""What are some effective strategies for maintaining an optimistic outlook on my moderation journey?"",""📓 Write and Review"":""How can journaling help reinforce a positive mindset during my journey?"",""🧠 Positive Reframing"":""Can you provide examples of how to turn negative thoughts about my progress into positive ones?""}","[""What negative thought can you reframe positively today?""]",,,growth,
209,72,Optimistic Thinking 🌟,Foster a Positive Outlook,"Hi _CLIENTNAME_! 🌟

Today, let’s focus on fostering an optimistic outlook by challenging negative thoughts and replacing them with positive ones. This can boost your motivation and resilience on your weed-free journey. 🌱

**Here’s how:**

1. **Challenge Negative Thoughts**: When you catch yourself thinking negatively about your progress, pause and reframe the thought.
   - 🧠 **Example**: Change ""I'll never be able to do this"" to ""I am making progress every day.""

2. **Write and Review**: Write down these positive reframes and review them regularly to reinforce your optimistic mindset.",life,LO-Use-State,I want to stop entirely,"{""🤔 Do we have absolute freedom and therefore absolute responsibility?"":""https://www.reddit.com/r/Existentialism/comments/1au156e/do_we_have_absolute_freedom_and_therefore/""}","{""🌟 Foster Optimism"":""How can I challenge and reframe negative thoughts to support my weed-free goals?"",""🌱 Boost Resilience"":""What are some effective strategies for maintaining an optimistic outlook on my weed-free journey?"",""📓 Write and Review"":""How can journaling help reinforce a positive mindset during my journey?"",""🧠 Positive Reframing"":""Can you provide examples of how to turn negative thoughts about my progress into positive ones?""}","[""What negative thought can you reframe positively today?""]",,,growth,
210,73,Boost Neurogenesis 🌟,Grow Your Brain,"Hi _CLIENTNAME_! 🌟

Today, let’s focus on neurogenesis, the growth of new neurons, which can be stimulated by lifestyle choices. Promoting neurogenesis can enhance your mood and cognitive function. 🧠

**Here’s how:**

1. **Aerobic Exercise**: Engage in regular aerobic activities like running, swimming, or cycling.
   - 🏃 **Example**: Aim for at least 30 minutes of aerobic exercise most days of the week.

2. **Mental Challenges**: Stimulate your brain with puzzles, learning new skills, or reading.
   - 📚 **Example**: Spend time daily on activities that challenge your brain.

3. **Adequate Sleep**: Ensure you’re getting enough quality sleep each night.
   - 🛌 **Example**: Aim for 7-9 hours of sleep to support brain health.

Track your mood and cognitive function over time to observe improvements.

**Quote**: ""The brain is a muscle that can move the world."" – Stephen King",life,,,"{""🧠 Neurogenesis: How to Grow New Brain Cells as Adults"":""https://www.reddit.com/r/Biohackers/comments/ekiewz/neurogenesis_how_to_grow_new_brain_cells_as_adults/""}","{""🛌 Quality Sleep"":""How does getting adequate sleep support neurogenesis and overall brain health?"",""📚 Mental Challenges"":""What are some brain-stimulating activities I can incorporate into my daily routine to promote neurogenesis?"",""🧠 Track Improvements"":""What methods can I use to track improvements in my mood and cognitive function over time?"",""🏃 Aerobic Exercise Benefits"":""How can regular aerobic exercise contribute to neurogenesis and improve cognitive function?""}","[""How can you incorporate neurogenesis boosters into your daily routine?""]",,,growth,
211,74,Addressing Sustain Talk 🌟,Move Beyond the Status Quo,"Hi _CLIENTNAME_! 🌟

Today, let’s acknowledge and address sustain talk—statements that favor the status quo. Recognizing and challenging these thoughts can support your goal of moderation. 🌱

**Here’s how:**

1. **Identify Sustain Talk**: Write down any thoughts or statements that support continuing your current cannabis use.
   - 📝 **Example**: ""I need cannabis to relax.""

2. **Reflect on Reasons**: Reflect on the underlying reasons for these thoughts.
   - 🔍 **Example**: Why do you believe you need cannabis to relax?

3. **Develop Counterarguments**: Create counterarguments that support your goal of moderation.
   - 💪 **Example**: ""I can find other ways to relax, like meditation or exercise.""

By addressing sustain talk, you can reinforce your commitment to change and achieve your moderation goals.",life,LO-Use-State,I want to moderate my use,"{""🔥 Why don't people have a burning desire for self-improvement?"":""https://www.reddit.com/r/selfimprovement/comments/3sebwk/why_dont_people_have_a_burning_desire_for/""}","{""🔍 Reflect on Reasons"":""Why do you think you hold these beliefs about needing cannabis?"",""🖋 Identify Sustain Talk"":""What are some common thoughts you have that support your current cannabis use?"",""💡 Develop Counterarguments"":""How can you create counterarguments to support your goal of moderation?"",""🌱 Challenging the Status Quo"":""What steps can you take to challenge and move beyond sustain talk?""}","[""What sustain talk is keeping you from changing?""]",,,growth,
212,74,Addressing Sustain Talk 🌟,Move Beyond the Status Quo,"Hi _CLIENTNAME_! 🌟

Today, let’s acknowledge and address sustain talk—statements that favor the status quo. Recognizing and challenging these thoughts can support your goal of moderation. 🌱

**Here’s how:**

1. **Identify Sustain Talk**: Write down any thoughts or statements that support continuing your current cannabis use.
   - 📝 **Example**: ""I need cannabis to relax.""

2. **Reflect on Reasons**: Reflect on the underlying reasons for these thoughts.
   - 🔍 **Example**: Why do you believe you need cannabis to relax?

3. **Develop Counterarguments**: Create counterarguments that support your goal of moderation.
   - 💪 **Example**: ""I can find other ways to relax, like meditation or exercise.""

By addressing sustain talk, you can reinforce your commitment to change and achieve your moderation goals.",life,LO-Use-State,I want to stop entirely,"{""🔥 Why don't people have a burning desire for self-improvement?"":""https://www.reddit.com/r/selfimprovement/comments/3sebwk/why_dont_people_have_a_burning_desire_for/""}","{""🔍 Reflect on Reasons"":""Why do you think you hold these beliefs about needing cannabis?"",""🖋 Identify Sustain Talk"":""What are some common thoughts you have that support your current cannabis use?"",""💡 Develop Counterarguments"":""How can you create counterarguments to support my goals of being weed-free?"",""🌱 Challenging the Status Quo"":""What steps can you take to challenge and move beyond sustain talk?""}","[""What sustain talk is keeping you from changing?""]",,,growth,
213,75,Goal-Setting Dialogues 🌟,Clarify and Reinforce Your Goals,"Hi _CLIENTNAME_! 🌟

Today, let’s engage in goal-setting dialogues to clarify and reinforce your goals. This exercise can help you gain clarity and strengthen your resolve. 🌱

**Here’s how:**

1. **Create a Dialogue**: Write a conversation between your current self and an ideal supportive coach.
   - 🗣️ **Example**: Start with open questions like, ""What are your main goals?"" and ""Why are these goals important to you?""

2. **Use Affirmations**: Include positive affirmations from your ideal coach.
   - 💪 **Example**: ""You have the strength and determination to achieve your goals.""

3. **Reflective Listening**: Reflect on your answers to understand your motivations better.
   - 🔍 **Example**: ""I hear that you're motivated by a desire for better health and well-being.""

4. **Summarize Goals**: Summarize the key points of your dialogue to reinforce your goals.
   - 📋 **Example**: ""To summarize, your main goals are to reduce stress and improve your health through weed-free practices.""

By engaging in goal-setting dialogues, you can explore your goals and motivations more deeply, gaining clarity and commitment.",life,LO-Use-State,I want to moderate my use,"{""🎯 People always say to set goals for yourself. What are some realistic and achievable goals that people have set for themselves?"":""https://www.reddit.com/r/DecidingToBeBetter/comments/2kfmy7/people_always_say_to_set_goals_for_yourself_what/""}","{""💪 Use Affirmations"":""Can you help me craft positive affirmations to reinforce my motivation?"",""🌟 Clarify Your Goals"":""How can I create a dialogue with my ideal supportive coach to clarify my cannabis moderation goals?"",""📋 Summarize Your Goals"":""How can I effectively summarize my dialogue to reinforce my key goals?"",""🔍 Reflective Listening"":""What are some reflective listening techniques I can use to better understand my motivations?""}","[""What motivates you to pursue your current goals?""]",,,growth,
214,75,Goal-Setting Dialogues 🌟,Clarify and Reinforce Your Goals,"Hi _CLIENTNAME_! 🌟

Today, let’s engage in goal-setting dialogues to clarify and reinforce your goals. This exercise can help you gain clarity and strengthen your resolve. 🌱

**Here’s how:**

1. **Create a Dialogue**: Write a conversation between your current self and an ideal supportive coach.
   - 🗣️ **Example**: Start with open questions like, ""What are your main goals?"" and ""Why are these goals important to you?""

2. **Use Affirmations**: Include positive affirmations from your ideal coach.
   - 💪 **Example**: ""You have the strength and determination to achieve your goals.""

3. **Reflective Listening**: Reflect on your answers to understand your motivations better.
   - 🔍 **Example**: ""I hear that you're motivated by a desire for better health and well-being.""

4. **Summarize Goals**: Summarize the key points of your dialogue to reinforce your goals.
   - 📋 **Example**: ""To summarize, your main goals are to reduce stress and improve your health through weed-free practices.""

By engaging in goal-setting dialogues, you can explore your goals and motivations more deeply, gaining clarity and commitment.",life,LO-Use-State,I want to stop entirely,"{""🎯 People always say to set goals for yourself. What are some realistic and achievable goals that people have set for themselves?"":""https://www.reddit.com/r/DecidingToBeBetter/comments/2kfmy7/people_always_say_to_set_goals_for_yourself_what/""}","{""💪 Use Affirmations"":""Can you help me craft positive affirmations to reinforce my motivation?"",""🌟 Clarify Your Goals"":""How can I create a dialogue with my ideal supportive coach to clarify my weed-free goals?"",""📋 Summarize Your Goals"":""How can I effectively summarize my dialogue to reinforce my key goals?"",""🔍 Reflective Listening"":""What are some reflective listening techniques I can use to better understand my motivations?""}","[""What motivates you to pursue your current goals?""]",,,growth,
215,76,Balanced Nutrition 🌟,Benefits for Your Health,"**Hi _CLIENTNAME_! 🌟**

Let’s focus on the benefits of balanced nutrition for your overall health and moderation goals.

**Here’s how:**

1. **🍎 Think About Nutritious Meals:** Consider how eating well supports your overall well-being.
   - **💪 Example:** Nutritious meals can boost your energy levels, improve your mood, and enhance your overall health.

2. **🌟 Reflect on Benefits:** A balanced diet helps you feel better and stay on track with your moderation goals.
   - **🌞 Example:** Healthy eating supports sustained energy throughout the day, which can reduce cravings and enhance your ability to focus.

By prioritizing balanced nutrition, you can support your energy levels, mood, and overall well-being, making it easier to maintain your health and moderation goals.",life,LO-Use-State,I want to moderate my use,"{""🥗 What guidelines do you use to keep a balanced diet?"":""https://www.reddit.com/r/nutrition/comments/106rwkk/what_guidelines_do_you_use_to_keep_a_balanced_diet/""}","{""🌞 Healthy Eating Focus"":""How can eating well reduce cravings and enhance your ability to focus on your goals?"",""🍎 Nutritious Meal Impact"":""How can incorporating more nutritious meals benefit my energy levels and overall health?"",""💪 Boost Energy with Food"":""What types of healthy foods can help improve your mood and sustain your energy throughout the day?"",""🌟 Reflect on Nutrition Benefits"":""In what ways do you think a balanced diet can help you stay on track with your moderation goals?""}","[""How does balanced nutrition impact your daily energy and focus?""]",,,health,
216,76,Balanced Nutrition 🌟,Benefits for Your Health,"**Hi _CLIENTNAME_! 🌟**

Let’s focus on the benefits of balanced nutrition for your overall health and moderation goals.

**Here’s how:**

1. **🍎 Think About Nutritious Meals:** Consider how eating well supports your overall well-being.
   - **💪 Example:** Nutritious meals can boost your energy levels, improve your mood, and enhance your overall health.

2. **🌟 Reflect on Benefits:** A balanced diet helps you feel better and stay on track with your moderation goals.
   - **🌞 Example:** Healthy eating supports sustained energy throughout the day, which can reduce cravings and enhance your ability to focus.

By prioritizing balanced nutrition, you can support your energy levels, mood, and overall well-being, making it easier to maintain your health and moderation goals.",life,LO-Use-State,I want to stop entirely,"{""🥗 What guidelines do you use to keep a balanced diet?"":""https://www.reddit.com/r/nutrition/comments/106rwkk/what_guidelines_do_you_use_to_keep_a_balanced_diet/""}","{""🌞 Healthy Eating Focus"":""How can eating well reduce cravings and enhance your ability to focus on your goals?"",""🍎 Nutritious Meal Impact"":""How can incorporating more nutritious meals benefit my energy levels and overall health?"",""💪 Boost Energy with Food"":""What types of healthy foods can help improve your mood and sustain your energy throughout the day?"",""🌟 Reflect on Nutrition Benefits"":""In what ways do you think a balanced diet can help you stay weed-free?""}","[""How does balanced nutrition impact your daily energy and focus?""]",,,health,
217,77,Meal Prep for Healthy Eating 😋,Your 30-Day Challenge,"**Hi _CLIENTNAME_! 🌟**

Preparing your meals in advance can save you time and ensure you have healthy options available.

**Here’s how:**

1. **⏰ Set Aside Time for Meal Prep:** Dedicate a specific time each week to prepare your meals.
   - **🗓️ Example:** Choose a day, like Sunday, to cook and portion out your meals for the week.

2. **🚫 Avoid Temptations:** Having prepared meals helps you avoid the temptation of fast food.
   - **🥗 Example:** Make healthier choices easier by having nutritious meals ready to go.

By planning and preparing your meals in advance, you can support your energy levels, mood, and overall well-being, making it easier to stick to your health and weed-free goals.",life,LO-Use-State,I want to stop entirely,"{""🥗 Meal Prep: A Guide"":""https://www.reddit.com/r/EatCheapAndHealthy/comments/xmhl30/meal_prep_a_guide/""}","{""⏰ Meal Prep Time"":""How can I effectively set aside time for meal prep each week?"",""🚫 Avoid Fast Food"":""What strategies can help me avoid fast food temptations by having prepared meals?"",""🔄 Weekly Meal Planning"":""Can you help me create a meal plan that supports my health and weed-free goals?"",""🥗 Healthy Choices Ready"":""How can I make healthier meal options more accessible throughout the week?""}","[""What tempts you most when you haven't meal prepped?""]",,,health,
218,77,Meal Prep for Healthy Eating 😋,Your 30-Day Challenge,"**Hi _CLIENTNAME_! 🌟**

Preparing your meals in advance can save you time and ensure you have healthy options available.

**Here’s how:**

1. **⏰ Set Aside Time for Meal Prep:** Dedicate a specific time each week to prepare your meals.
   - **🗓️ Example:** Choose a day, like Sunday, to cook and portion out your meals for the week.

2. **🚫 Avoid Temptations:** Having prepared meals helps you avoid the temptation of fast food.
   - **🥗 Example:** Make healthier choices easier by having nutritious meals ready to go.

By planning and preparing your meals in advance, you can support your energy levels, mood, and overall well-being, making it easier to stick to your health and weed-free goals.",life,LO-Use-State,I want to moderate my use,"{""🥗 Meal Prep: A Guide"":""https://www.reddit.com/r/EatCheapAndHealthy/comments/xmhl30/meal_prep_a_guide/""}","{""⏰ Meal Prep Time"":""How can I effectively set aside time for meal prep each week?"",""🚫 Avoid Fast Food"":""What strategies can help me avoid fast food temptations by having prepared meals?"",""🔄 Weekly Meal Planning"":""Can you help me create a meal plan that supports my health and moderation goals?"",""🥗 Healthy Choices Ready"":""How can I make healthier meal options more accessible throughout the week?""}","[""What tempts you most when you haven't meal prepped?""]",,,health,
219,78,Incorporating Regular Exercise 🏃‍♀️,Boost Your Mood and Health,"**Hi _CLIENTNAME_! 🌟**

Welcome to the second week of Month Five! 🎉 This week, we’ll focus on incorporating regular exercise into your routine. Physical activity can boost your mood, reduce cravings, and improve overall health. 🏋️

**Here’s how:**

1. **Set a Goal:** Aim to include 30 minutes of exercise in your daily routine.
   - **Example Goal:** ""Incorporate 30 minutes of exercise into my daily routine to improve energy levels and overall well-being.""

By making exercise a regular part of your day, you can enhance your mood, boost your energy levels, and support your overall health and moderation goals.",life,LO-Use-State,I want to moderate my use,"{""💪 How to develop a good workout/exercise routine"":""https://www.reddit.com/r/GetMotivated/comments/17qvibi/how_to_develop_a_good_workoutexercise_routine/""}","{""🌟 Exercise Goals"":""What are some effective strategies to set and achieve daily exercise goals?"",""💪 Exercise Benefits"":""How has regular exercise impacted your mood and overall health? Share your experiences."",""📅 Daily Exercise Routine"":""Can you suggest a simple daily exercise routine for a beginner to improve overall well-being?"",""🏃‍♀️ Exercise Boost"":""How can I incorporate 30 minutes of exercise into my daily routine to enhance my mood and energy levels?""}","[""What small change to your routine could fit 30 minutes of exercise?""]",,,health,
220,78,Incorporating Regular Exercise 🏃‍♀️,Boost Your Mood and Health,"**Hi _CLIENTNAME_! 🌟**

Welcome to the second week of Month Five! 🎉 This week, we’ll focus on incorporating regular exercise into your routine. Physical activity can boost your mood, reduce cravings, and improve overall health. 🏋️

**Here’s how:**

1. **Set a Goal:** Aim to include 30 minutes of exercise in your daily routine.
   - **Example Goal:** ""Incorporate 30 minutes of exercise into my daily routine to improve energy levels and overall well-being.""

By making exercise a regular part of your day, you can enhance your mood, boost your energy levels, and support your overall health and moderation goals.",life,LO-Use-State,I want to stop entirely,"{""💪 How to develop a good workout/exercise routine"":""https://www.reddit.com/r/GetMotivated/comments/17qvibi/how_to_develop_a_good_workoutexercise_routine/""}","{""🌟 Exercise Goals"":""What are some effective strategies to set and achieve daily exercise goals?"",""💪 Exercise Benefits"":""How has regular exercise impacted your mood and overall health? Share your experiences."",""📅 Daily Exercise Routine"":""Can you suggest a simple daily exercise routine for a beginner to improve overall well-being?"",""🏃‍♀️ Exercise Boost"":""How can I incorporate 30 minutes of exercise into my daily routine to enhance my mood and energy levels?""}","[""What small change to your routine could fit 30 minutes of exercise?""]",,,health,
221,79,Enjoyable Physical Activities 🌟,Find Fun Ways to Stay Active,"**Hi _CLIENTNAME_! 🌟**

Today, choose physical activities that you enjoy and can realistically fit into your schedule, such as jogging, yoga, or cycling.

**Here’s how:**

1. **Identify Enjoyable Activities:** Think about physical activities you enjoy and can consistently do.
   - 🏃 **Examples:** Jogging, yoga, cycling, dancing, or swimming.

2. **Fit Them into Your Schedule:** Ensure these activities are realistic for your daily routine.
   - ⏰ **Example:** If you have a busy morning, try an evening jog or a quick yoga session during lunch.

By selecting activities you enjoy and can fit into your schedule, you’ll be more likely to stick with them, improving your overall well-being and supporting your moderation goals.",life,LO-Use-State,I want to moderate my use,"{""💪 Any recommendations for fun exercise for someone just getting started?"":""https://www.reddit.com/r/loseit/comments/12c8utx/any_recommendations_for_fun_exercise_for_someone/""}","{""⏰ Schedule Fit"":""How can you realistically incorporate enjoyable physical activities into your daily routine?"",""🗓️ Consistency Plan"":""How can you create a consistent plan for physical activities that fits your schedule and keeps you motivated?"",""🏃 Enjoyable Activities"":""What types of physical activities do you genuinely enjoy and can commit to regularly?"",""🤸‍♀️ Activity Examples"":""Can you list some fun physical activities that you might want to try, and explain why?""}","[""What physical activity do you truly enjoy and why?""]",,,health,
222,79,Enjoyable Physical Activities 🌟,Find Fun Ways to Stay Active,"**Hi _CLIENTNAME_! 🌟**

Today, choose physical activities that you enjoy and can realistically fit into your schedule, such as jogging, yoga, or cycling.

**Here’s how:**

1. **Identify Enjoyable Activities:** Think about physical activities you enjoy and can consistently do.
   - 🏃 **Examples:** Jogging, yoga, cycling, dancing, or swimming.

2. **Fit Them into Your Schedule:** Ensure these activities are realistic for your daily routine.
   - ⏰ **Example:** If you have a busy morning, try an evening jog or a quick yoga session during lunch.

By selecting activities you enjoy and can fit into your schedule, you’ll be more likely to stick with them, improving your overall well-being and supporting your moderation goals.",life,LO-Use-State,I want to stop entirely,"{""💪 Any recommendations for fun exercise for someone just getting started?"":""https://www.reddit.com/r/loseit/comments/12c8utx/any_recommendations_for_fun_exercise_for_someone/""}","{""⏰ Schedule Fit"":""How can you realistically incorporate enjoyable physical activities into your daily routine?"",""🗓️ Consistency Plan"":""How can you create a consistent plan for physical activities that fits your schedule and keeps you motivated?"",""🏃 Enjoyable Activities"":""What types of physical activities do you genuinely enjoy and can commit to regularly?"",""🤸‍♀️ Activity Examples"":""Can you list some fun physical activities that you might want to try, and explain why?""}","[""What physical activity do you truly enjoy and why?""]",,,health,
223,80,Get Fit 🏋️‍♂️,"Start Small, Stay Committed","Hi _CLIENTNAME_! 🌟

Today, let’s focus on setting small, manageable exercise goals. Gradually increasing intensity and duration makes it easier to stay committed and see progress over time. 💪

**Here’s how:**

1. **Set Achievable Goals**: Start with realistic exercise targets.
   - 🚶 **Example**: ""I will walk for 30 minutes every evening.""
   - 🧘‍♂️ **Example**: ""I will do a 15-minute yoga session every morning.""

2. **Gradually Increase**: Slowly build up the intensity and duration of your workouts as you become more comfortable.

By starting small and staying committed, you can build a sustainable fitness routine that supports your health and well-being.",life,,,"{""🏋️‍♂️ Start Small in the Gym: Advice for Beginners"":""https://www.reddit.com/r/LifeProTips/comments/18910kn/lpt_if_you_want_to_start_working_out_start/""}","{""🚶 Achievable Exercise Goals"":""Can you suggest achievable exercise targets to help me start a consistent fitness routine?"",""💪 Sustainable Fitness Routine"":""What steps can I take to build a sustainable fitness routine that supports my health and well-being?"",""📈 Gradually Increase Intensity"":""How can I gradually increase the intensity and duration of my workouts without feeling overwhelmed?"",""🏃‍♂️ Start Small, Stay Committed"":""What are some small, manageable exercise goals I can set to begin my fitness journey?""}","[""What small fitness goal can you commit to today?""]",,,health,
224,81,Consistent Sleep Schedule 💤,Sleep Your Way to Health,"**Hi _CLIENTNAME_! 🌟**

Did you know that Bryan Johnson, who spent $2 million optimizing his health with the help of 30 doctors, says his number one tip is better sleep? Setting a consistent sleep schedule helps regulate your body's internal clock and is crucial for overall well-being.

**Here’s how:**

1. 🕰️ **Choose Consistent Times:** Select a regular bedtime and wake-up time.
   - **Example:** Aim to go to bed and wake up at the same time each day.

2. 🛌 **Aim for 7-9 Hours of Sleep:** Ensure you get enough rest each night.
   - **Example:** Plan your schedule to get between 7-9 hours of sleep.

By maintaining a consistent sleep schedule, you can improve your sleep quality, boost your mood, and enhance your overall health—just like Bryan Johnson!",life,,,"{""🛌 Blueprint routine for perfect sleep"":""https://www.reddit.com/r/productivity/comments/180bn57/how_do_you_get_your_sleep_routine_fixed/""}","{""💤 Sleep for Well-Being"":""Why is it important to aim for 7-9 hours of sleep each night, and how can I achieve it?"",""🌙 Boost Mood with Sleep"":""How does maintaining a consistent sleep schedule enhance overall well-being and mood?"",""⏰ Regulate Your Internal Clock"":""What are some strategies to help me stick to a consistent sleep schedule?"",""🕰️ Consistent Sleep Routine"":""How can I establish a regular bedtime and wake-up schedule to improve my health?""}","[""How does your sleep schedule impact your daily life?""]",,,health,
225,82,Pre-Sleep Routine 🌙,Get your head right,"**Hi _CLIENTNAME_! 🌟**

Creating a relaxing pre-sleep routine can signal to your body that it's time to wind down.

**Here’s how:**

1. 📚 **Read a Book:** Spend a few minutes reading a calming book or article.
   - **Example:** Choose light, enjoyable reading material to help your mind relax.

2. 🛀 **Take a Warm Bath:** Enjoy a warm bath to relax your muscles and prepare for sleep.
   - **Example:** Add soothing bath salts or essential oils to enhance the relaxation experience.

3. 🧘 **Practice Mindfulness Meditation:** Engage in mindfulness meditation to clear your mind and reduce stress.
   - **Example:** Focus on your breath and let go of any distractions or worries.

4. 🎶 **Listen to Relaxing Music:** Play soft, calming music to create a peaceful environment.
   - **Example:** Choose instrumental or nature sounds to help you relax.

5. 💡 **Dim the Lights:** Lower the lighting in your bedroom to signal to your body that it’s time to sleep.
   - **Example:** Use soft, warm lights or a bedside lamp with a dimmer switch.

By establishing a soothing pre-sleep routine, you can signal to your body that it's time to wind down, improving your sleep quality and overall well-being.",life,,,"{""🌙 What's your night routine like?"":""https://www.reddit.com/r/productivity/comments/175ldm3/whats_your_night_routine_like/""}","{""📚 Read a Book"":""What type of books or articles should I read before bed to help me relax effectively?"",""💡 Dim the Lights"":""How can adjusting the lighting in my bedroom improve my pre-sleep routine and overall sleep quality?"",""🌙 Pre-Sleep Routine"":""How can I create a relaxing pre-sleep routine that signals to my body it's time to wind down?"",""🧘 Mindfulness Meditation"":""Can you guide me through a mindfulness meditation practice to help clear my mind before sleep?""}","[""What's your ideal pre-sleep routine for true relaxation?""]",,,health,
226,83,Optimize Your Sleep Environment 💤,"Sleep Better, Feel Better","**Hi _CLIENTNAME_! 🌟**

Optimizing your sleep environment can significantly improve your sleep quality.

**Here’s how:**

1. **🌑 Keep It Dark:** Ensure your bedroom is dark to promote better sleep.
   - **🛋️ Example:** Use blackout curtains to block out external light.

2. **🔇 Keep It Quiet:** Minimize noise to create a peaceful sleeping environment.
   - **🔊 Example:** Consider using a white noise machine or earplugs if needed.

3. **❄️ Keep It Cool:** Maintain a cool temperature in your bedroom.
   - **🌡️ Example:** Aim for a temperature between 60-67°F (15-19°C) for optimal sleep.

By making your bedroom conducive to sleep, you can improve your sleep quality and overall well-being.",life,,,"{""🛌 What's the best sleep advice you've ever received?"":""https://www.reddit.com/r/sleep/comments/prsr9x/whats_the_best_sleep_advice_youve_ever_received/""}","{""🔇 Quiet Sleep Sanctuary"":""What are some effective ways to minimize noise in my sleeping environment?"",""❄️ Cool for Better Sleep"":""Can you suggest methods to keep my bedroom at the ideal temperature for sleep?"",""🌑 Dark Room, Better Sleep"":""How can I ensure my bedroom stays dark enough for optimal sleep?"",""🛋️ Optimize Your Bedroom"":""How can I modify my bedroom to improve sleep quality and overall well-being?""}","[""How does your current sleep environment affect your daily mood?""]",,,health,
227,84,Sleep Better 💤,Tips to Limit Screen Time,"**Hi _CLIENTNAME_! 🌟**

Limiting screen time before bed can improve your sleep quality by reducing blue light exposure.

**Here’s how:**

1. 📵 **Avoid Screens:** Avoid screens at least an hour before bedtime.
   - **Example:** Put away your phone, tablet, and computer to reduce blue light exposure.

2. 📚 **Try Alternative Activities:** Engage in calming activities instead.
   - **Example:** Read a book, listen to calming music, or practice mindfulness meditation.

By reducing screen time before bed, you can improve your sleep quality and wake up feeling more refreshed.",life,,,"{""🌙 What can I do an hour before bed that doesn't involve looking at a screen?"":""https://www.reddit.com/r/NoStupidQuestions/comments/11vt4or/what_can_i_do_an_hour_before_bed_that_doesnt/""}","{""📵 Screen-Free Hour"":""How can I avoid screens at least an hour before bedtime to improve my sleep quality?"",""📚 Calming Activities"":""What are some alternative activities I can do instead of using screens before bed?"",""💤 Better Sleep Routine"":""How can limiting screen time before bed enhance my overall sleep quality?"",""🌙 Mindfulness Practices"":""Can you suggest some mindfulness practices to help me wind down without screens?""}","[""How does screen time before bed impact your sleep?""]",,,health,
228,85,Mental Health Reflection 🧠,Vital Steps for Well-Being,"**Hi _CLIENTNAME_! 🌟**

Mental health is a vital part of holistic well-being.

**Here’s how:**

1. **Reflect on Your Practices:** Take a moment to think about how you manage your mental health.
   - 🧘 **Example:** Are you effectively managing stress through activities like mindfulness, exercise, or talking to a friend?

2. **Identify Areas for Improvement:** Consider if there are areas where you can improve your mental health practices.
   - 🌿 **Example:** Could you benefit from incorporating more relaxation techniques or seeking professional support?

By reflecting on your mental health practices, you can ensure you are taking steps to manage stress effectively and support your overall well-being.",life,,,"{""🧠 Serious: What techniques have you tried to improve your mental health?"":""https://www.reddit.com/r/AskReddit/comments/8f1aei/serious_what_techniques_have_you_tried_to_improve/""}","{""💡 Professional Support"":""Have you considered seeking professional support to enhance your mental health? What benefits could this bring to your overall well-being?"",""🧘 Reflect on Practices"":""How do you currently manage stress, and are there activities that help you maintain mental well-being?"",""🌿 Areas for Improvement"":""Can you identify any areas in your mental health practices that might need improvement or additional support?"",""🔍 Mental Health Check-In"":""What are some new techniques or activities you could incorporate into your routine to better manage stress?""}","[""How do you currently manage your mental health daily?""]",,,health,
229,86,Sleep and Brain Health 🌙,Understand the Impact of Cannabis,"Hi _CLIENTNAME_! 🌟

Today, let’s explore how cannabis affects your sleep, particularly the REM (Rapid Eye Movement) stage, and why REM is crucial for brain health. 🛌🧠

**Here’s how:**

1. **Understand REM Sleep**: REM sleep is vital for cognitive functions like memory consolidation, learning, and emotional regulation.
   - 🧠 **Benefit**: During this stage, the brain processes and stores information from the day.

2. **Cannabis and REM**: Studies show that cannabis can reduce the amount of REM sleep you get.
   - 🌿 **Impact**: Spending less time in REM sleep can affect memory and emotional processing.

3. **Health Consequences**: Reduced REM sleep can lead to memory issues, increased stress, and difficulty learning new information.
   - 📚 **Effect**: Impacts your mood and overall mental health.",life,,,"{""🧠 LPT: Each person’s brain has a set number of hours it can focus each day, on average about 4 hours"":""https://www.reddit.com/r/LifeProTips/comments/q4qdqn/lpt_each_persons_brain_has_a_set_number_of_hours/""}","{""🌿 Cannabis & REM"":""What are the effects of cannabis on REM sleep, and why does it matter?"",""🧠 Memory & Emotion"":""Can you help me understand the link between REM sleep and emotional regulation?"",""📚 Health Consequences"":""How might reduced REM sleep impact my memory and emotional processing?"",""🛌 REM Sleep Importance"":""How does REM sleep contribute to brain health and cognitive functions?""}","[""How does cannabis use affect your sleep and mental clarity?""]",,,health,
230,87,Self-Reflection After Use,Mindful Consumption Tips,"**Hi _CLIENTNAME_! 🌟**

Reflecting after use is important for mindful consumption. Take a moment to think about your experience and its impact on your day.

**Here’s how:**

1. **🪞 Reflect on the Experience:** After using cannabis, think about the experience.
   - Did it meet your expectations?
   - How did it make you feel?

By reflecting on your use, you can better understand its effects and make more informed choices in the future.",life,LO-Use-State,I want to moderate my use,"{""🧠 What are some good self-reflective questions to ask yourself?"":""https://www.reddit.com/r/productivity/comments/repygu/what_are_some_good_selfreflective_questions_to/""}","{""📈 Informed Choices"":""How does reflecting on your cannabis use help you make better choices in the future?"",""🤔 Understand Effects"":""What insights can you gain by thinking about how cannabis influenced your day?"",""🧠 Mindful Consumption"":""How can you use self-reflection to improve your future cannabis experiences?"",""🪞 Reflect on the Experience"":""How did your recent cannabis use make you feel, and did it meet your expectations?""}","[""How did your last experience shape your day?""]",,,mindfulness,
231,87,Self-Reflection Without Cannabis,Mindful Living Insights,"**Hi _CLIENTNAME_! 🌟**

Reflecting on your day without cannabis is crucial for mindful living. Take a moment to deeply consider how your experience without any substances impacts your life and emotions.

**Here’s how:**

1. **🪞 Reflect on the Experience:** Think about your day without cannabis.
   - How do you feel mentally, emotionally, and physically?
   - Are there specific moments where you felt drawn to use cannabis? Why?

2. **🔍 Compare and Contrast:** Reflect on your life now versus when you were using cannabis.
   - How has your mental clarity, mood stability, and physical well-being changed?
   - What benefits or challenges have you noticed since stopping cannabis use?

3. **💭 Understand Your Draw:** Consider why you may have been drawn to cannabis in the past.
   - Was it for stress relief, social reasons, or something else?
   - How can you address these needs in a healthier, substance-free way?

By mindfully reflecting on your cannabis-free days and understanding your motivations, you can gain valuable insights into your life and make more intentional choices for your well-being. 🚀",life,LO-Use-State,I want to stop entirely,"{""🌱 Reflections on 2 weeks without weed"":""https://www.reddit.com/r/leaves/comments/wbmart/reflections_on_2_weeks_without_weed/""}","{""🔍 Compare Life States"":""How has your mental clarity, mood stability, and overall well-being changed since stopping cannabis use?"",""💭 Understand Your Draw"":""What were the main reasons you felt drawn to cannabis in the past, and how can you address these needs healthily?"",""🌟 Mindful Living Insights"":""What benefits or challenges have you noticed in your cannabis-free life, and how can this awareness guide your future choices?"",""🪞 Reflect Without Cannabis"":""How do you feel mentally, emotionally, and physically after a day without cannabis?""}","[""How has stopping cannabis changed your daily emotional landscape?""]",,,mindfulness,
232,88,Understanding Context,Your Environment's Impact on Your Mood and Life,"**Hi _CLIENTNAME_! 🌟**

Let’s explore how different environments impact your mood and overall life. By paying attention to your surroundings, you can gain valuable insights into how they influence your well-being.

**Here’s how:**

1. **Observe Your Surroundings:** Notice how different environments make you feel.
   - 🌆 Are there specific places where you feel more relaxed or stressed?
   - 🏡 How does your home environment impact your mood compared to other places?

2. **Reflect on Social Settings:** Consider how different social settings affect you.
   - 👫 Do you feel more energized or drained around certain people?
   - 🎉 How do social gatherings impact your emotions and energy levels?

3. **Identify Patterns:** Look for patterns in how your environment influences your mood.
   - 📈 Are there consistent triggers that affect your emotions positively or negatively?
   - 🌟 What changes can you make to create a more supportive environment?

By understanding how your environment affects your mood and life, you can make more intentional choices to enhance your well-being and create a positive, supportive atmosphere. 🚀",life,LO-Use-State,I want to stop entirely,"{""🌍 YSK: Your environment shapes you, and you can shape it too"":""https://www.reddit.com/r/YouShouldKnow/comments/10hjuog/ysk_your_environment_shapes_you_and_you_can_shape/""}","{""📈 Identify Patterns"":""What patterns have you noticed in how your environment influences your mood?"",""🏡 Create Supportive Spaces"":""What changes can you make to your surroundings to improve your well-being?"",""🌆 Observe Your Surroundings"":""How do different environments impact your mood and energy levels?"",""👥 Reflect on Social Settings"":""How do various social interactions affect your emotional state?""}","[""Which environments make you feel most at peace? Why?""]",,,mindfulness,
233,88,Understanding Context,Cannabis Use Insights,"**Hi _CLIENTNAME_! 🌟**

Let's explore how different contexts affect your cannabis use. Pay attention to your environment and social setting.

**Here’s how:**

1. **Observe Your Surroundings:** Notice how your environment influences your cannabis use.
   - 🌆 Are there specific contexts that lead to different experiences?
   - 👫 Do you use more in social settings or when alone?

By observing these patterns, you can better understand how context affects your consumption and make more mindful choices.",life,LO-Use-State,I want to moderate my use,"{""🌍 YSK: Your environment shapes you, and you can shape it too"":""https://www.reddit.com/r/YouShouldKnow/comments/10hjuog/ysk_your_environment_shapes_you_and_you_can_shape/""}","{""💡 Mindful Choices"":""How can understanding your context help you make more mindful cannabis use decisions?"",""🧐 Observing Patterns"":""What patterns have you noticed about your cannabis use in different settings?"",""🗣️ Social vs. Solo Use"":""How does your consumption differ when you're alone versus with others?"",""🌆 Contextual Cannabis Use"":""How does your environment influence your cannabis consumption habits?""}","[""How does your environment shape your cannabis use?""]",,,mindfulness,
234,89,Identifying Consumption Patterns 🔍,Understand Your Usage Habits,"**Hi _CLIENTNAME_! 🌟**

Today's focus is on identifying patterns in your consumption. Reflect on when and why you use cannabis most frequently.

**Here’s how:**

1. **Identify Patterns:** Observe your cannabis use to find patterns.
   - 🕒 Are there certain times or situations where you use more?
   - 🔑 What triggers your use most frequently?

By understanding these patterns, you can gain insight into your consumption habits and make more mindful choices.",life,LO-Use-State,I want to moderate my use,"{""🍃 I smoke weed and don't even know why I do it"":""https://www.reddit.com/r/Mindfulness/comments/15a3vnl/i_smoke_weed_and_dont_even_know_why_i_do_it/""}","{""🕒 Timing Triggers"":""How can identifying the times I use cannabis most help me manage my intake?"",""🔑 Trigger Analysis"":""What are the main triggers for my cannabis use and how can I address them?"",""📊 Mindful Consumption"":""How can understanding my consumption patterns lead to more mindful use?"",""🔍 Identify Usage Patterns"":""Can you help me recognize patterns in my cannabis consumption?""}","[""What triggers your cannabis use the most frequently?""]",,,mindfulness,
235,89,Identifying Triggers 🔍,Understand Your Urges,"**Hi _CLIENTNAME_! 🌟**

Today's focus is on identifying patterns related to your urges to smoke weed. Reflect on when and why you feel the strongest desire to use cannabis.

**Here’s how:**

1. **Identify Patterns:** Observe your thoughts and feelings to find patterns in your urges.
   - 🕒 Are there certain times or situations where resisting the urge to smoke is more challenging?
   - 🔑 What triggers your desire to use cannabis most frequently?

By understanding these patterns, you can gain insight into your triggers and make more mindful choices to support your abstinence journey. 🚀",life,LO-Use-State,I want to stop entirely,"{""🍃 I smoke weed and don't even know why I do it"":""https://www.reddit.com/r/Mindfulness/comments/15a3vnl/i_smoke_weed_and_dont_even_know_why_i_do_it/""}","{""🕒 Time Patterns"":""Are there specific times of day when you feel the strongest urge to smoke? Why do you think this happens?"",""🔑 Trigger Analysis"":""What external or internal factors most frequently trigger your desire to use cannabis?"",""🔍 Identify Triggers"":""What are the common situations or emotions that trigger your urge to use cannabis?"",""🧠 Mindful Observations"":""How can observing your thoughts and feelings help you better understand your cannabis use triggers?""}","[""When do you feel the strongest urge to smoke?""]",,,mindfulness,
236,90,Mindful Walking 🌿,Enhance Your Awareness,"**Hi _CLIENTNAME_! 🌟**

Today's focus is on mindful walking. Pay attention to each step, the sensation of your feet touching the ground, and your surroundings.

**Here’s how:**

1. **Practice Mindful Walking:** Spend 10 minutes walking mindfully.
   - 👣 Focus on the sensation of each step.
   - 🌍 Notice how your feet touch the ground.
   - 🌳 Be aware of your environment and surroundings.

By practicing mindful walking, you can enhance your awareness and enjoy the present moment more fully.",life,,,"{""🌿 Walking meditation is a game changer"":""https://www.reddit.com/r/Meditation/comments/gqi12y/walking_meditation_is_a_game_changer/""}","{""🌍 Sensation of Each Step"":""What do you notice about your body and mind when you focus on the sensation of each step?"",""🌿 Enhance Your Awareness"":""How can integrating mindful walking into your daily routine improve your overall mindfulness?"",""🌳 Environmental Awareness"":""How does paying attention to your environment during a walk change your experience?"",""👣 Mindful Walking Practice"":""How can mindful walking help you become more aware of your surroundings and sensations?""}","[""How does mindful walking change your perspective today?""]",,,mindfulness,
237,91,The Calming Path 🧘‍♂️,Quick Meditation Guide,"**Hi _CLIENTNAME_! 🌟**

Let’s incorporate a brief meditation session today. Find a quiet space and focus on your breath for a few minutes.

**Here’s how:**

1. **Set Aside 5 Minutes:** Dedicate a few minutes to meditation.
   - 🌿 Find a quiet, comfortable space.
   - 🛋️ Sit or lie down in a relaxed position.

2. **Focus on Your Breathing:** Concentrate on your breath.
   - 🌬️ Inhale deeply through your nose, and exhale slowly through your mouth.
   - 🧠 Let go of any distractions and bring your attention back to your breath.

By setting aside just 5 minutes for meditation, you can experience increased calm and clarity in your day.",life,,,"{""🧘‍♂️ People who meditate regularly, how does it really feel?"":""https://www.reddit.com/r/AskReddit/comments/kobnzw/people_who_meditate_regularly_how_does_it_really/""}","{""🌿 5-Minute Calm"":""How can a brief 5-minute meditation session benefit my daily routine?"",""🌬️ Focus on Breathing"":""What techniques can help me concentrate better on my breath during meditation?"",""🛋️ Relaxed Posture Tips"":""How should I position myself for the most comfortable and effective meditation session?"",""🧘‍♂️ Quick Meditation Guide"":""How can I create a calming space at home for daily meditation?""}","[""When do you feel most at peace in your day?""]",,,mindfulness,
238,92,Mindful Eating 🍽️,"Taste, Texture, Aroma","**Hi _CLIENTNAME_! 🌟**

Mindful eating can also be a powerful practice. Pay attention to the taste, texture, and aroma of your food.

**Here’s how:**

1. **Practice Mindful Eating:** During one meal today, focus on the eating experience.
   - 🍽️ Savor each bite and notice the taste, texture, and aroma.
   - 🕰️ Chew slowly and enjoy the process of eating.

By practicing mindful eating, you can enhance your appreciation for your food and improve your overall eating habits.",life,,,"{""🍽️ Mindful Eating Tip"":""https://www.reddit.com/r/Mindfulness/comments/2qn9jf/mindful_eating_tip/""}","{""🕰️ Slow Down"":""How can chewing slowly and enjoying my food improve my eating habits?"",""🍽️ Mindful Eating"":""How can I practice mindful eating during my meals today?"",""🌟 Enhance Appreciation"":""Can mindful eating help me develop a better relationship with food? How?"",""👅 Taste, Texture, Aroma"":""What are some ways to fully experience the taste, texture, and aroma of my food?""}","[""How does mindful eating change your relationship with food?""]",,,mindfulness,
239,93,Body Scan Exercise 🌟,Focus Your Mind,"**Hi _CLIENTNAME_! 🌟**

Today, let’s try a body scan exercise. Slowly focus on each part of your body, from your toes to your head, noticing any sensations.

**Here’s how:**

1. **Practice a Body Scan Meditation:** Dedicate a few minutes to this mindful exercise.
   - 🦶 **Start at Your Toes:** Focus on any sensations you feel.
   - 🧍 **Move Up Slowly:** Gradually shift your attention to each part of your body, moving up to your head.
   - 🧠 **Notice Sensations:** Pay attention to how each part feels, without judgment.

By practicing a body scan meditation, you can enhance your body awareness and promote relaxation.",life,,,"{""🧘 Any tips for body scanning?"":""https://www.reddit.com/r/Meditation/comments/pttt1r/any_tips_for_body_scanning/""}","{""🦶 Start at Toes"":""What sensations do you notice when you focus on your toes during a body scan exercise?"",""🧍 Move Up Slowly"":""Can you describe the process and benefits of moving attention slowly from toes to head in a body scan?"",""🧠 Notice Sensations"":""How does paying attention to bodily sensations without judgment improve mindfulness?"",""🧘‍♂️ Body Scan Focus"":""How can I effectively practice a body scan meditation to enhance relaxation?""}","[""How did the body scan exercise affect your physical and mental state? Did you notice any areas of tension or relaxation?""]",,,mindfulness,
240,94,Integrate Mindfulness into Daily Tasks 🌟,Living with intention,"**Hi _CLIENTNAME_! 🌟**

Integrate mindfulness into a routine activity, like brushing your teeth or washing dishes. Focus on the sensations and the process.

**Here’s how:**

1. **🪥 Practice Mindfulness During a Routine Activity:** Choose an everyday task to focus on.
   - Example: Brushing your teeth or washing dishes.

2. **🔍 Pay Attention to Details:** Notice the sensations and the process involved.
   - Example: Feel the bristles on your teeth, the taste of the toothpaste, or the warmth of the water and the texture of the dishes.

By practicing mindfulness during routine activities, you can bring more presence and awareness into your daily life.",life,,,"{""🧘‍♂️ What's your morning mindfulness ritual?"":""https://www.reddit.com/r/Mindfulness/comments/z7x4a0/whats_your_morning_mindfulness_ritual/""}","{""🧼 Mindful Washing"":""What are some mindfulness techniques I can use while washing dishes?"",""🔍 Sensory Awareness"":""What specific details should I focus on to practice mindfulness during routine tasks?"",""🪥 Mindful Routine Tasks"":""How can I incorporate mindfulness into my daily activities like brushing my teeth?"",""🌟 Presence in Daily Life"":""How can practicing mindfulness during everyday tasks improve my overall awareness and presence?""}","[""How did integrating mindfulness into a routine activity change your experience? What did you notice that you hadn’t before?""]",,,mindfulness,
241,95,Stress Reduction Techniques 🌟,Manage Stress for Better Health,"**Hi _CLIENTNAME_! 🌟**

Today, we’ll focus on stress reduction techniques. Learning how to manage stress effectively can improve your mental health and support your weed-free goals. 🌿

**Here’s how:**

1. 🌬️ **Practice Deep Breathing Exercises:** Try the 4-7-8 technique to calm your mind and body.
   - 🌀 **Inhale:** Breathe in through your nose for 4 seconds.
   - 🕒 **Hold:** Hold your breath for 7 seconds.
   - 🌬️ **Exhale:** Exhale slowly through your mouth for 8 seconds.

By practicing deep breathing, you can reduce stress and enhance your overall well-being.",life,LO-Use-State,I want to moderate my use,"{""💡 LPT: Stress management lessons learned from a USAF fighter pilot"":""https://www.reddit.com/r/LifeProTips/comments/61vu5x/lpt_stress_management_lessons_learned_from_a_usaf/""}","{""🕒 4-7-8 Technique"":""What are the steps of the 4-7-8 breathing technique, and how do they contribute to stress reduction?"",""🌿 Stress Management"":""In what ways can managing stress support my cannabis moderation goals?"",""🌀 Breathing Practice Routine"":""How can I incorporate deep breathing exercises into my daily routine to improve my mental health?"",""🌬️ Deep Breathing Benefits"":""How can deep breathing exercises help me manage stress effectively?""}","[""How did the deep breathing exercise make you feel? Did you notice any changes in your stress levels or mood?""]",,,mindfulness,
242,95,Stress Reduction Techniques 🌟,Manage Stress for Better Health,"**Hi _CLIENTNAME_! 🌟**

Today, we’ll focus on stress reduction techniques. Learning how to manage stress effectively can improve your mental health and support your weed-free goals. 🌿

**Here’s how:**

1. 🌬️ **Practice Deep Breathing Exercises:** Try the 4-7-8 technique to calm your mind and body.
   - 🌀 **Inhale:** Breathe in through your nose for 4 seconds.
   - 🕒 **Hold:** Hold your breath for 7 seconds.
   - 🌬️ **Exhale:** Exhale slowly through your mouth for 8 seconds.

By practicing deep breathing, you can reduce stress and enhance your overall well-being.",life,LO-Use-State,I want to stop entirely,"{""💡 LPT: Stress management lessons learned from a USAF fighter pilot"":""https://www.reddit.com/r/LifeProTips/comments/61vu5x/lpt_stress_management_lessons_learned_from_a_usaf/""}","{""🕒 4-7-8 Technique"":""What are the steps of the 4-7-8 breathing technique, and how do they contribute to stress reduction?"",""🌿 Stress Management"":""In what ways can managing stress support my weed-free goals?"",""🌀 Breathing Practice Routine"":""How can I incorporate deep breathing exercises into my daily routine to improve my mental health?"",""🌬️ Deep Breathing Benefits"":""How can deep breathing exercises help me manage stress effectively?""}","[""How did the deep breathing exercise make you feel? Did you notice any changes in your stress levels or mood?""]",,,mindfulness,
243,96,Scheduling Relaxation Time 🌟,Unwind and Recharge,"**Hi _CLIENTNAME_! 🌟**

Today, let’s focus on scheduling relaxation time. Set aside specific times each day for activities that help you unwind.

**Here’s how:**

1. **🗓️ Schedule Relaxation Time:** Set aside 15 minutes today for a relaxing activity.
   - **🎶 Example:** Choose something you enjoy, like listening to music, taking a walk, or reading a book.

By dedicating time for relaxation, you can enhance your mental well-being and support your moderation goals.",life,LO-Use-State,I want to moderate my use,"{""🧘‍♂️ How do you productively relax?"":""https://www.reddit.com/r/productivity/comments/y5n4q2/how_do_you_productively_relax/""}","{""🌟 Enhance Mental Well-being"":""How does scheduling relaxation time contribute to achieving your cannabis moderation goals?"",""🗓️ Schedule Relaxation Time"":""How can I effectively schedule daily relaxation activities to support my well-being?"",""📅 Consistent Relaxation Routine"":""How can I create a consistent relaxation routine to enhance my mental well-being?"",""🎶 Personal Relaxation Strategies"":""What are some activities you enjoy that help you unwind and recharge?""}","[""How did taking dedicated relaxation time impact your stress levels and mood?"",""What activities helped you relax the most?""]",,,mindfulness,
244,96,Scheduling Relaxation Time 🌟,Unwind and Recharge,"**Hi _CLIENTNAME_! 🌟**

Today, let’s focus on scheduling relaxation time. Set aside specific times each day for activities that help you unwind.

**Here’s how:**

1. **🗓️ Schedule Relaxation Time:** Set aside 15 minutes today for a relaxing activity.
   - **🎶 Example:** Choose something you enjoy, like listening to music, taking a walk, or reading a book.

By dedicating time for relaxation, you can enhance your mental well-being and support your moderation goals.",life,LO-Use-State,I want to stop entirely,"{""🧘‍♂️ How do you productively relax?"":""https://www.reddit.com/r/productivity/comments/y5n4q2/how_do_you_productively_relax/""}","{""🌟 Enhance Mental Well-being"":""How does scheduling relaxation time contribute to achieving your weed-free goals?"",""🗓️ Schedule Relaxation Time"":""How can I effectively schedule daily relaxation activities to support my well-being?"",""📅 Consistent Relaxation Routine"":""How can I create a consistent relaxation routine to enhance my mental well-being?"",""🎶 Personal Relaxation Strategies"":""What are some activities you enjoy that help you unwind and recharge?""}","[""How did taking dedicated relaxation time impact your stress levels and mood?"",""What activities helped you relax the most?""]",,,mindfulness,
245,97,Mindfulness Meditation 🧘‍♂️,"Reduce Stress, Feel Better","**Hi _CLIENTNAME_! 🌟**

Mindfulness meditation is a great tool for stress reduction. Try a short meditation session using an app like Headspace or Calm.

**Here’s how:**

1. **🕒 Spend 5-10 Minutes on Meditation:** Use a guided mindfulness meditation app.
   - **💭 Example:** Focus on your breath and let go of distractions.

By incorporating a short meditation session into your day, you can effectively reduce stress and enhance your overall well-being.",life,,,"{""🧘‍♂️ What exactly are the benefits to meditating?"":""https://www.reddit.com/r/Meditation/comments/8zmewf/what_exactly_are_the_benefits_to_meditating/""}","{""💭 Focus on Breathing"":""Can you guide me through a basic mindfulness meditation focusing on breath?"",""🌟 Stress Reduction Tips"":""How does mindfulness meditation help in reducing stress and improving well-being?"",""🕒 Short Meditation Sessions"":""What are some effective ways to fit 5-10 minutes of meditation into my busy schedule?"",""🧘‍♂️ Try Mindfulness Meditation"":""How can I start incorporating mindfulness meditation into my daily routine?""}","[""How did the mindfulness meditation session affect your mental state and stress levels? What did you find most helpful?""]",,,mindfulness,
246,98,Progressive Muscle Relaxation 🌟,Reduce Tension Easily,"**Hi _CLIENTNAME_! 🌟**

Today, let’s explore progressive muscle relaxation. This technique can help reduce physical tension and stress.

**Here’s how:**

1. **Try Progressive Muscle Relaxation:** Follow these steps to practice.
   - 🦶 **Tense and Relax:** Start from your toes and move up to your head, tensing and then relaxing each muscle group.

By incorporating this exercise into your routine, you can effectively reduce tension and enhance your overall well-being.",life,,,"{""💪 Has anyone done 30 days progressive muscle relaxation?"":""https://www.reddit.com/r/Meditation/comments/opdvjk/has_anyone_done_30_days_progressive_muscle/""}","{""🦶 Tense and Relax"":""What steps can I follow to practice progressive muscle relaxation effectively?"",""🌟 Well-Being Boost"":""How does progressive muscle relaxation enhance overall well-being?"",""😌 Progressive Relaxation"":""How can I incorporate progressive muscle relaxation into my daily routine to reduce stress?"",""💆‍♂️ Reduce Physical Tension"":""Can you guide me through a session of progressive muscle relaxation to help ease my tension?""}","[""How did the progressive muscle relaxation exercise make you feel? Did you notice any areas of tension or relaxation?""]",,,mindfulness,
247,99,Thought-Action Fusion 🧠,Master Your Mind,"**Separate Thoughts from Actions**: Today, let’s challenge the belief that thinking about cannabis leads to use. Thought-action fusion is the mistaken belief that having a thought about an action is the same as performing the action.

**Here’s how:**

1. **🧩 Challenge the Belief:** Recognize that thinking about cannabis does not mean you have to use it.
   - Example: Understand that a craving is just a thought, not an obligation to act.

2. **⏳ Practice Delaying Action:** When you have a craving, delay the action by 10 minutes.
   - **Example:** Set a timer for 10 minutes and distract yourself with another activity. Often, the craving will diminish or pass.

By separating thoughts from actions and practicing delay, you can gain better control over your impulses and make more mindful choices.",life,,,"{""🧘‍♂️ Separate yourself from these thoughts again and again"":""https://www.reddit.com/r/Mindfulness/comments/kptpbg/separate_yourself_from_these_thoughts_again_and/""}","{""🕰️ Craving Control"":""How effective is delaying action in reducing cravings, and how can I implement this?"",""🧠 Thought vs. Action"":""What are strategies to help me separate my thoughts from my actions?"",""⏳ Delay Action Practice"":""Can you guide me on activities to distract myself when I have a craving?"",""🧩 Challenge the Belief"":""How can I recognize that thinking about cannabis doesn’t mean I have to use it?""}","[""How do you separate your thoughts from your actions?""]",,,mindfulness,
248,100,The Power of Now 🌟,Present Moment Awareness,"**Stay Present**: Practice staying present to reduce stress-related cannabis use. By focusing on the current moment, you can alleviate stress and curb the impulse to use cannabis.

**Here’s how:**

1. 🌱 **Practice Present Moment Awareness:** Spend 5 minutes focusing entirely on your current activity.
   - 🍽️ **Example:** If you're washing dishes, pay attention to the feel of the water, the scent of the soap, and the texture of the dishes.

By practicing present moment awareness, you can reduce stress and make more mindful choices, helping to manage cannabis use more effectively.",life,,,"{""🧘‍♂️ What's the big deal about the present moment?"":""https://www.reddit.com/r/Meditation/comments/9dhm10/whats_the_big_deal_about_the_present_moment/""}","{""🍽️ Sensory Focus"":""What are some everyday tasks where I can practice paying attention to sensory details to stay present?"",""🌟 Present Moment Awareness"":""How can I integrate present moment awareness into my daily routine to help manage my cannabis use?"",""🌱 Mindful Activity Practice"":""Can you guide me through a 5-minute activity to practice staying present?"",""🧘 Stress Reduction Techniques"":""How can focusing on the present moment help reduce my stress-related cannabis use?""}","[""When are you most present and how does it feel?""]",,,mindfulness,
249,101,Mindful Breathing 🧘‍♀️,Manage Cravings and Stress,"**Manage Cravings and Stress**: Practice mindful breathing exercises to help manage cravings and reduce stress. Focusing on your breath can bring calm and clarity, making it easier to handle urges and anxiety.

**Here’s how:**

1. 🧘 **Mindful Breathing Exercise:** Spend a few minutes practicing this technique.
   - 🌬️ **Example:** Inhale deeply through your nose for 4 seconds, hold your breath for 7 seconds, and then exhale slowly through your mouth for 8 seconds.

By incorporating mindful breathing into your daily routine, you can improve your ability to manage stress and cravings effectively.",life,,,"{""😊 Mindful breathing is so underrated and powerful! I just wanted to share my experience."":""https://www.reddit.com/r/Mindfulness/comments/hqeieq/mindful_breathing_is_so_underrated_and_powerful_i/""}","{""💭 Clarity Through Breath"":""How does focusing on my breath help in managing cravings and finding calm?"",""🕒 Daily Breathing Practice"":""What are some tips for incorporating mindful breathing into my daily routine?"",""🧘 Manage Cravings and Stress"":""How can I effectively use mindful breathing to reduce cravings and stress?"",""🌬️ Deep Breathing Technique"":""Can you guide me through a mindful breathing exercise to help manage anxiety?""}","[""When stressed, how does your body physically react?""]",,,mindfulness,
250,102,Loving-Kindness Meditation 😊,Cultivate Compassion,"**Cultivate Compassion**: Engage in loving-kindness meditation to cultivate compassion for yourself and others. This practice helps enhance empathy, reduce stress, and promote emotional well-being.

**Here’s how:**

1. 🧘‍♂️ **Find a Quiet Space:** Sit comfortably and close your eyes.
2. 🌬️ **Focus on Your Breath:** Take a few deep breaths to center yourself.
3. 💖 **Send Loving-Kindness to Yourself:** Repeat phrases like, “May I be happy, may I be healthy, may I be safe, may I live with ease.”
4. 🌍 **Extend Compassion to Others:** Gradually extend these wishes to loved ones, acquaintances, and even those you find challenging.

By practicing loving-kindness meditation, you can build a sense of connection and empathy, benefiting both yourself and those around you.",life,,,"{""🧘 I tried loving kindness meditation while I was stuck in traffic"":""https://www.reddit.com/r/Meditation/comments/kx09uu/i_tried_loving_kindness_meditation_while_i_was/""}","{""🌍 Extend Compassion"":""How can I effectively extend loving-kindness to people I find challenging?"",""😊 Cultivate Compassion"":""How can loving-kindness meditation help me build empathy and emotional well-being?"",""💖 Self-Loving Affirmations"":""How can repeating self-affirming phrases enhance my overall well-being?"",""🧘‍♂️ Find Quiet Space"":""What are some tips for creating a peaceful space for meditation?""}","[""How do you show compassion to yourself daily?""]",,,mindfulness,
251,103,Authenticity 🌟,Live Your True Self,"**Live Authentically**: Strive for authenticity by setting goals that align with your true self. Reflect on what it means to live authentically and how your goals support that.

**Here’s how:**

1. **Reflect on Authenticity:** Consider what living authentically means to you.
   - 🧠 **Example:** Think about your core values, passions, and beliefs.

2. **Set Authentic Goals:** Ensure your goals align with your true self.
   - 🎨 **Example:** If creativity is important to you, set goals that allow you to express your creativity.

3. **Evaluate Your Goals:** Regularly assess whether your goals reflect your authentic self.
   - 🔍 **Example:** Ask yourself if your current goals resonate with your personal values and aspirations.

By focusing on authenticity, you can set meaningful goals that truly reflect who you are and what you want from life.",life,,,"{""💭 What does authenticity mean to you and what experiences in your life do you believe shaped your understanding of it?"":""https://www.reddit.com/r/Existentialism/comments/18yarw4/what_does_authenticity_mean_to_you_and_what/""}","{""🌟 Live Authentically"":""What does living authentically mean to you, and how can you integrate it into your daily life?"",""🎯 Set Authentic Goals"":""What goals can you set that align with your core values and passions?"",""🔍 Evaluate Your Goals"":""How do your current goals align with your true self, and what adjustments might be necessary?"",""🧠 Reflect on Authenticity"":""Can you identify moments in your life when you felt most authentic? What made those moments special?""}","[""What does living authentically look like in your daily life?""]",,,mindfulness,
252,104,Unconditional Positive Regard 🌟,Boost Motivation with Self-Acceptance,"**Boost Motivation with Self-Acceptance**: Practice unconditional positive regard towards yourself to enhance motivation and well-being. This means accepting yourself fully, without judgment, and fostering a positive self-view.

**Here’s how:**

1. **🌸 Practice Self-Acceptance:** Embrace who you are without conditions.
   - **Example:** Acknowledge your strengths and weaknesses without self-criticism.

2. **✍️ Write Affirmations:** Create affirmations that express self-acceptance and positivity.
   - **Example:** ""I accept myself as I am,"" ""I am worthy of love and respect,"" ""I am enough just as I am.""

3. **🔁 Repeat Daily:** Incorporate these affirmations into your daily routine to reinforce a positive self-image.

By practicing unconditional positive regard and writing affirmations, you can boost your motivation and foster a healthier, more accepting relationship with yourself.",life,,,"{""🌟 Why is self love so hard? Ways you have achieved it!"":""https://www.reddit.com/r/lawofattraction/comments/5511zv/why_is_self_love_so_hard_ways_you_have_achieved/""}","{""😊 Boost Motivation"":""How does practicing self-acceptance improve motivation and well-being?"",""✍️ Affirm Self-Worth"":""What are some affirmations I can write to enhance self-acceptance?"",""🌸 Embrace Self-Acceptance"":""How can I start practicing unconditional positive regard towards myself?"",""🔁 Daily Affirmation Practice"":""Can you suggest ways to incorporate affirmations into my daily routine?""}","[""What part of yourself do you find hardest to accept?""]",,,mindfulness,
253,105,Embrace Your World 🌟,Mindfulness Tips,"**Hi _CLIENTNAME_! 🌟**

Today, let’s embrace the concept of being fully present and engaged in your world. This involves practicing mindfulness and focusing on your daily activities without distraction.

**Here’s how:**

1. **🧘 Be Present:** Fully engage in your activities.
   - **🍽️ Example:** When eating, focus on the taste, texture, and aroma of your food without distractions like TV or phone.

2. **🌀 Reflect on Your Experiences:** Think about a recent time when you were completely engaged in an activity.
   - **🤔 Example:** Compare how you felt during this experience versus times when you were distracted or using cannabis.

3. **🌼 Incorporate Mindful Moments:** Include more mindful moments in your day.
   - **👣 Example:** Set aside time each day to engage in an activity mindfully, such as walking, cooking, or talking to a friend without distractions.

By being fully present and engaged in your world, you can enhance your overall well-being and create a more fulfilling daily life.",life,,,"{""🧠 How does \""being-in-the-world\"" differ from mere \""being\""?"":""https://www.reddit.com/r/askphilosophy/comments/ck7w05/how_does_beingintheworld_differ_from_mere/""}","{""🧘 Be Present"":""How can I incorporate mindfulness into my daily activities to enhance my well-being?"",""🌼 Mindful Moments"":""How can I include more mindful moments throughout my day to reduce stress and increase fulfillment?"",""🍽️ Mindful Eating"":""What are some ways to practice mindful eating and fully enjoy my meals?"",""🌀 Reflect on Engagement"":""Can you help me reflect on a recent experience where I was fully engaged versus distracted?""}","[""When were you last fully present and how did it feel?""]",,,mindfulness,
254,106,Five Senses Exercise 🌟,"Engage All Senses, Beat Cravings","**Hi _CLIENTNAME_! 🌟**

Enhance mindfulness by engaging all five senses. This practice helps anchor you in the present moment and reduce cravings.

**Here’s how:**

1. **Find a Quiet Space:** Sit comfortably and take a few deep breaths.

2. **Engage Your Senses:**
   - 👀 **See:** Look around and describe what you see in detail.
     - **Example:** Notice the colors, shapes, and objects in your environment.
   - 👂 **Hear:** Focus on the sounds around you.
     - **Example:** Listen to the hum of the air conditioner, birds chirping, or distant traffic.
   - 👃 **Smell:** Identify any scents in your immediate surroundings.
     - **Example:** Notice the smell of your coffee, a scented candle, or fresh air.
   - 👅 **Taste:** Pay attention to any tastes in your mouth.
     - **Example:** If you're eating or drinking, savor the flavors.
   - ✋ **Touch:** Focus on what you can feel.
     - **Example:** Notice the texture of your clothes, the chair you're sitting on, or the temperature of the air.

3. **Describe Each Sensation:** Take a moment to describe each sensation in detail.
   - **Example:** ""I see the green leaves of the plants, the smooth texture of the table, and hear the gentle hum of the fridge.""

By focusing on your senses, you can bring your attention to the present moment, helping to reduce cravings and enhance your mindfulness.",life,,,"{""🧘 Is mindfulness about being aware of all 5 senses?"":""https://www.reddit.com/r/Mindfulness/comments/8oqsjq/is_mindfulness_about_being_aware_of_all_5_senses/""}","{""✋ Touch Awareness"":""What textures are you noticing, and how do they influence your sense of presence?"",""👂 Hear and Be Present"":""What sounds can you focus on right now to anchor yourself in the moment?"",""👀 See Your Surroundings"":""How can describing the visual details around you help reduce cravings?"",""👃 Smell for Mindfulness"":""How can identifying scents in your environment help ground you in the present?""}","[""Which sense most anchors you to the present moment? Why?""]",,,mindfulness,
255,107,Grounding Techniques 🌟,Manage Stress with Ease,"**Hi _CLIENTNAME_! 🌟**

Use grounding techniques to stay present and manage stress. One effective method is the ""5-4-3-2-1"" technique.

**Here’s how:**

1. **Identify Five Things You Can See:**
   - 👀 **Example:** Look around and name five things you can see, such as a book, a plant, a picture on the wall, a cup, and your shoes.

2. **Identify Four Things You Can Touch:**
   - ✋ **Example:** Notice the texture of four things you can touch, such as the fabric of your clothes, the smooth surface of a table, a soft cushion, and the cool metal of a doorknob.

3. **Identify Three Things You Can Hear:**
   - 👂 **Example:** Listen and identify three sounds you can hear, such as birds chirping, a clock ticking, and distant chatter.

4. **Identify Two Things You Can Smell:**
   - 👃 **Example:** Pay attention to two scents around you, like the aroma of coffee or the fresh smell of the outdoors.

5. **Identify One Thing You Can Taste:**
   - 👅 **Example:** Focus on the taste in your mouth, whether it's a lingering flavor from a meal or a sip of water.

By practicing the ""5-4-3-2-1"" technique, you can stay grounded, reduce anxiety, and manage cravings effectively.",life,,,"{""🧘‍♀️ Try This Technique Next Time You Feel Stressed Or Overwhelmed"":""https://www.reddit.com/r/coolguides/comments/pb8ax7/try_this_technique_next_time_you_feel_stressed_or/""}","{""✋ Touch for Calm"":""What are some textures you can focus on to ground yourself during stressful moments?"",""👂 Sound Awareness"":""How can recognizing and focusing on three different sounds help you stay present?"",""👀 Grounding Vision Check"":""How can identifying five things you can see help reduce stress and anxiety?"",""👃 Scent and Taste Grounding"":""How do scent and taste contribute to the effectiveness of the '5-4-3-2-1' grounding technique?""}","[""What do you notice about your feelings after grounding yourself?""]",,,mindfulness,
256,108,Breath Counting 🧘‍♀️,Enhance Focus with Simple Meditation,"**Hi _CLIENTNAME_! 🌟**

Use breath counting as a simple meditation technique to enhance focus.

**Here’s how:**

1. **🪑 Sit Comfortably:** Find a quiet place to sit comfortably.
2. **🔢 Count Each Breath:** Inhale and count ""one,"" exhale and count ""two,"" and continue up to ten.
3. **🔄 Start Over:** When you reach ten, start counting from one again.
4. **🔙 Refocus When Needed:** If your mind wanders, gently bring your attention back to your breath and continue counting.

By practicing breath counting, you can improve concentration, reduce stress, and enhance overall well-being.",life,,,"{""🧘‍♂️ Counting Breaths: Yay or Nay?"":""https://www.reddit.com/r/Meditation/comments/5nlbph/counting_breaths_yay_or_nay/""}","{""🔄 Refocus Technique"":""What should I do if my mind wanders while practicing breath counting meditation?"",""🔢 Count Each Breath"":""Can you guide me through the steps of breath counting meditation?"",""🪑 Comfortable Meditation Spot"":""How can I find or create the perfect spot in my home for breath counting meditation?"",""🧘‍♀️ Breath Counting Meditation"":""How can I incorporate breath counting meditation into my daily routine for better focus?""}","[""When your mind wanders, what thoughts typically distract you?""]",,,mindfulness,
257,109,Strengthen Your Connections 🌟,Build strong relationships,"Hi _CLIENTNAME_! 🌟

This week, we’ll focus on strengthening your social connections. Building strong relationships can provide valuable support and enhance your overall well-being. 🤝

⭐️ Plan a social activity with a friend or family member today. It could be:
- 🚶 A walk
- ☕ A coffee date
- 💻 A video call",life,,,"{""❤️ LPT: If you want to build your relationships, make sure to acknowledge others' efforts"":""https://www.reddit.com/r/LifeProTips/comments/qb56yb/lpt_if_you_want_to_build_your_relationships/""}","{""🧩 Building Strong Ties"":""What steps can I take to build and maintain strong relationships?"",""📅 Plan Social Activities"":""What are some enjoyable social activities I can plan with friends or family?"",""💬 Meaningful Interactions"":""How can I ensure my social interactions are meaningful and supportive?"",""🤝 Strengthen Social Connections"":""How can I strengthen my relationships to enhance my overall well-being?""}","[""How can you deepen an important relationship this week?""]",,,relationships,
258,110,Building Connections 🌟,Tips for Adults,"**Hi _CLIENTNAME_! 🌟**

Making friends and social connections as an adult can be challenging, but it's essential for your well-being. Here are some tips to help you build meaningful relationships:

1. **Be Friendly and Open:** Act like someone who isn’t lonely. Approach people with openness and friendliness, but don’t come on too strong.
   - **Tip:** Show genuine interest in others without expecting immediate deep connections.

2. **Pursue Your Interests:** Engage in activities you enjoy to meet like-minded people.
   - **Examples:** 📝 Join a writing workshop, 🗣️ take a language class, or 🎨 learn a new hobby like pottery or dance.

3. **Initiate Plans:** Don’t hesitate to be the one to initiate plans with friends.
   - **Tip:** It’s okay to be the initiator. It helps maintain relationships and makes it easier to invite new people along.

**Action Step:**

⭐️ Plan a social activity with a friend or family member today. It could be a walk, a coffee date, or a video call. Also, consider joining a group or class related to your interests.",life,,,"{""🤝 LPT: Making friends and social connections as an adult can have significant positive impacts on your mental health"":""https://www.reddit.com/r/LifeProTips/comments/11igvtg/lpt_making_friends_and_social_connections_as_an/""}","{""🌟 Build Connections"":""How can I approach people with openness and friendliness without coming on too strong?"",""📅 Initiate Social Plans"":""How can I become more comfortable initiating plans with friends or acquaintances?"",""⭐️ Plan Social Activities"":""Can you suggest some social activities that I could plan with friends or family today?"",""🎨 Pursue Interests Together"":""What activities could I join to meet like-minded people and build connections?""}","[""What’s one genuine interest you can share to build connections?""]",,,relationships,
259,111,Reconnecting with Old Friends 🤝,Strengthen Your Social Network,"**Hi _CLIENTNAME_! 🌟**

Today, let's focus on reaching out to someone you haven't talked to in a while. Reconnecting with old friends can strengthen your social network.

**Here’s how:**

1. **📞 Reach Out:** Send a message or make a call to someone you've lost touch with.
   - **💬 Example:** Start with a simple greeting and ask how they’ve been.

2. **🤗 Catch Up:** Share what’s been going on in your life and ask about theirs.
   - **🏞 Example:** Mention any recent activities, hobbies, or changes in your life.

**Action Step:**

⭐️ Send a message or make a call to someone you've lost touch with. Catch up and share how you've been doing.

Reconnecting with old friends can reignite meaningful relationships and expand your social support network.",life,,,"{""🤝 LPT REQUEST: How to reconnect with old friends"":""https://www.reddit.com/r/LifeProTips/comments/15qso49/lpt_request_how_to_reconnect_with_old_friends/""}","{""📞 Make the Call"":""What is a simple but effective way to start a conversation with someone I've lost touch with?"",""🗣 Share Your Life"":""How should I share updates about my recent activities and changes in life to reconnect meaningfully?"",""🤝 Reconnect with Friends"":""How can I effectively reach out to an old friend I haven't talked to in a while?"",""⭐️ Strengthen Social Network"":""What are the benefits of reconnecting with old friends and how can it impact my social network?""}","[""Who have you been wanting to reconnect with, and why?""]",,,relationships,
260,112,Building Connections 🤝,Be There for Others,"**Hi _CLIENTNAME_! 🌟**

Building strong social connections often involves being there for others. Offer support or lend a listening ear to someone in need.

**Here’s how:**

1. **🤔 Reach Out:** Identify a friend or family member who might need support.
   - **💡 Example:** Think of someone going through a tough time or who hasn't been themselves lately.

2. **👂 Listen and Help:** Contact them to listen and offer your help.
   - **📞 Example:** Send a message or make a call, letting them know you're there for them and willing to listen.

**Action Step:**

⭐️ Reach out to a friend or family member who might need support. Listen to them and offer your help.

By offering support and being there for others, you can strengthen your social connections and foster meaningful relationships.",life,,,"{""❤️‍🩹 IWTL how to help/support someone who is going through cancer"":""https://www.reddit.com/r/IWantToLearn/comments/gaeliy/iwtl_how_to_helpsupport_someone_who_is_going/""}","{""📞 Reach Out and Listen"":""How can you make time to reach out and listen to a friend or family member today?"",""👂 Offer Genuine Support"":""What are some ways you can offer meaningful help to someone going through a tough time?"",""💡 Build Strong Connections"":""How has being there for others positively impacted your relationships in the past?"",""🤔 Identify Someone in Need"":""Who in your life could use some support right now?""}","[""Who needs your support right now, and how will you help?""]",,,relationships,
261,113,Engage in Group Activities 🌟,Build Connections Effortlessly,"**Hi _CLIENTNAME_! 🌟**

Today, let’s focus on participating in group activities. Engaging in group settings can help you build new connections and strengthen existing ones.

**Here’s how:**

1. **Join a Group Activity or Event:** Find a group activity that interests you.
   - 🎨 **Examples:** Join a hobby group, attend a community event, or participate in an online gathering.

2. **Engage Actively:** Be present and participate fully in the activity.
   - 💬 **Example:** Introduce yourself, join conversations, and show interest in others.

**Action Step:**

⭐️ Join a group activity or event. It could be a hobby group, a community event, or an online gathering.

Participating in group activities can enhance your social network and provide opportunities to make new friends and strengthen existing relationships.",life,,,"{""🤝 What hobbies made you meet people and make friends?"":""https://www.reddit.com/r/socialskills/comments/16zm62b/what_hobbies_made_you_meet_people_and_make_friends/""}","{""💬 Engage Actively:"":""How can I be more present and engaged in group settings?"",""🌐 Online Gatherings:"":""What are some online group activities that can help me connect with others?"",""🎨 Join Group Activities:"":""What are some group activities I can join to build connections?"",""✨ Build Connections Effortlessly:"":""Can you suggest ways to strengthen my existing relationships through group activities?""}","[""How do group activities make you feel about social connections?""]",,,relationships,
262,114,Quality Time Matters 😃,Build Stronger Bonds,"**Hi _CLIENTNAME_! 🌟**

Let’s focus on quality over quantity. Spending meaningful time with a few close friends can be more fulfilling than brief interactions with many.

**Here’s how:**

1. **Plan a Meaningful Activity:** Choose an activity that allows for deeper connections.
   - 🍵 **Examples:** Have a heartfelt conversation over coffee, go for a hike, or cook a meal together.

2. **Focus on Connection:** Use this time to strengthen your bond.
   - 💬 **Example:** Share your thoughts and listen actively to your friends.

**Action Step:**

⭐️ Plan a meaningful activity with one or two close friends. Focus on deepening your connection.

By prioritizing quality time with close friends, you can build stronger, more fulfilling relationships.",life,,,"{""🧠 How do you form deeper connections with people?"":""https://www.reddit.com/r/self/comments/11e4s31/how_do_you_form_deeper_connections_with_people/""}","{""💬 Deep Conversations"":""What meaningful activities can I plan to foster deeper connections with my friends?"",""⭐️ Bonding Activities"":""Can you suggest activities that encourage stronger bonds with close friends?"",""🍵 Quality Over Quantity"":""How can I prioritize quality time over quantity in my social interactions?"",""👥 Meaningful Connections"":""How can I focus on building more meaningful relationships rather than having many superficial ones?""}","[""How did spending quality time with close friends impact your relationship? Did it strengthen your bond?""]",,,relationships,
263,115,Enhancing Communication Skills 🗣️,Improve Interactions Quickly,"**Hi _CLIENTNAME_! 🌟**

This week, we’ll focus on enhancing your communication skills. Effective communication can improve your relationships and help you express your needs and boundaries clearly. 🗣️

**Here’s how:**

1. **Practice Active Listening:** Focus on truly understanding the speaker.
   - **👂 Examples:** Give your full attention, nod, make eye contact, and summarize what you’ve heard to show understanding.

2. **Compose Your Thoughts:** Take a few seconds to think before you start talking.
   - **🧠 Example:** This helps you organize your thoughts and communicate more clearly.

3. **Talk Slower and Breathe:** Speaking slowly and remembering to breathe can make your communication more effective.
   - **🌬️ Example:** It helps you stay calm and ensures that your message is understood.

By enhancing your communication skills with these techniques, you can build stronger, more meaningful relationships and improve your overall interactions.",life,,,"{""🗣️ IWTL: How to improve communication skills and overcome social awkwardness"":""https://www.reddit.com/r/IWantToLearn/comments/2r7hx4/iwtl_how_to_improve_communication_skills_and/""}","{""👂 Active Listening Skills"":""How can I practice active listening to improve my relationships?"",""🗣️ Enhance Interactions"":""How can improving my communication skills help me build stronger relationships?"",""🧠 Thoughtful Communication"":""What are some techniques to help me organize my thoughts before speaking?"",""🌬️ Speak Calmly and Clearly"":""Can you provide tips on how to speak slower and remember to breathe during conversations?""}","[""How did practicing active listening change your interactions today? Did you notice any differences in how others responded to you?""]",,,relationships,
264,116,Enhancing Communication Skills 🗣️,Improve Interactions Quickly,"**Hi _CLIENTNAME_! 🌟**

This week, we’ll focus on enhancing your communication skills. Effective communication can improve your relationships and help you express your needs and boundaries clearly. 🗣️

**Here’s how:**

1. **Practice Active Listening:** Focus on truly understanding the speaker.
   - **👂 Examples:** Give your full attention, nod, make eye contact, and summarize what you’ve heard to show understanding.

2. **Compose Your Thoughts:** Take a few seconds to think before you start talking.
   - **🧠 Example:** This helps you organize your thoughts and communicate more clearly.

3. **Talk Slower and Breathe:** Speaking slowly and remembering to breathe can make your communication more effective.
   - **🌬️ Example:** It helps you stay calm and ensures that your message is understood.

By enhancing your communication skills with these techniques, you can build stronger, more meaningful relationships and improve your overall interactions.",life,,,"{""🗣️ IWTL: How to improve communication skills and overcome social awkwardness"":""https://www.reddit.com/r/IWantToLearn/comments/2r7hx4/iwtl_how_to_improve_communication_skills_and/""}","{""👂 Active Listening Skills"":""How can I practice active listening to improve my relationships?"",""🗣️ Enhance Interactions"":""How can improving my communication skills help me build stronger relationships?"",""🧠 Thoughtful Communication"":""What are some techniques to help me organize my thoughts before speaking?"",""🌬️ Speak Calmly and Clearly"":""Can you provide tips on how to speak slower and remember to breathe during conversations?""}","[""How did clear expression impact your conversations today? Did it make your interactions more effective?""]",,,relationships,
265,117,Using Open-Ended Questions 🌟,Enhance Your Conversations,"**Hi _CLIENTNAME_! 🌟**

Open-ended questions encourage deeper conversations and understanding. They invite the other person to share more about their thoughts and experiences.

**Here’s how:**

1. **🗣️ Ask Open-Ended Questions:** These questions can't be answered with a simple ""yes"" or ""no.""
   - **Examples:** ""What was the highlight of your day?"" or ""How did that experience make you feel?""

2. **🤝 Engage More Deeply:** Use these questions to engage more deeply with others.
   - **Example:** ""Can you tell me more about that?"" or ""What are your thoughts on this topic?""

By asking open-ended questions in your conversations today, you can foster deeper connections and better understand the people around you.",life,,,"{""🗣️ Never run out of things to ask: asking open-ended questions"":""https://www.reddit.com/r/socialskills/comments/55ntpy/never_run_out_of_things_to_ask_asking_openended/""}","{""🌟 Highlight Moments"":""Can you suggest ways to ask about the highlights of someone's day to encourage more meaningful dialogue?"",""👂 Understand Better"":""What are some examples of open-ended questions that can help me understand someone’s experiences more fully?"",""🤝 Engage More Deeply"":""How can asking open-ended questions help me form deeper connections with others?"",""🗣️ Ask Open-Ended Questions"":""How can I incorporate more open-ended questions into my daily conversations?""}","[""How did asking open-ended questions affect your conversations? Did it lead to more meaningful interactions?""]",,,relationships,
266,118,Mindful Body Language 😊,Improve Your Connections,"**Hi _CLIENTNAME_! 🌟**

Body language is a crucial part of communication. Today, pay attention to your body language and that of others.

**Here’s how:**

1. **Relax and Open Up:** Keep your body relaxed and welcoming.
   - **Examples:** 
     - 😊 Let your shoulders down
     - 😀 Smile
     - 👀 Make eye contact

2. **Engage Positively:** Approach people and start light-hearted conversations.
   - **Examples:** 
     - 👍 Nod
     - 👋 Say hi
     - 😄 Smile at people
     - 🤔 Prepare some interesting or funny discussion topics in your head

3. **Be Thoughtful:** Show small acts of kindness.
   - **Examples:** 
     - 🚪 Hold doors open
     - 💧 Offer to fill someone’s water bottle
     - 🗣️ Ask them about their day or weekend

4. **Show Genuine Interest:** Ask questions and listen attentively.
   - **Examples:** 
     - 🛠️ Ask work-related questions they can easily answer
     - 👂 Make sure to listen carefully to their responses

By being mindful of your body language and engaging positively, you can improve your communication skills and build stronger connections with others.",life,,,"{""🤔 How do I signal to someone using body language?"":""https://www.reddit.com/r/socialskills/comments/dac8vd/how_do_i_signal_to_someone_using_body_language/""}","{""👂 Genuine Interest"":""How can I ask better questions and listen more attentively to strengthen my connections?"",""😄 Engage Positively"":""What light-hearted conversation starters can help me connect better with others?"",""😊 Relax and Open Up"":""How can I make my body language more welcoming in social situations?"",""💧 Show Thoughtfulness"":""What small acts of kindness can I incorporate into my daily routine to improve my interactions?""}","[""How did being aware of body language influence your interactions? Did it change the way you communicated?""]",,,relationships,
267,119,Reflecting on Relationships 🌟,Strengthen Your Connections,"**Hi _CLIENTNAME_! 🌟**

Today, reflect on the quality of your relationships. Are your connections supportive, balanced, and fulfilling?

**Here’s how:**

1. **Evaluate Your Relationships:** Consider the strengths and areas for improvement in each relationship.
   - 🌟 **Examples:** Is the relationship supportive? Do you feel heard and valued? Is the connection balanced and mutually fulfilling?

2. **Identify Strengths:** Reflect on what makes each relationship strong.
   - 💪 **Examples:** Good communication, mutual respect, shared interests, and support during tough times.

3. **Look for Improvements:** Think about where each relationship could improve.
   - 🔄 **Examples:** More open communication, spending more quality time together, addressing any imbalances in support or effort.

By reflecting on the quality of your relationships, you can identify ways to strengthen your connections and ensure they are supportive and fulfilling.",life,,,"{""❤️ How do you know you're in a healthy relationship?"":""https://www.reddit.com/r/AskReddit/comments/6qab5h/how_do_you_know_youre_in_a_healthy_relationship/""}","{""💪 Identify Strengths"":""Can you list the key elements that make your strongest relationships thrive?"",""🔄 Look for Improvements"":""How can you enhance your relationships to make them more balanced and fulfilling?"",""🌟 Evaluate Relationships"":""What are the strengths and areas for improvement in your current relationships?"",""🧠 Reflect on Connections"":""How do you currently feel about the support and balance in your relationships?""}","[""Describe a relationship that feels strong and fulfilling. What elements contribute to its quality?""]",,,relationships,
268,120,Strengthening Relationships 💪,Tips to Deepen Connections,"**Hi _CLIENTNAME_! 🌟**

Based on your reflections, set specific intentions to strengthen your relationships. This could include scheduling regular check-ins, being more present during interactions, or expressing appreciation more often.

**Here’s how:**

1. **Set an Intention:** Choose one relationship you'd like to improve and set a clear intention.
   - **Example:** Schedule a weekly call with a family member or make a point to express appreciation to a friend more often.

2. **🚀 Plug into Your Community:** Get involved in local groups or activities.
   - **Example:** Join a sports team, volunteer group, or hobby club to meet new people and strengthen existing connections.

3. **💬 Master Small Talk:** Use small talk to build comfort and connections.
   - **Example:** Ask about their day, mention the weather, or discuss shared interests to find common ground.

4. **🔒 Build and Maintain Trust:** Follow through on promises, listen actively, and plan fun activities together.
   - **Example:** Make time for regular outings or activities that you both enjoy.

**Action Step:**

⭐️ Set an intention for one relationship you'd like to improve. This could involve regular check-ins, being more present during interactions, or showing appreciation more frequently.

By focusing on these strategies, you can build stronger, healthier relationships that enhance your overall well-being.",life,,,"{""🌟 This is how I make strong, healthy friendships"":""https://www.reddit.com/r/socialskills/comments/jwn02q/this_is_how_i_make_strong_healthy_friendships/""}","{""🔒 Trust Building"":""What are effective ways to build and maintain trust in my relationships?"",""💬 Master Small Talk"":""How can I use small talk to deepen my relationships?"",""🚀 Community Involvement"":""What are some local groups or activities I can join to build connections?"",""💪 Strengthen a Relationship"":""How can I set a clear intention to improve one of my relationships?""}","[""What specific actions can you take to improve this relationship? How will you implement them?""]",,,relationships,
269,121,Reflecting on Relationships 🚀,Impact on Moderation,"**Hi _CLIENTNAME_! 🌟**

Reflect on how your relationships have impacted your weed-free journey. Consider both positive and negative influences.

**Here’s how:**

1. **Assess Positive Influences:** Identify relationships that support your goals.
   - 🌟 **Examples:** Friends or family members who encourage healthy habits, provide emotional support, or share similar weed-free goals.

2. **Recognize Negative Influences:** Consider relationships that might hinder your progress.
   - ⚠️ **Examples:** Individuals who pressure you to use cannabis, ignore your boundaries, or engage in behaviors that contradict your goals.

3. **Set Boundaries:** Establish boundaries with relationships that negatively impact your weed-free journey.
   - 🚧 **Example:** Communicate your goals clearly and limit interactions that trigger cravings or unhealthy behaviors.

By evaluating the influence of your relationships, you can strengthen the positive connections and set boundaries where needed to support your weed-free journey.",life,LO-Use-State,I want to stop entirely,"{""❤️ Did Friends have a great impact in your life?"":""https://www.reddit.com/r/howyoudoin/comments/4h4l19/did_friends_have_a_great_impact_in_your_life/""}","{""🚧 Set Boundaries"":""What steps can you take to establish boundaries with individuals who negatively affect your weed-free goals?"",""🔍 Reflect and Adjust"":""How can you strengthen positive relationships and minimize the impact of negative ones in your life?"",""🌟 Positive Influences"":""How have certain relationships positively impacted your weed-free journey?"",""⚠️ Negative Influences"":""Can you identify relationships that might be hindering your progress and how to address them?""}","[""Which relationships have been most supportive of your moderation goals? How have they helped you stay on track?""]",,,relationships,
270,121,Reflecting on Relationships 🚀,Impact on Moderation,"**Hi _CLIENTNAME_! 🌟**

Reflect on how your relationships have impacted your weed-free journey. Consider both positive and negative influences.

**Here’s how:**

1. **Assess Positive Influences:** Identify relationships that support your goals.
   - 🌟 **Examples:** Friends or family members who encourage healthy habits, provide emotional support, or share similar weed-free goals.

2. **Recognize Negative Influences:** Consider relationships that might hinder your progress.
   - ⚠️ **Examples:** Individuals who pressure you to use cannabis, ignore your boundaries, or engage in behaviors that contradict your goals.

3. **Set Boundaries:** Establish boundaries with relationships that negatively impact your weed-free journey.
   - 🚧 **Example:** Communicate your goals clearly and limit interactions that trigger cravings or unhealthy behaviors.

By evaluating the influence of your relationships, you can strengthen the positive connections and set boundaries where needed to support your weed-free journey.",life,LO-Use-State,I want to moderate my use,"{""❤️ Did Friends have a great impact in your life?"":""https://www.reddit.com/r/howyoudoin/comments/4h4l19/did_friends_have_a_great_impact_in_your_life/""}","{""🚧 Set Boundaries"":""What steps can you take to establish boundaries with individuals who negatively affect your moderation goals?"",""🔍 Reflect and Adjust"":""How can you strengthen positive relationships and minimize the impact of negative ones in your life?"",""🌟 Positive Influences"":""How have certain relationships positively impacted your moderation journey?"",""⚠️ Negative Influences"":""Can you identify relationships that might be hindering your progress and how to address them?""}","[""Which relationships have been most supportive of your moderation goals? How have they helped you stay on track?""]",,,relationships,
271,122,Expressing Appreciation 🌟,Strengthen Bonds in Simple Ways,"**Hi _CLIENTNAME_! 🌟**

Today, focus on expressing appreciation. Let the important people in your life know how much they mean to you.

**Here’s how:**

1. **📞 Send a Message or Call:** Reach out to someone who supports you.
   - **Examples:** Send a heartfelt message or make a call to express your gratitude.

2. **📝 Be Specific About How They Helped:** According to a new study, people appreciate hearing how their actions met your needs more than how costly or difficult their actions were.

**Example of What to Do:**
- **💖 Effective Gratitude:** ""Thank you for always listening to me and offering great advice. Your support helped me navigate a tough situation and meant a lot to me.""
   - **Reason:** This focuses on how the person’s actions positively impacted you, which is more meaningful.

**Example of What Not to Do:**
- **🚫 Less Effective Gratitude:** ""I appreciate that you took time out of your busy schedule to help me. It must have been hard for you.""
   - **Reason:** This emphasizes the cost or difficulty for the other person, which is less impactful.

By expressing appreciation in this way, you can strengthen your relationships and show the important people in your life how much they mean to you.",life,,,"{""❤️ What are little ways you show someone you're thinking of them?"":""https://www.reddit.com/r/CasualConversation/comments/6o9ae5/what_are_little_ways_you_show_someone_youre/""}","{""📝 Specific Gratitude"":""Can you help me craft a message that highlights how someone's support positively impacted me?"",""💖 Effective Thank Yous"":""What are some examples of meaningful ways to express gratitude without focusing on the cost or effort for the other person?"",""📞 Heartfelt Connections"":""How can I effectively express appreciation to someone who has supported me recently?"",""🚫 Avoiding Less Impactful Gratitude"":""How can I ensure my expressions of gratitude are more focused on the impact rather than the effort or cost?""}","[""How did expressing appreciation affect your relationship? How did it make you feel?""]",,,relationships,
272,123,Leveraging Social Proof 🚀,Boost Your Motivation,"**Hi _CLIENTNAME_! 🌟**

Leverage social proof by surrounding yourself with people who have achieved similar goals. This can motivate and inspire you to reach your own goals.

**Here’s how:**

1. **Identify Role Models:** Find individuals who have successfully achieved the goals you aspire to.
   - 🌟 **Examples:** Look for people in your community, online forums, or social media who have accomplished what you aim to achieve.

2. **Connect with Them:** Engage with these role models and learn from their experiences.
   - 🤝 **Examples:** Follow them on social media, join groups or communities they are part of, or attend events where they are speaking.

By surrounding yourself with people who have achieved similar goals, you can gain motivation, insights, and support, making it easier to reach your own objectives.",life,,,"{""😔 I don't have any friends that share the same goals"":""https://www.reddit.com/r/Advice/comments/10soo20/i_dont_have_any_friends_that_share_the_same_goals/""}","{""🔄 Boost Motivation"":""How can surrounding myself with people who have achieved similar goals enhance my motivation and support?"",""🤝 Connect with Them"":""Can you suggest strategies for engaging with role models and learning from their experiences?"",""🌟 Identify Role Models"":""What are some effective ways to identify individuals who have accomplished what I aim to achieve?"",""🚀 Leveraging Social Proof"":""How can I find and connect with role models who have achieved similar goals to mine?""}","[""Who inspires you most in your goal journey and why?""]",,,relationships,
273,124,The Power of Reciprocity 🌟,Boost Your Motivation,"**Hi _CLIENTNAME_! 🌟**

Use the principle of reciprocity to motivate yourself by helping others achieve their goals. This mutual support can strengthen your relationships and boost your own motivation.

**Here’s how:**

1. **Identify Someone to Support:** Find someone in your life who could use your help.
   - 🌱 **Examples:** A friend who is trying to develop a new habit, a family member working towards a personal goal, or a colleague aiming to improve a skill.

2. **Offer Your Help:** Provide support, advice, or encouragement to help them reach their goals.
   - 🌟 **Examples:** Share resources, offer to be an accountability partner, or simply provide a listening ear.

By helping others, you not only foster a sense of community and support but also motivate yourself to continue working towards your own goals.",life,,,"{""🎯 Having a goal setting night with a friend, looking for tips!"":""https://www.reddit.com/r/selfimprovement/comments/31wb96/having_a_goal_setting_night_with_a_friend_looking/""}","{""🌱 Support Network"":""How can building a support network through helping others enhance my own journey towards personal goals?"",""🌟 Mutual Motivation"":""What are some effective ways to offer help and support to others while also boosting my own motivation?"",""🤝 Reciprocity in Action"":""How can I identify someone in my life to support and help them achieve their goals?"",""🗣️ Encouragement Exchange"":""Can you share examples of how providing encouragement and resources to others can also benefit me?""}","[""Who can you help to inspire your own motivation?""]",,,relationships,
274,125,Understanding Group Dynamics 🌟,How to Boost Motivation,"**Hi _CLIENTNAME_! 🌟**

Understand how group dynamics influence your motivation. Joining a support group or community with similar goals can provide encouragement and accountability.

**Here’s how:**

1. **Identify a Relevant Group:** Find a support group or community that aligns with your goals.
   - 📌 **Examples:** Consider joining the Clear30 support group or other online forums and local meetup groups focused on health, wellness, or specific interests.

2. **Participate Actively:** Engage with the group, share your experiences, and learn from others.
   - 💬 **Examples:** Attend meetings, join discussions, and offer support to fellow members.

By joining a group with similar goals, you can benefit from the collective motivation and support, enhancing your own commitment and progress.",life,,,"{""🌿 Don't throw your weed friends away"":""https://www.reddit.com/r/leaves/comments/xbh3pw/dont_throw_your_weed_friends_away/""}","{""📌 Find Your Tribe"":""What are some tips for finding the right support group for my specific goals?"",""💬 Active Participation"":""How can I actively engage in a group to maximize its benefits?"",""🤝 Collective Motivation"":""How does being part of a community with similar goals influence individual success?"",""🌟 Group Dynamics Insight"":""How can joining a support group enhance my motivation to achieve my goals?""}","[""How do group dynamics influence your personal motivation?""]",,,relationships,
275,126,Understanding Cognitive Dissonance 🤔,Unveil Your Inner Conflicts,"**Hi _CLIENTNAME_! 🌟**

Cognitive dissonance is the uncomfortable feeling you get when you hold two contradictory beliefs or actions. It’s not the act of resolving these contradictions but the discomfort of noticing them.

**Here’s how:**

1. **Recognize the Feeling:** Understand that cognitive dissonance is a natural response to conflicting beliefs or actions.
   - **Example:** Feeling conflicted if you value honesty but find yourself telling a lie.

2. **Identify Discrepancies:** Reflect on areas where your actions do not align with your values.
   - **Examples:** If you value health but frequently skip workouts or eat unhealthy foods, identify this as a discrepancy.

3. **Resolve the Dissonance:** Make changes to align your actions with your values.
   - **Examples:** Commit to a regular workout routine or adjust your diet to healthier choices.

Experiencing cognitive dissonance is not a character flaw; it's a natural feeling when you notice contradictions in your beliefs or actions. Resolving this dissonance takes practice and humility, and involves making conscious changes to better align with your core values.",life,,,"{""🧠 YSK what cognitive dissonance actually means"":""https://www.reddit.com/r/YouShouldKnow/comments/16lm01e/ysk_what_cognitive_dissonance_actually_means/""}","{""🧠 Recognize the Feeling"":""How can I become more aware of the discomfort that comes from cognitive dissonance?"",""🔍 Identify Discrepancies"":""Can you help me identify areas where my actions do not align with my values?"",""🌟 Resolve Inner Conflicts"":""What steps can I take to better align my actions with my core values?"",""🤔 Understanding Cognitive Dissonance"":""How can I recognize and address cognitive dissonance in my daily life?""}","[""When do you feel most conflicted about your values?""]",,,relationships,
276,127,Using Social Comparison Theory 🌟,Draw Motivation from Others,"**Hi _CLIENTNAME_! 🌟**

Use social comparison positively by comparing yourself to those who inspire you. Reflect on how their achievements can motivate you.

**Here’s how:**

1. **Identify Role Models:** Find individuals whose achievements inspire you.
   - 🌟 **Examples:** Successful colleagues, public figures, or community leaders.

2. **Reflect on Achievements:** Consider how their successes can guide your goals.
   - 🌟 **Example:** Think about the steps they took and how you can apply similar strategies.

**Benefits and Cautions:**

- **Benefits:**
  - 🚀 **Motivation:** Upward comparison can push you to achieve more.
  - 🎯 **Direction:** Provides a clear target to aim for.

- **Cautions:**
  - ⚠️ **Incomplete Picture:** You might not know their full story.
  - 🌱 **Neglecting Strengths:** Don’t lose sight of your own abilities.
  - 😟 **Jealousy:** Can lead to negative feelings if not managed properly.

By positively comparing yourself to those who inspire you and being mindful of potential pitfalls, you can draw motivation from their achievements and use it to fuel your own progress.",life,,,"{""🔥 The Pros and Cons of Comparing Ourselves to Others"":""https://www.reddit.com/r/selfimprovement/comments/ljnu5c/the_pros_and_cons_of_comparing_ourselves_to_others/""}","{""🎯 Clear Targets"":""How can setting specific goals based on others' achievements help me in my own progress?"",""⚠️ Mindful Comparisons"":""What should I be cautious about when comparing myself to others to avoid negative feelings?"",""🌟 Inspiring Role Models"":""Who are some role models I can look up to for motivation in my cannabis moderation journey?"",""🚀 Motivation From Achievements"":""How can I use the successes of others to guide and motivate my personal goals?""}","[""Who inspires you and why do they motivate you?""]",,,relationships,
277,128,Random Acts of Kindness 😊,Boost Your Mood Instantly,"**Hi _CLIENTNAME_! 🌟**

Improve your mood and well-being by performing random acts of kindness.

**Here’s how:**

1. **Plan One Small Act Daily:** Choose a simple act of kindness to perform each day.
   - **🌸 Examples:** Compliment a stranger, help a friend, or send an encouraging message.

2. **Reflect on the Impact:** Notice how these acts make you feel and how they affect your motivation for moderation.

By incorporating random acts of kindness into your daily routine, you can enhance your mood, boost your well-being, and find additional motivation for your moderation goals.",life,LO-Use-State,I want to stop entirely,"{""🤗 What's the best random act of kindness you've ever witnessed?"":""https://www.reddit.com/r/CasualConversation/comments/111qilx/whats_the_best_random_act_of_kindness_youve_ever/""}","{""🌸 Plan Daily Kind Acts"":""Can you help me plan a daily act of kindness to improve my mood?"",""✨ Reflect on Kindness Impact"":""How can reflecting on my acts of kindness affect my motivation for staying weed-free?"",""💬 Encourage Through Kindness"":""How can sending encouraging messages to others improve my own well-being?"",""😊 Mood Boost Through Kindness"":""What are some small acts of kindness I can incorporate into my daily routine?""}","[""How do random acts of kindness make you feel?""]",,,relationships,
278,128,Random Acts of Kindness 😊,Boost Your Mood Instantly,"**Hi _CLIENTNAME_! 🌟**

Improve your mood and well-being by performing random acts of kindness.

**Here’s how:**

1. **Plan One Small Act Daily:** Choose a simple act of kindness to perform each day.
   - **🌸 Examples:** Compliment a stranger, help a friend, or send an encouraging message.

2. **Reflect on the Impact:** Notice how these acts make you feel and how they affect your motivation for moderation.

By incorporating random acts of kindness into your daily routine, you can enhance your mood, boost your well-being, and find additional motivation for your moderation goals.",life,LO-Use-State,I want to moderate my use,"{""🤗 What's the best random act of kindness you've ever witnessed?"":""https://www.reddit.com/r/CasualConversation/comments/111qilx/whats_the_best_random_act_of_kindness_youve_ever/""}","{""🌸 Plan Daily Kind Acts"":""Can you help me plan a daily act of kindness to improve my mood?"",""✨ Reflect on Kindness Impact"":""How can reflecting on my acts of kindness affect my motivation for moderation?"",""💬 Encourage Through Kindness"":""How can sending encouraging messages to others improve my own well-being?"",""😊 Mood Boost Through Kindness"":""What are some small acts of kindness I can incorporate into my daily routine?""}","[""How do random acts of kindness make you feel?""]",,,relationships,
279,129,Discover New Hobbies 🌟,Exciting Ideas to Try,"**Hi _CLIENTNAME_! 🌟**

Today, think about activities that have always intrigued you. Make a list of hobbies you’ve been curious about but haven’t tried yet.

**Here’s how:**

1. **Reflect on Your Interests:** Consider what activities have piqued your curiosity.
   - 🎨 **Examples:** Cooking, painting, hiking, photography, or learning a new language.

2. **Make a List:** Write down at least three new hobbies you’d like to explore.
   - 🎸 **Example:** ""1. Learn to play the guitar, 2. Try pottery classes, 3. Start a garden.""

By exploring new hobbies, you can discover new passions, boost your creativity, and enhance your overall well-being.",life,,,"{""🎨 How do I find a hobby/passion if I have no idea?"":""https://www.reddit.com/r/DecidingToBeBetter/comments/12xynxl/how_do_i_find_a_hobbypassion_if_i_have_no_idea/""}","{""🌿 Boost Creativity"":""How do you think exploring new hobbies could enhance your well-being?"",""📝 Make a Hobby List"":""Can you list three hobbies that you’ve always wanted to try?"",""🎨 Discover New Hobbies"":""What new hobbies have piqued your curiosity recently?"",""🔍 Reflect on Interests"":""What interests have you been curious about but haven’t yet explored?""}","[""How do you feel when you think about trying these new hobbies?"",""What excites you the most about them?""]",,,exploration,
280,130,Exploring New Hobbies 🌟,Make It a Routine,"**Hi _CLIENTNAME_! 🌟**

Schedule specific times during the week to explore your new hobby. Consistency is key to making it a part of your routine.

**Here’s how:**

1. **Set a Schedule:** Dedicate time each day to your new hobby.
   - ⏰ **Examples:** Choose a consistent time, like 30 minutes each evening after dinner or in the morning before work.

2. **No Zero Days:** Embrace the concept of ""non-zero days."" Even a small effort counts.
   - 🏋️ **Example:** If you only have time for one push-up or five minutes of practice, it’s still a non-zero day. Aim to build a streak and maintain momentum.

⭐️ Set aside 30 minutes each day this week to focus on your new hobby. Remember, even a small effort each day can help you build consistency and momentum.",life,,,"{""🔥 Discussion: How do you guys commit and stay motivated?"":""https://www.reddit.com/r/GetMotivated/comments/7yfmc2/discussion_how_do_you_guys_commit_and/""}","{""📅 Non-Zero Days"":""What strategies can I use to ensure I have no zero days in pursuing my new hobby?"",""💪 Build Momentum"":""How can small daily efforts help in making my new hobby a routine?"",""🕰️ Set a Schedule"":""How can I consistently dedicate time each day to my new hobby?"",""⏳ Evening or Morning Routine"":""Should I explore my new hobby in the evening or morning? What works best for you?""}","[""How did dedicating time to your new hobby impact your day? Did you notice any changes in your mood or stress levels?""]",,,exploration,
281,131,Finding Resources for Your New Hobby 📚,Learn and Grow Quickly,"**Hi _CLIENTNAME_! 🌟**

Explore resources that can help you learn more about your new hobby. This could include online tutorials, local classes, or books.

**Here’s how:**

1. **Look Online:** Search for tutorials or videos related to your hobby.
   - 🌐 **Examples:** Websites like YouTube, Skillshare, or Coursera often have comprehensive guides and tutorials.

2. **Check Local Classes:** See if there are any local classes or workshops you can join.
   - 🏫 **Examples:** Community centers, libraries, or local colleges often offer classes.

3. **Read Books:** Find books or e-books on your hobby.
   - 📚 **Examples:** Look for beginner guides or how-to books at your local library or online bookstores.

⭐️ Find at least one resource to help you learn more about your new hobby.

By exploring these resources, you can deepen your knowledge and enhance your skills in your new hobby.",life,,,"{""🎨 What is a skill or a hobby you want to start?"":""https://www.reddit.com/r/AskReddit/comments/2lkfhg/what_is_a_skill_or_a_hobby_you_want_to_start/""}","{""📚 Resource Hunt"":""What are the best online tutorials I can find for my new hobby?"",""🏫 Local Learning"":""How can I discover local classes or workshops related to my new hobby?"",""🌐 Online Exploration"":""What are some reliable websites where I can learn more about my new hobby?"",""📖 Hobby Reading List"":""Can you suggest some books or e-books to help me get started with my new hobby?""}","[""What resources did you find, and how do you plan to use them? How will they help you improve your skills?""]",,,exploration,
282,132,Master Your Hobby 🎨,Stay Consistent,"**Hi _CLIENTNAME_! 🌟**

Practice your new hobby today. Even a small amount of practice can lead to improvement over time.

**Here’s how:**

1. **🕒 Dedicate Time:** Set aside 30 minutes to focus on your new hobby.
   - **Example:** Whether it’s playing an instrument, painting, or writing, consistent practice helps you improve.

2. **🔄 Make it a Habit:** Incorporate this practice into your daily routine.
   - **Example:** Treat this time as a non-negotiable part of your day, similar to brushing your teeth or eating meals.

⭐️ Spend 30 minutes practicing your new hobby today.

By dedicating regular time to your hobby, you'll steadily improve and find more enjoyment in the activity.",life,,,"{""🎨 LPT Request: Activities/hobbies that can make you smarter"":""https://www.reddit.com/r/LifeProTips/comments/13d42cr/lpt_request_activitieshobbies_that_can_make_you/""}","{""🕒 Dedicate Time"":""How can I carve out 30 minutes each day for my hobby?"",""🔄 Make it a Habit"":""What strategies can I use to make my hobby practice a non-negotiable part of my daily routine?"",""⭐️ Hobby Time Tips"":""What are some tips to ensure I stay motivated and consistent with my new hobby?"",""🎨 Consistent Practice Benefits"":""How does consistent daily practice enhance my skills and enjoyment in my hobby?""}","[""How did your practice session go? What did you learn, and how did it make you feel?""]",,,exploration,
283,133,Stepping Out of Your Comfort Zone 🌟,Try Something New,"**Hi _CLIENTNAME_! 🌟**

This week, we’ll focus on stepping out of your comfort zone. Trying new things can lead to personal growth and exciting new experiences. 🌟

**Here’s how:**

1. **Identify a Challenge:** Choose something that pushes your boundaries.
   - 🎭 **Examples:** Audition for a play, join a public speaking group, or try a new sport.

2. **Embrace the Experience:** Approach it with an open mind and a positive attitude.
   - 🌱 **Example:** View it as an opportunity to learn and grow, even if it feels intimidating.

⭐️ Challenge yourself to try something new that pushes your boundaries today.

By stepping out of your comfort zone, you can discover new passions, build confidence, and experience personal growth.",life,,,"{""💪 Forcing yourself out of your comfort zone"":""https://www.reddit.com/r/howtonotgiveafuck/comments/8ycnr0/forcing_yourself_out_of_your_comfort_zone/""}","{""⭐️ Personal Growth"":""Reflect on a time when stepping out of your comfort zone led to personal growth. What did you learn?"",""🎭 Try Something New"":""What is one challenge you can take on this week to step out of your comfort zone?"",""🔍 Discover Passions"":""How can trying new activities help you discover new interests and passions?"",""🌱 Embrace the Experience"":""How can you approach new experiences with a positive mindset?""}","[""What’s one activity you’ve always wanted to try but felt hesitant about? Why does it excite you?""]",,,exploration,
284,134,Embrace New Experiences 🌟,Discover Growth in Anxiety,"**Hi _CLIENTNAME_! 🌟**

Understand that feeling anxious about new experiences is normal. Try to see your anxiety as a sign of growth and excitement rather than fear. Remember, stepping out of your comfort zone often leads to the most rewarding experiences.

**Here’s how:**

1. **🌟 Reframe Your Anxiety:** View your anxiety as excitement and a signal that you're growing.
   - **💡 Example:** When you feel nervous about trying something new, remind yourself that this feeling often precedes personal growth and exciting opportunities.

2. **🌍 Embrace the Unknown:** Use this mindset to tackle new challenges with a positive attitude.
   - **🔍 Example:** Approach new experiences with curiosity and openness, recognizing that they can lead to personal development.

⭐️ Reframe your anxiety as excitement and a sign of growth.

By viewing your anxiety as a positive sign, you can embrace new experiences with confidence and make the most of the opportunities for personal growth and rewarding experiences.",life,,,"{""🤔 How to reframe anxious thoughts if I don’t believe in myself?"":""https://www.reddit.com/r/Healthygamergg/comments/ry5cct/how_to_reframe_anxious_thoughts_if_i_dont_believe/""}","{""💡 Anxiety as Excitement"":""Can you help me reframe my nervousness about new experiences into excitement?"",""🔍 Embrace New Challenges"":""What strategies can I use to tackle new experiences with a positive attitude?"",""🌍 Curiosity in the Unknown"":""How can I approach new situations with curiosity and openness to foster personal development?"",""🌟 Reframe Anxiety as Growth"":""How can I shift my mindset to view anxiety as a sign of growth?""}","[""How does rethinking your anxiety as excitement change your perspective on trying new things?""]",,,exploration,
285,135,Embrace New Experiences 🌟,Push Your Boundaries,"**Hi _CLIENTNAME_! 🌟**

Think about activities or experiences that intimidate you but also excite you. These are often the ones that lead to the most growth and fulfillment.

**Here’s how:**

1. **Identify Exciting Yet Intimidating Activities:** Reflect on things you’ve wanted to try but felt hesitant about.
   - 🎤 **Examples:** Activities like public speaking, learning a new instrument, or traveling solo.

2. **Make a List:** Write down these activities to set clear goals.
   - 📝 **Example:** ""1. Try rock climbing, 2. Join a dance class, 3. Start a blog.""

⭐️ Write down three activities that intimidate but excite you.

By acknowledging and listing these activities, you can take the first step toward overcoming hesitation and embracing exciting new experiences.",life,,,"{""😌 How to let go of fear"":""https://www.reddit.com/r/awakened/comments/116jjss/how_to_let_go_of_fear/""}","{""✍️ Make a List"":""Can you write down three activities that you've wanted to try but felt hesitant about?"",""🎤 Try New Things"":""How does the thought of trying something like public speaking or traveling solo make you feel?"",""🌟 Push Boundaries"":""What activities intimidate you but also excite you? How can you start pursuing them?"",""🚀 Embrace Excitement"":""How can stepping out of your comfort zone help you grow and find fulfillment?""}","[""What are the three activities you listed, and why do they both intimidate and excite you?""]",,,exploration,
286,136,Embracing Change 🌟,Discover New Joys,"**Hi _CLIENTNAME_! 🌟**

Recognize that changing your routine can help you break free from monotony and discover new joys. Embrace the uncertainty and see it as an adventure.

**Here’s how:**

1. **🌟 Acknowledge the Benefits:** Understand that new experiences can bring unexpected joys and growth.
   - **🆕 Example:** Changing your routine can introduce you to new hobbies, friends, and opportunities.

2. **🔮 Embrace the Uncertainty:** View the changes as an exciting adventure rather than a disruption.
   - **🔍 Example:** Approach each new experience with curiosity and a positive mindset.

⭐️ Embrace change and view it as an exciting adventure.

By seeing change as an opportunity for adventure, you can break free from monotony and discover new aspects of yourself and the world around you.",life,,,"{""🌍 I want to learn how to live a life of adventure"":""https://www.reddit.com/r/IWantToLearn/comments/1p4tmj/i_want_to_learn_how_to_live_a_life_of_adventure/""}","{""🔄 Embrace Change"":""How can I incorporate new experiences into my routine to break free from monotony?"",""🆕 New Opportunities"":""How do new routines help in discovering new hobbies and making new friends?"",""🌟 Discover New Joys"":""What are some unexpected benefits you’ve found from changing your daily routine?"",""🔮 Adventure Mindset"":""How can I view changes in my life as an exciting adventure?""}","[""How does viewing change as an adventure alter your perspective on trying new things?""]",,,exploration,
287,137,Reflecting on Growth 🌟,Discover Your New Strengths,"**Hi _CLIENTNAME_!**

Reflect on how stepping out of your comfort zone and changing your routine has impacted you. What new strengths or interests have you discovered?

**Here’s how:**

1. **Identify New Strengths:** Consider skills or qualities you’ve gained.
   - 🎤 **Examples:** Confidence in public speaking, creativity, or resilience.

2. **Recognize New Interests:** Think about new activities you’ve enjoyed.
   - 🎨 **Examples:** Painting, hiking, or learning a new language.

⭐️ Understand your growth by recognizing new strengths and interests.

By reflecting on these changes, you can appreciate how stepping out of your comfort zone has enriched your life and contributed to personal growth.",life,,,"{""🚀 Serious: How did you get out of your comfort zone?"":""https://www.reddit.com/r/AskReddit/comments/awe39q/serious_how_did_you_get_out_of_your_comfort_zone/""}","{""🔍 Identify Skills"":""Can you list some new skills or qualities you’ve gained recently?"",""🌱 Reflect on Growth"":""What new strengths have you discovered by stepping out of your comfort zone?"",""🎨 Explore New Interests"":""What new activities have you found enjoyable and fulfilling?"",""🧗‍♂️ Comfort Zone Impact"":""How has changing your routine affected your personal growth?""}","[""What strengths or interests have you discovered through your recent explorations?""]",,,exploration,
288,138,Celebrating Growth 🌟,"Positive Changes, New You","**Hi _CLIENTNAME_! 🌟**

List the positive changes you've noticed in yourself. This could include increased confidence, new skills, or simply more joy in your daily life.

**Here’s how:**

1. **Identify Positive Changes:** Reflect on the improvements you’ve experienced.
   - 🌟 **Examples:** Increased confidence, new skills, or greater joy in daily activities.

2. **Celebrate Your Growth:** Acknowledge and appreciate these positive changes.
   - 🎉 **Example:** Take a moment to feel proud of your progress and the efforts you’ve made.

⭐️ Identify and celebrate the positive changes you've experienced.

By recognizing and celebrating these positive changes, you can reinforce your progress and stay motivated on your journey.",life,,,"{""🏆 How do you celebrate your achievements and milestones?"":""https://www.reddit.com/r/AskReddit/comments/18agtf9/how_do_you_celebrate_your_achievements_and/""}","{""🎉 Celebrate Your Growth"":""How do you celebrate and appreciate your personal growth?"",""📝 Reflect on Improvements"":""Can you list and reflect on the new skills or qualities you've developed?"",""🌟 Recognize Positive Changes"":""What positive changes have you noticed in yourself recently?"",""🚀 Motivation Through Recognition"":""How does acknowledging your progress help you stay motivated?""}","[""What positive changes have you noticed in yourself this month? How do they make you feel?""]",,,exploration,
289,139,Journey 🌟,Keep Growing and Evolving,"**Hi _CLIENTNAME_! 🌟**

Think about how you can continue integrating these new activities or mindsets into your life. Set intentions to keep exploring and growing.

**Here’s how:**

1. **Plan for Integration:** Identify ways to regularly include these new activities or mindsets in your routine.
   - 🗓️ **Examples:** Schedule time each week for a new hobby, practice mindfulness daily, or set goals for continued learning.

2. **Set Intentions:** Create specific plans to keep exploring and growing.
   - 🎨 **Example:** ""I will dedicate 30 minutes every evening to painting,"" or ""I will attend a monthly workshop on public speaking.""

⭐️ Plan to continue your journey of exploration and growth.

By setting clear intentions, you can ensure that these positive changes become lasting parts of your life, leading to ongoing personal growth and fulfillment.",life,,,"{""💪 Serious: How do you keep going even when it doesn't seem worth it?"":""https://www.reddit.com/r/AskReddit/comments/r7m9mm/serious_how_do_you_keep_going_even_when_it_doesnt/""}","{""🎨 Set Clear Intentions"":""What specific plans can I make to keep exploring and growing?"",""🧠 Mindfulness Practices"":""What daily mindfulness practices can help me stay focused on my growth journey?"",""🗓️ Plan for Integration"":""How can I regularly include new activities or mindsets into my routine?"",""🌟 Continued Learning Goals"":""How can I set goals for continued learning and personal development?""}","[""How can you integrate the new activities or mindsets you've discovered into your daily routine?""]",,,exploration,
290,140,Exploring Flow State 🌊,Find Your Natural High,"**Hi _CLIENTNAME_! 🌟**

Explore Mihaly Csikszentmihalyi's concept of flow and how engaging in activities that create flow can replace cannabis use.

**Here’s how:**

1. **Understand Flow:** Flow is a state of deep immersion where you lose track of time and feel completely engaged in an activity.
   - 🎨 **Examples:** Activities like painting, playing an instrument, or engaging in sports can induce flow.

2. **Identify Flow Activities:** Find activities that naturally draw you in and make you lose track of time.
   - 🕺 **Examples:** Writing, dancing, cooking, or any hobby that you are passionate about.

3. **Replace Cannabis Use:** Engage in these flow-inducing activities to fill the time and mental space previously occupied by cannabis use.
   - 🌟 **Example:** Instead of reaching for cannabis, immerse yourself in a hobby that captivates you.

By integrating flow activities into your routine, you can experience natural highs and deep satisfaction, reducing the need for cannabis.",life,,,"{""🌊 I'm a psychologist specialized in flow states, the optimal state of consciousness where you feel your best and perform your best. AMA"":""https://www.reddit.com/r/selfimprovement/comments/r78p2c/im_a_psychologist_specialized_in_flow_states_the/""}","{""🎨 Understand Flow"":""What are some examples of flow-inducing activities I can try?"",""🌊 Exploring Flow State"":""How can I identify activities that naturally draw me into a flow state?"",""🌟 Replace Cannabis Use"":""How can I integrate flow activities into my routine to reduce my cannabis use?"",""🕺 Find Passionate Hobbies"":""Can you suggest hobbies that might help me achieve a flow state?""}","[""What activity makes you lose track of time?""]",,,exploration,
291,141,Discovering Purpose 🧭,Uncover Deeper Meaning in Your Goals,"**Hi _CLIENTNAME_! 🌟**

Ever wondered why some goals feel more fulfilling than others? It’s because they carry deeper meaning. Let's dive into how you can find purpose in your goals and make them truly impactful.

**Here’s how:**

1. **Identify Meaningful Goals:** Reflect on why your goals matter to you and how they contribute to your overall sense of purpose.
   - 🌱 **Examples:** Personal growth, helping others, or achieving long-term dreams.

2. **Engage in Meaning-Making Activities:** Participate in activities that help you uncover the deeper meaning behind your goals.
   - ✍️ **Examples:** Volunteering, journaling about your experiences, or discussing your goals with a mentor or friend.

3. **Reflect on Contributions:** Think about how achieving your goals will impact your life and the lives of others.
   - 🌟 **Example:** Consider how personal development goals can lead to greater self-fulfillment and positively influence those around you.

By engaging in meaning-making activities and reflecting on the deeper purpose of your goals, you can enhance your motivation and find greater satisfaction in your pursuits.",life,,,"{""🧠 How do you guys create your meaning?"":""https://www.reddit.com/r/Existentialism/comments/s8sv0k/how_do_you_guys_create_your_meaning/""}","{""🌟 Meaningful Goals"":""How do I identify goals that truly matter to me and contribute to my sense of purpose?"",""🧭 Discovering Purpose"":""How can I uncover the deeper meaning behind my personal goals?"",""🌱 Engage in Meaning-Making"":""What activities can help me understand the purpose behind my goals?"",""✍️ Reflect on Contributions"":""In what ways can achieving my goals impact my life and others?""}","[""What makes a goal deeply meaningful to you?""]",,,exploration,
292,142,Using Existential Anxiety 🌟,Flipping the script,"**Hi _CLIENTNAME_! 🌟**

Feeling a bit of existential anxiety? It’s a powerful motivator for change. Let’s use that energy to identify areas in your life where you feel unfulfilled and set meaningful goals to transform them.

**Here’s how:**

1. **Acknowledge Your Anxiety**: Recognize the areas of your life that cause you existential anxiety.
   - 🏢 **Examples**: Feeling stuck in a job you don’t love, longing for more meaningful relationships, or wanting to pursue a passion you’ve neglected.

2. **Identify Unfulfilled Areas**: Reflect on the aspects of your life that feel lacking or unsatisfying.
   - 💭 **Examples**: Career, personal growth, relationships, or hobbies.

3. **Set Related Goals**: Use your anxiety as a catalyst to set specific, actionable goals that address these unfulfilled areas.
   - 🎯 **Examples**: Enroll in a course to change careers, schedule regular meet-ups with friends, or dedicate time each week to a hobby you love.

By using existential anxiety as a motivator, you can transform your feelings of unease into powerful actions that lead to a more fulfilling and meaningful life.",life,,,"{""🧠 How many of you experience existential dread regularly?"":""https://www.reddit.com/r/AskReddit/comments/eests/how_many_of_you_experience_existential/""}","{""🎯 Set Meaningful Goals"":""Can you help me set specific goals to transform my areas of dissatisfaction?"",""🏢 Acknowledge Your Anxiety"":""How can I recognize and understand the sources of my existential anxiety?"",""🌟 Using Existential Anxiety"":""How can I transform my existential anxiety into positive motivation for change?"",""💭 Reflect on Unfulfilled Areas"":""What aspects of my life feel unfulfilled and how can I address them?""}","[""What aspect of your life feels most unfulfilled right now?""]",,,exploration,
293,143,Seeking Peak Experiences 🌟,Ignite Your Goals,"**Hi _CLIENTNAME_! 🌟**

Remember those moments when you felt truly alive and inspired? These are peak experiences, and they can be powerful motivators. Let’s identify and seek out more of these moments to inspire your goals.

**Here’s how:**

1. **Identify Past Peak Experiences:** Reflect on a time when you felt exceptionally inspired or fulfilled.
   - 🌍 **Examples:** A memorable trip, a significant personal achievement, or a deep, meaningful conversation.

2. **Reflect on Their Influence:** Think about how these experiences have shaped your goals and aspirations.
   - 🌱 **Examples:** Did a hiking trip inspire your love for nature? Did a volunteer project ignite your passion for helping others?

3. **Seek New Peak Experiences:** Actively look for opportunities to create new peak experiences that align with your goals.
   - 🚀 **Examples:** Plan an adventure that challenges you, take up a new hobby that excites you, or engage in activities that push your boundaries.

By identifying and seeking out peak experiences, you can find inspiration and motivation to set and achieve meaningful goals.",life,,,"{""🌟 Most Important Life Experiences"":""https://www.reddit.com/r/slatestarcodex/comments/uyojqm/most_important_life_experiences/""}","{""🔥 Ignite Your Goals"":""How can seeking out new peak experiences help you stay motivated on your journey to achieve your goals?"",""🚀 Seek New Adventures"":""Can you identify new activities or hobbies that could create peak experiences aligned with your aspirations?"",""🌍 Reflect on Peak Moments"":""What past experiences have made you feel truly alive and how can they shape your current goals?"",""🌱 Influence of Experiences"":""How have your past peak experiences influenced your personal goals and aspirations?""}","[""What peak experience shaped your current goals the most?""]",,,exploration,
294,144,Challenging Mental Models 🌟,Rethink for Healthier Habits,"**Hi _CLIENTNAME_! 🌟**

Identify and challenge mental models that influence your behavior and decision-making. Let’s explore how rethinking these models can lead to healthier habits.

**Here’s how:**

1. **Identify Mental Models:** Reflect on the beliefs you hold about cannabis use.
   - 🌿 **Examples:** ""I need cannabis to relax,"" or ""Cannabis helps me manage stress.""

2. **Challenge These Models:** Gather new information or try alternative techniques to see if these beliefs hold true.
   - 📚 **Examples:** Research the effects of cannabis on relaxation and stress, or experiment with other relaxation methods like meditation, exercise, or deep breathing.

3. **Create Healthier Models:** Write down new, healthier mental models based on your findings.
   - 📝 **Examples:** ""I can relax through meditation,"" or ""Exercise helps me manage stress better than cannabis.""

By identifying and challenging your mental models, you can adopt healthier beliefs and practices that support your well-being.",life,,,"{""🧠 What mental models do you find to be most helpful?"":""https://www.reddit.com/r/slatestarcodex/comments/83phqz/what_mental_models_do_you_find_to_be_most_helpful/""}","{""🌿 Identify Mental Models"":""What beliefs about cannabis use might be influencing your behavior?"",""📚 Challenge Your Beliefs"":""How can you gather new information or try alternative techniques to test your beliefs about cannabis?"",""📝 Create Healthier Models"":""Can you write down new, healthier mental models based on your findings?"",""🔄 Rethink for Healthier Habits"":""How can rethinking your mental models lead to better habits for your well-being?""}","[""What belief about cannabis do you rely on most?""]",,,exploration,
295,145,Developing a Resilient Mindset 🌟,Handle Setbacks with Grace,"**Hi _CLIENTNAME_! 🌟**

This week, we’ll focus on developing a resilient mindset. Building resilience helps you handle challenges and setbacks with strength and grace. 💪

**Here’s how:**

1. **Embrace Challenges:** View setbacks as opportunities to grow and learn.
   - **Example:** When faced with a difficult situation, ask yourself what you can learn from it and how it can help you grow stronger.

2. **Stay Positive:** Maintain a positive outlook even during tough times.
   - **Example:** Practice gratitude and focus on the positive aspects of your life, no matter how small they may seem.

3. **Build Support Systems:** Surround yourself with supportive people who encourage and uplift you.
   - **Example:** Reach out to friends, family, or support groups when you need a boost or advice.

⭐️ Develop a resilient mindset to handle setbacks with confidence and perseverance.

By building resilience, you can navigate life's challenges with greater strength and maintain a positive outlook, no matter what comes your way.",life,,,"{""🧠 IWLT: How to be mentally resilient?"":""https://www.reddit.com/r/IWantToLearn/comments/ntl59e/iwtl_how_to_be_mentally_resilient/""}","{""🌟 Stay Positive"":""How can I maintain a positive outlook during tough times?"",""🌱 Resilient Mindset"":""How can I develop habits that foster resilience in the face of challenges?"",""💪 Embrace Challenges"":""What can I learn from a recent setback to help me grow stronger?"",""👥 Build Support Systems"":""Who are the supportive people in my life that I can reach out to for encouragement?""}","[""Reflect on a recent setback. How can you reframe it as an opportunity for growth?""]",,,resilience,
296,146,Embracing Setbacks 🌟,Turn Challenges into Growth,"**Hi _CLIENTNAME_! 🌟**

View setbacks as opportunities for growth. Understand that every challenge is a chance to learn and become stronger.

**Here’s how:**

1. **🔄 Reframe Challenges:** See setbacks as valuable learning experiences.
   - **📊 Example:** If you didn't reach a fitness goal, analyze your routine and diet to identify areas for improvement. Adjust your plan based on what you learn.

2. **🌟 Stay Positive and Objective:** Focus on actionable insights from each setback.
   - **📝 Example:** If a work project fails, review what went wrong without self-criticism. Determine what can be done differently next time and document these strategies.

3. **🔍 Reflect and Adapt:** Use each setback to reflect on your approach and develop new strategies.
   - **🤝 Example:** After a disagreement with a friend, reflect on the communication breakdown. Learn new conflict resolution skills and practice them in future interactions.

⭐️ Embrace challenges as opportunities to grow stronger and wiser.

By viewing setbacks as opportunities for growth and focusing on specific, actionable insights, you can turn challenges into valuable lessons that enhance your personal and professional development.",life,,,"{""🛤️ LPT Request: How do you get over setbacks and failures?"":""https://www.reddit.com/r/DecidingToBeBetter/comments/vtrjuq/every_setback_or_failure_results_in_me_thinking/""}","{""🌟 Stay Positive"":""What actionable insights can I gain from a setback without self-criticism?"",""📊 Learn and Improve"":""Can you help me analyze a failed goal to identify areas for improvement?"",""🔍 Reflect and Adapt"":""How can I develop new strategies based on a recent challenge I faced?"",""🔄 Reframe Challenges"":""How can I turn a recent setback into a valuable learning experience?""}","[""Think about a past challenge that helped you grow. What did you learn from it?""]",,,resilience,
297,147,Building Resilience 🌟,Lessons from Past Wins,"**Hi _CLIENTNAME_! 🌟**

Reflect on past situations where you’ve overcome difficulties. Write down what helped you succeed and how you can apply those lessons now.

**Here’s how:**

1. **Identify Past Successes:** Think of specific instances where you faced challenges and overcame them.
   - 💼 **Examples:** Completing a tough project at work, resolving a personal conflict, or achieving a difficult personal goal.

2. **Analyze What Worked:** Determine the strategies and actions that contributed to your success.
   - 🛠️ **Examples:** Persistence, seeking support from others, breaking tasks into smaller steps, or maintaining a positive attitude.

3. **Apply Those Lessons:** Use these insights to tackle current challenges.
   - 🌟 **Examples:** If persistence helped you succeed before, remind yourself to stay persistent now. If seeking support was crucial, reach out to friends or mentors for guidance.

⭐️ Use your past successes to build resilience for current challenges.

By reflecting on past successes and applying those lessons, you can strengthen your ability to handle current difficulties with confidence and resilience.",life,,,"{""😊 You'll always overcome your challenges and find happiness 😊"":""https://www.reddit.com/r/wholesomememes/comments/pjpsxt/youll_always_overcome_your_challenges_and_find/""}","{""⭐️ Build Resilience"":""How can reflecting on past achievements boost my confidence and resilience in facing new difficulties?"",""💼 Identify Past Wins"":""How can I reflect on past successes to build resilience for current challenges?"",""🌟 Apply Learned Lessons"":""How can I use insights from past successes to tackle my current obstacles?"",""🛠️ Analyze Success Strategies"":""What strategies have worked for me in overcoming past challenges, and how can I apply them now?""}","[""Recall a time when you overcame a difficult situation. What strategies did you use?""]",,,resilience,
298,148,Building Confidence with Small Goals 🏆,It's all about stacking,"**Hi _CLIENTNAME_! 🌟**

Set small, achievable goals to build your confidence. Success in these areas will strengthen your resilience for larger challenges.

**Here’s how:**

1. **Identify Small Goals:** Choose goals that are easily attainable and relevant to your overall objectives.
   - 📋 **Examples:** Complete a 10-minute daily workout, read one chapter of a book, or organize a small part of your workspace.

2. **Achieve and Reflect:** Accomplish these small goals and reflect on your success.
   - 🎉 **Examples:** After completing your workout, acknowledge your effort and progress. Celebrate finishing a chapter or tidying up your workspace.

3. **Build Momentum:** Use the confidence from these small successes to tackle larger challenges.
   - 🚀 **Examples:** Gradually increase the complexity or duration of your goals, such as extending your workout time or organizing a larger area.

⭐️ Achieve small goals to boost your confidence and resilience.

By consistently achieving small goals, you can build the confidence and resilience needed to face larger challenges with determination and success.",life,,,"{""🔍 How do I build genuine confidence?"":""https://www.reddit.com/r/DecidingToBeBetter/comments/vbbn0j/how_do_i_build_genuine_confidence/""}","{""🚀 Build Momentum"":""How can I use the success from small goals to tackle larger challenges?"",""🎉 Reflect on Success"":""How can I effectively reflect on my achievements to boost my confidence?"",""🏆 Building Confidence"":""What small, achievable goals can I set to build my confidence and resilience?"",""📋 Identify Small Wins"":""Can you suggest some easily attainable goals that align with my overall objectives?""}","[""What small goal can you set for yourself this week? How will achieving it make you feel?""]",,,resilience,
299,149,Positive Affirmations for Resilience 🌟,Reinforcing resilience,"**Hi _CLIENTNAME_! 🌟**

Use positive affirmations to reinforce a resilient mindset. Replace negative thoughts with empowering ones like, ""I can handle this"" or ""I grow stronger with each challenge.""

**Here’s how:**

1. **🔍 Identify Negative Thoughts:** Pay attention to any negative self-talk.
   - **Examples:** Thoughts like ""I can't do this"" or ""This is too hard.""

2. **💪 Create Positive Affirmations:** Replace those negative thoughts with empowering affirmations.
   - **Examples:** ""I can handle this,"" ""I grow stronger with each challenge,"" or ""Every step forward is progress.""

3. **📅 Practice Daily:** Regularly repeat these affirmations in relevant contexts to ensure they are effective and memorable.
   - **Example:** Use affirmations during stressful moments or as part of your daily routine.

4. **👀 Observe Thoughts:** Instead of trying to stop negative thoughts, practice observing them without judgment. This helps you understand and manage them better.
   - **Example:** Notice the thought, acknowledge it, and then let it pass without criticism.

⭐️ Practice positive self-talk to strengthen your resilience.

By consistently using positive affirmations and observing your thoughts without judgment, you can build a resilient mindset that helps you tackle challenges with confidence and strength.",life,,,"{""🌟 Positive self talk isn't cheesy platitudes. Here's why. 🌟"":""https://www.reddit.com/r/Codependency/comments/pf6k99/positive_self_talk_isnt_cheesy_platitudes_heres/""}","{""📅 Practice Daily"":""How can I incorporate positive affirmations into my daily routine?"",""👀 Observe Thoughts"":""How can I learn to observe my negative thoughts without judgment?"",""🔍 Identify Negative Thoughts"":""How can I become more aware of my negative self-talk?"",""💪 Create Positive Affirmations"":""What are some empowering affirmations to replace negative thoughts?""}","[""Write down a negative thought you’ve had recently. How can you reframe it into a positive affirmation?""]",,,resilience,
300,150,Acknowledging Your Strengths 🌟,Daily practices for self-empowerment,"**Hi _CLIENTNAME_! 🌟**

Take time each day to remind yourself of your strengths. Acknowledge your ability to overcome challenges and stay committed to your goals.

**Here’s how:**

1. **Reflect Daily:** Spend a few minutes each day reflecting on your strengths and achievements.
   - 📅 **Examples:** Think about times when you successfully handled difficult situations or achieved important milestones.

2. **Acknowledge Your Strengths:** Recognize and affirm your abilities and resilience.
   - 💪 **Examples:** ""I am capable of overcoming obstacles,"" or ""I have the strength to stay committed to my goals.""

3. **Stay Committed:** Use this practice to reinforce your commitment to your journey and goals.
   - 📓 **Examples:** Keep a journal where you write down your strengths and reflect on them regularly.

⭐️ Acknowledge your strengths and stay committed to your journey.

By taking time each day to recognize your strengths, you can reinforce your resilience and dedication to achieving your goals.",life,,,"{""💪 Is there a healthy way to admit your strengths?"":""https://www.reddit.com/r/aftergifted/comments/10uihyk/is_there_a_healthy_way_to_admit_your_strengths/""}","{""🌟 Reflect Daily"":""How can I incorporate daily reflection on my strengths to boost my self-empowerment?"",""📅 Success Milestones"":""Can you help me identify past achievements that showcase my resilience and capabilities?"",""📓 Journaling Strengths"":""How can keeping a strengths journal help me stay committed to my goals?"",""💪 Acknowledge Strengths"":""What specific strengths can I affirm each day to stay motivated and committed?""}","[""What's one habit you want to change, and why?""]",,,resilience,
301,151,Embracing Change and Persistence 🌟,A Path to Resilience,"**Hi _CLIENTNAME_! 🌟**

Resilience is about persistence and adaptability. Embrace change and stay persistent in your efforts to improve.

**Here’s how:**

1. **Embrace Change:** Accept that change is inevitable and take charge of it.
   - 🌟 **Examples:** Don’t stay in a job you dislike out of fear. Proactively seek opportunities that align with your goals.

2. **Stay Persistent:** Keep pushing forward, even when things get tough.
   - 💪 **Examples:** Use setbacks as learning opportunities and stay committed to your goals.

3. **Adapt and Thrive:** Flexibility is key to building resilience.
   - 🔄 **Examples:** When a plan doesn’t work, adjust it rather than giving up.

⭐️ Embrace change and persist in your efforts to build resilience.

By taking charge of change and remaining persistent, you can develop a resilient mindset that helps you navigate life's challenges with confidence and strength.",life,,,"{""🌿 LPT: Change is inevitable, whether we embrace it or resist it"":""https://www.reddit.com/r/LifeProTips/comments/1448xml/lpt_change_is_inevitable_whether_we_embrace_it_or/""}","{""🌟 Embrace Change"":""How can I proactively embrace changes in my life to build resilience?"",""💪 Stay Persistent"":""What are some strategies to stay persistent when facing setbacks?"",""🔄 Adapt and Thrive"":""How can I become more flexible and adapt when plans don’t work out?"",""⭐️ Resilience Building Tips"":""Can you suggest ways to strengthen my resilience through persistence and adaptability?""}","[""How can you stay adaptable and persistent in the face of challenges?""]",,,resilience,
302,152,Seeking Constructive Feedback 🌟,Gain Valuable Perspectives,"**Hi _CLIENTNAME_! 🌟**

Identify people you trust, such as friends, family, or mentors, and ask for their feedback on your progress. Be open to their insights and suggestions.

**Here’s how:**

1. **Choose Trusted Sources:** Select individuals whose opinions you value and who have your best interests at heart.
   - 👫 **Examples:** Friends who know you well, family members who support you, or mentors who guide you professionally.

2. **Ask for Specific Feedback:** Be clear about the areas where you want feedback.
   - 🗣️ **Examples:** ""Can you give me feedback on my recent project?"" or ""What do you think about my approach to this goal?""

3. **Be Open to Insights:** Listen to their suggestions without defensiveness and consider how you can apply their advice.
   - 🤔 **Examples:** Reflect on their comments and make adjustments where needed.

⭐️ Seek constructive feedback from trusted sources to gain valuable perspectives.

By actively seeking and considering feedback, you can gain new insights, improve your strategies, and continue progressing toward your goals with confidence.",life,,,"{""💬 How can I get unbiased feedback about my social skills?"":""https://www.reddit.com/r/socialskills/comments/8u4nr4/how_can_i_get_unbiased_feedback_about_my_social/""}","{""🌟 Apply Feedback"":""What are some ways you can effectively apply the feedback you receive to improve your approach?"",""🤔 Open to Insights"":""How can you practice being open to feedback without becoming defensive?"",""👫 Trusted Feedback Sources"":""Who are the trusted individuals in your life you can ask for honest feedback?"",""🗣️ Specific Feedback Requests"":""How can you frame your requests for feedback to be clear and specific?""}","[""What specific feedback have you received from your trusted sources? How do you plan to implement their suggestions?""]",,,resilience,
303,153,Implementing Feedback 📈,The source of truth,"**Hi _CLIENTNAME_! 🌟**

Use the feedback you receive to make adjustments to your goals or strategies. Focus on actionable changes that can help you improve.

**Here’s how:**

1. **Review Feedback:** Carefully consider the insights and suggestions you received.
   - 📋 **Examples:** Reflect on specific comments about your approach, skills, or areas for improvement.

2. **Identify Actionable Changes:** Determine what specific adjustments you can make based on the feedback.
   - 🎯 **Examples:** Modify your goal timeline, adopt new strategies, or focus on developing particular skills.

3. **Implement Adjustments:** Put these changes into practice and monitor your progress.
   - 🚀 **Examples:** Set new milestones, try different techniques, or seek additional resources to support your growth.

⭐️ Implement feedback to enhance your progress and refine your strategies.

By using feedback to make targeted improvements, you can enhance your progress and achieve your goals more effectively.",life,,,"{""🌟 Anyone who has changed their life for the better"":""https://www.reddit.com/r/DecidingToBeBetter/comments/18fl0ok/anyone_who_has_changed_their_life_for_the_better/""}","{""📋 Review Feedback"":""Can you help me reflect on and analyze the feedback I've received to identify key insights and areas for improvement?"",""🎯 Identify Changes"":""What specific adjustments can I make based on the feedback to enhance my strategies or skills?"",""🚀 Implement Adjustments"":""How can I effectively put the feedback into practice and track my progress?"",""🛠 Focus on Actionable Steps"":""What steps should I take to ensure that the feedback leads to tangible improvements in my goals?""}","[""What actionable changes can you make based on the feedback you received? How will these changes impact your journey?""]",,,resilience,
304,154,Harnessing Willpower,Strengthen Your Resolve,"**Hi _CLIENTNAME_! 🌟**

Harness Nietzsche's concept of willpower to strengthen your resolve. Remember, it's about gaining power over yourself, not others.

**Here’s how:**

1. **Understand Will to Power:** Recognize that Nietzsche's ""Will to Power"" is about self-overcoming and becoming who you truly are.
   - 🌟 **Example:** Use your inner drive to improve and control your own life.

2. **Identify a Challenge:** Pinpoint a specific situation where you need to assert your willpower.
   - 🎯 **Examples:** Facing a difficult project, breaking a bad habit, or starting a new routine.

3. **Plan Your Approach:** Develop a strategy to assert your willpower and tackle the challenge.
   - 📝 **Examples:** Break the challenge into smaller tasks, set clear goals, and stay positive.

⭐️ Identify a challenging situation and plan how to assert your willpower over it.

By channeling Nietzsche's concept of willpower, you can strengthen your resolve and effectively overcome challenges, leading to personal growth and empowerment.",life,,,"{""🤔 The will to power is one of the most fundamental concepts in Nietzsche's philosophy"":""https://www.reddit.com/r/philosophy/comments/oo0a70/the_will_to_power_is_one_of_the_most_fundamental/""}","{""📝 Plan Approach"":""Can you outline a strategy to tackle a challenge using willpower?"",""🌟 Self-Overcoming"":""How can I use my inner drive to make positive changes in my life?"",""💪 Harness Willpower"":""How can understanding Nietzsche's 'Will to Power' help me improve self-control?"",""🎯 Pinpoint Challenges"":""What specific situation do you need more willpower in, and why?""}","[""What's one challenge where you need to assert willpower?""]",,,resilience,
305,155,Re-authoring Your Story 🌟,Rewrite for Resilience,"**Hi _CLIENTNAME_! 🌟**

Rewrite your personal narrative to highlight strengths and successes in your weed-free journey. Identify a challenging experience related to cannabis use and reframe it as a story of resilience.

**Here’s how:**

1. **🔍 Identify a Challenge:** Think of a difficult experience you’ve faced with cannabis use.
   - **Examples:** A time when you struggled with cravings or faced social pressure to use.

2. **🛠️ Reframe the Experience:** Focus on how you demonstrated resilience and strength during this time.
   - **Examples:** Highlight how you persevered through cravings, used alternative coping strategies, or sought support from friends or the Clear30 community.

3. **✍️ Rewrite Your Narrative:** Craft a new personal story that emphasizes your strengths and successes in your weed-free journey.
   - **Examples:** ""Instead of seeing this period as a struggle, I view it as a time when I learned to manage my cravings and build healthier habits.""

⭐️ Identify a challenging experience related to cannabis use and reframe it as a story of resilience.

By re-authoring your personal narrative, you can transform challenges in your weed-free journey into empowering stories of strength and growth, boosting your confidence and resilience.",life,LO-Use-State,I want to stop entirely,"{""🌟 Change is not hard. Your attachment to your story is. 🌟"":""https://www.reddit.com/r/awakened/comments/lkc2r6/change_is_not_hard_your_attachment_to_your_story/""}","{""⭐️ Empowering Stories"":""How can transforming my challenges into empowering stories boost my confidence and resilience in my cannabis moderation journey?"",""🔍 Challenge to Strength"":""How can I identify a challenging experience with staying weed-free and reframe it to highlight my resilience?"",""✍️ Rewrite Your Narrative"":""What steps can I take to rewrite my personal story in a way that emphasizes my successes in moderation?"",""🛠️ Reframe for Resilience"":""Can you guide me through the process of reframing a difficult moment as a story of strength?""}","[""What's a past struggle you can now see as strength?""]",,,looking_back,
306,155,Re-authoring Your Story 🌟,Rewrite for Resilience,"**Hi _CLIENTNAME_! 🌟**

Rewrite your personal narrative to highlight strengths and successes in your weed-free journey. Identify a challenging experience related to cannabis use and reframe it as a story of resilience.

**Here’s how:**

1. **🔍 Identify a Challenge:** Think of a difficult experience you’ve faced with cannabis use.
   - **Examples:** A time when you struggled with cravings or faced social pressure to use.

2. **🛠️ Reframe the Experience:** Focus on how you demonstrated resilience and strength during this time.
   - **Examples:** Highlight how you persevered through cravings, used alternative coping strategies, or sought support from friends or the Clear30 community.

3. **✍️ Rewrite Your Narrative:** Craft a new personal story that emphasizes your strengths and successes in your weed-free journey.
   - **Examples:** ""Instead of seeing this period as a struggle, I view it as a time when I learned to manage my cravings and build healthier habits.""

⭐️ Identify a challenging experience related to cannabis use and reframe it as a story of resilience.

By re-authoring your personal narrative, you can transform challenges in your weed-free journey into empowering stories of strength and growth, boosting your confidence and resilience.",life,LO-Use-State,I want to moderate my use,"{""🌟 Change is not hard. Your attachment to your story is. 🌟"":""https://www.reddit.com/r/awakened/comments/lkc2r6/change_is_not_hard_your_attachment_to_your_story/""}","{""⭐️ Empowering Stories"":""How can transforming my challenges into empowering stories boost my confidence and resilience in my cannabis moderation journey?"",""🔍 Challenge to Strength"":""How can I identify a challenging experience with cannabis moderation and reframe it to highlight my resilience?"",""✍️ Rewrite Your Narrative"":""What steps can I take to rewrite my personal story in a way that emphasizes my successes in moderation?"",""🛠️ Reframe for Resilience"":""Can you guide me through the process of reframing a difficult moment as a story of strength?""}","[""What's a past struggle you can now see as strength?""]",,,looking_back,
307,156,Externalization 🎯,Overcome Challenges,"**Hi _CLIENTNAME_! 🌟**

Externalize problems by viewing them as separate from your identity. Write about your goal-related challenges as external obstacles to overcome.

**Here’s how:**

1. **Identify Challenges:** Recognize specific challenges you face in your moderation journey.
   - 🍽️ **Examples:** Cravings, social pressure to use cannabis, or moments of stress.

2. **Externalize the Problem:** View these challenges as separate from your identity.
   - 🧠 **Examples:** Instead of saying, ""I am struggling with cravings,"" say, ""Cravings are an obstacle I need to manage.""

3. **Write About Your Obstacles:** Describe your challenges as external issues to tackle.
   - 📜 **Examples:** ""Cravings are a hurdle I can overcome with my coping strategies,"" or ""Social pressure is a challenge I can navigate by planning ahead.""

⭐️ Write about your goal-related challenges as external obstacles to overcome.

By externalizing problems, you can view them more objectively and create strategies to manage them without internalizing them as part of your identity. This approach helps you focus on solutions and maintain a positive mindset in your moderation journey.",life,LO-Use-State,I want to moderate my use,"{""🧠 What does internalization and externalization mean in psychology?"":""https://www.reddit.com/r/askpsychology/comments/5viy4b/what_does_internalization_and_externalization/""}","{""📜 Write About Obstacles"":""Can you guide me on how to write about my challenges as external issues?"",""🎯 Externalize Challenges"":""How can I view my cannabis moderation challenges as external obstacles to overcome?"",""🍽️ Challenge Identification"":""What specific challenges do I face in my cannabis moderation journey, and how can I externalize them?"",""🧠 Separate Identity from Issues"":""What are some techniques for seeing my challenges as separate from my identity?""}","[""What external obstacles are hindering your progress right now?""]",,,looking_back,
308,156,Externalization 🎯,Overcome Challenges,"**Hi _CLIENTNAME_! 🌟**

Externalize problems by viewing them as separate from your identity. Write about your goal-related challenges as external obstacles to overcome.

**Here’s how:**

1. **Identify Challenges:** Recognize specific challenges you face in your moderation journey.
   - 🍽️ **Examples:** Cravings, social pressure to use cannabis, or moments of stress.

2. **Externalize the Problem:** View these challenges as separate from your identity.
   - 🧠 **Examples:** Instead of saying, ""I am struggling with cravings,"" say, ""Cravings are an obstacle I need to manage.""

3. **Write About Your Obstacles:** Describe your challenges as external issues to tackle.
   - 📜 **Examples:** ""Cravings are a hurdle I can overcome with my coping strategies,"" or ""Social pressure is a challenge I can navigate by planning ahead.""

⭐️ Write about your goal-related challenges as external obstacles to overcome.

By externalizing problems, you can view them more objectively and create strategies to manage them without internalizing them as part of your identity. This approach helps you focus on solutions and maintain a positive mindset in your moderation journey.",life,LO-Use-State,I want to stop entirely,"{""🧠 What does internalization and externalization mean in psychology?"":""https://www.reddit.com/r/askpsychology/comments/5viy4b/what_does_internalization_and_externalization/""}","{""📜 Write About Obstacles"":""Can you guide me on how to write about my challenges as external issues?"",""🎯 Externalize Challenges"":""How can I view my challenges being weed-free as external obstacles to overcome?"",""🍽️ Challenge Identification"":""What specific challenges do I face in my cannabis moderation journey, and how can I externalize them?"",""🧠 Separate Identity from Issues"":""What are some techniques for seeing my challenges as separate from my identity?""}","[""What external obstacles are hindering your progress right now?""]",,,looking_back,
309,157,Unique Outcomes 🌟,Achieve Against the Odds,"**Hi _CLIENTNAME_! 🌟**

Identify unique outcomes where you succeeded against the odds. Reflect on these moments to build confidence and motivation.

**Here’s how:**

1. **Spot Successes:** Recall times you managed to keep areas weed-free despite challenges.
   - 📌 **Examples:** Resisting cravings or navigating social situations without using cannabis.

2. **Reflect on Achievements:** Consider what helped you succeed.
   - 📌 **Examples:** Using support networks, stress management techniques, or setting clear boundaries.

3. **Build Confidence:** Use these successes to boost your confidence.
   - 📌 **Examples:** ""I stayed sober at the party by sticking to my plan,"" or ""I overcame cravings by going for a run.""

⭐️ Reflect on these moments to build confidence and motivation.

By focusing on these unique outcomes, you can reinforce your confidence and stay motivated in your weed-free journey.",life,LO-Use-State,I want to moderate my use,"{""🎉 What is your biggest success in life so far?"":""https://www.reddit.com/r/AskReddit/comments/1b3ryo/what_is_your_biggest_success_in_life_so_far/""}","{""🔍 Spot Successes"":""Can you recall times you resisted cravings or managed social situations without using cannabis?"",""🌟 Unique Outcomes"":""What are some moments where you successfully moderated cannabis despite challenges?"",""💪 Build Confidence"":""How can you use your past successes to boost your confidence and motivation?"",""🧩 Reflect on Achievements"":""What strategies helped you succeed in your moderation efforts?""}","[""What’s one success that showed you your true strength?""]",,,looking_back,
310,157,Unique Outcomes 🌟,Achieve Against the Odds,"**Hi _CLIENTNAME_! 🌟**

Identify unique outcomes where you succeeded against the odds. Reflect on these moments to build confidence and motivation.

**Here’s how:**

1. **Spot Successes:** Recall times you managed to keep areas weed-free despite challenges.
   - 📌 **Examples:** Resisting cravings or navigating social situations without using cannabis.

2. **Reflect on Achievements:** Consider what helped you succeed.
   - 📌 **Examples:** Using support networks, stress management techniques, or setting clear boundaries.

3. **Build Confidence:** Use these successes to boost your confidence.
   - 📌 **Examples:** ""I stayed sober at the party by sticking to my plan,"" or ""I overcame cravings by going for a run.""

⭐️ Reflect on these moments to build confidence and motivation.

By focusing on these unique outcomes, you can reinforce your confidence and stay motivated in your weed-free journey.",life,LO-Use-State,I want to stop entirely,"{""🎉 What is your biggest success in life so far?"":""https://www.reddit.com/r/AskReddit/comments/1b3ryo/what_is_your_biggest_success_in_life_so_far/""}","{""🔍 Spot Successes"":""Can you recall times you resisted cravings or managed social situations without using cannabis?"",""🌟 Unique Outcomes"":""What are some moments where you successfully resisted weed despite challenges?"",""💪 Build Confidence"":""How can you use your past successes to boost your confidence and motivation?"",""🧩 Reflect on Achievements"":""What strategies helped you succeed in your moderation efforts?""}","[""What’s one success that showed you your true strength?""]",,,looking_back,
311,158,Crafting Your Future ✨,Visualize and Achieve Your Goals,"**Hi _CLIENTNAME_! 🌟**

Envision and articulate your preferred reality. Describe in detail the future you are working towards.

**Here’s how:**

1. 🌟 **Visualize Your Future:** Imagine the life you want to achieve through a weed-free lifestyle.
   - **Examples:** Being healthier, having more energy, or feeling more in control.

2. ✍️ **Describe It in Detail:** Write down specific aspects of your preferred reality.
   - **Examples:** ""I see myself waking up refreshed, enjoying exercise, and thriving in my social life without relying on cannabis.""

3. 🎯 **Use It as Motivation:** Keep this vision in mind to stay focused and motivated.
   - **Examples:** Regularly revisit and refine your description to keep your goals clear and inspiring.

⭐️ Envision your preferred reality and use it as motivation to achieve your goals.

By clearly articulating your preferred reality, you can create a vivid and motivating picture of the future you are working towards, helping you stay committed to your weed-free journey.",life,LO-Use-State,I want to stop entirely,"{""🌟 You create your own reality"":""https://www.reddit.com/r/lawofattraction/comments/rep5xu/you_create_your_own_reality/""}","{""🎯 Use It as Motivation"":""How can I use my vision of the future to stay focused on my goals?"",""🌟 Visualize Your Future"":""How can I imagine the life I want to achieve through staying weed-free?"",""📝 Articulate Your Goals"":""What are some tips for clearly articulating my preferred reality to boost motivation?"",""✍️ Describe It in Detail"":""What specific aspects of my preferred reality should I write down to stay motivated?""}","[""What does your ideal future self look like?""]",,,looking_back,
312,158,Crafting Your Future ✨,Visualize and Achieve Your Goals,"**Hi _CLIENTNAME_! 🌟**

Envision and articulate your preferred reality. Describe in detail the future you are working towards.

**Here’s how:**

1. 🌟 **Visualize Your Future:** Imagine the life you want to achieve through a weed-free lifestyle.
   - **Examples:** Being healthier, having more energy, or feeling more in control.

2. ✍️ **Describe It in Detail:** Write down specific aspects of your preferred reality.
   - **Examples:** ""I see myself waking up refreshed, enjoying exercise, and thriving in my social life without relying on cannabis.""

3. 🎯 **Use It as Motivation:** Keep this vision in mind to stay focused and motivated.
   - **Examples:** Regularly revisit and refine your description to keep your goals clear and inspiring.

⭐️ Envision your preferred reality and use it as motivation to achieve your goals.

By clearly articulating your preferred reality, you can create a vivid and motivating picture of the future you are working towards, helping you stay committed to your weed-free journey.",life,LO-Use-State,I want to moderate my use,"{""🌟 You create your own reality"":""https://www.reddit.com/r/lawofattraction/comments/rep5xu/you_create_your_own_reality/""}","{""🎯 Use It as Motivation"":""How can I use my vision of the future to stay focused on my goals?"",""🌟 Visualize Your Future"":""How can I imagine the life I want to achieve through cannabis moderation?"",""📝 Articulate Your Goals"":""What are some tips for clearly articulating my preferred reality to boost motivation?"",""✍️ Describe It in Detail"":""What specific aspects of my preferred reality should I write down to stay motivated?""}","[""What does your ideal future self look like?""]",,,looking_back,
313,159,Mapping Motivation 🧭,Find Your Drive,"**Hi _CLIENTNAME_! 🌟**

Map the influence of various factors on your motivation. Identify key people, events, and experiences that have shaped your goals.

**Here’s how:**

1. **Identify Influential People:** Consider who has positively influenced your weed-free journey.
   - 🌟 **Examples:** Friends who support your goals, mentors who provide guidance, or public figures who inspire you.

2. **Recall Key Events:** Think about significant moments that have impacted your motivation.
   - 🎉 **Examples:** A breakthrough moment in your weed-free efforts, a supportive conversation, or a motivating event you attended.

3. **Reflect on Experiences:** Consider experiences that have shaped your perspective and goals.
   - 🏆 **Examples:** Personal achievements, overcoming challenges, or learning new strategies for maintaining a weed-free space.

⭐️ Map the influence of various factors to understand what drives your motivation and shapes your goals.

By mapping these influences, you can gain insight into the factors that support your motivation and use this understanding to strengthen your commitment to your goals.",life,LO-Use-State,I want to moderate my use,"{""💪 People who are motivated to do things, how the heck do you do that?"":""https://www.reddit.com/r/AskReddit/comments/hcrqgh/people_who_are_motivated_to_do_things_how_the/""}","{""🧍 Influential People"":""Who are some individuals that have positively impacted your motivation for moderation, and how have they influenced you?"",""🧭 Mapping Motivation"":""How can understanding the key people, events, and experiences that influence you help strengthen your commitment to your goals?"",""🏆 Reflect on Experiences"":""What personal experiences have most significantly shaped your perspective on moderation? How did they contribute to your journey?"",""🎉 Key Motivational Events"":""Can you describe significant events that have boosted your motivation? How did they shape your goals?""}","[""What pivotal moment most shaped your current motivation?""]",,,looking_back,
314,159,Mapping Motivation 🧭,Find Your Drive,"**Hi _CLIENTNAME_! 🌟**

Map the influence of various factors on your motivation. Identify key people, events, and experiences that have shaped your goals.

**Here’s how:**

1. **Identify Influential People:** Consider who has positively influenced your weed-free journey.
   - 🌟 **Examples:** Friends who support your goals, mentors who provide guidance, or public figures who inspire you.

2. **Recall Key Events:** Think about significant moments that have impacted your motivation.
   - 🎉 **Examples:** A breakthrough moment in your weed-free efforts, a supportive conversation, or a motivating event you attended.

3. **Reflect on Experiences:** Consider experiences that have shaped your perspective and goals.
   - 🏆 **Examples:** Personal achievements, overcoming challenges, or learning new strategies for maintaining a weed-free space.

⭐️ Map the influence of various factors to understand what drives your motivation and shapes your goals.

By mapping these influences, you can gain insight into the factors that support your motivation and use this understanding to strengthen your commitment to your goals.",life,LO-Use-State,I want to stop entirely,"{""💪 People who are motivated to do things, how the heck do you do that?"":""https://www.reddit.com/r/AskReddit/comments/hcrqgh/people_who_are_motivated_to_do_things_how_the/""}","{""🧍 Influential People"":""Who are some individuals that have positively impacted your motivation for staying weed-free, and how have they influenced you?"",""🧭 Mapping Motivation"":""How can understanding the key people, events, and experiences that influence you help strengthen your commitment to your goals?"",""🏆 Reflect on Experiences"":""What personal experiences have most significantly shaped your perspective on weed? How did they contribute to your journey?"",""🎉 Key Motivational Events"":""Can you describe significant events that have boosted your motivation? How did they shape your goals?""}","[""What pivotal moment most shaped your current motivation?""]",,,looking_back,
315,160,Confucian Self-Cultivation 🌱,Cultivate Your Best Self,"**Hi _CLIENTNAME_! 🌟**

Cultivation is development through conscious intent. Focus on self-cultivation to improve yourself through moral and ethical practices.

**Here’s how:**

1. **Identify Ethical Principles:** Choose three principles you want to cultivate.
   - 🌟 **Examples:** Honesty, respect, responsibility.

2. **Reflect on Impact:** Consider how these principles support your moderation goals.
   - 🌟 **Examples:** Being honest about your progress, respecting your body, taking responsibility for your actions.

3. **Set Specific Actions:** Decide on one action for each principle to practice this week.
   - 🌟 **Examples:** 
      - **Honesty:** Journal about your true feelings.
      - **Respect:** Practice mindful eating.
      - **Responsibility:** Plan your week to include exercise.

⭐️ Write down three ethical principles and set a specific action for each to practice this week.

By focusing on these principles, you can consciously cultivate your moral and ethical growth, supporting your moderation goals.",life,LO-Use-State,I want to stop entirely,"{""🌱 Does anyone here cultivate?"":""https://www.reddit.com/r/taoism/comments/ey612e/does_anyone_here_cultivate/""}","{""🔍 Reflect on Impact"":""How might practicing specific ethical principles support my weed-free goals?"",""📝 Set Weekly Actions"":""Can you help me set specific actions for each ethical principle I want to cultivate this week?"",""🌱 Cultivate Self-Cultivation"":""How can I identify and choose ethical principles to focus on for personal growth?"",""🌟 Ethical Principles Practice"":""What are some examples of actions I can take to practice honesty, respect, and responsibility?""}","[""How can you practice one of your chosen principles today?""]",,,looking_back,
316,160,Confucian Self-Cultivation 🌱,Cultivate Your Best Self,"**Hi _CLIENTNAME_! 🌟**

Cultivation is development through conscious intent. Focus on self-cultivation to improve yourself through moral and ethical practices.

**Here’s how:**

1. **Identify Ethical Principles:** Choose three principles you want to cultivate.
   - 🌟 **Examples:** Honesty, respect, responsibility.

2. **Reflect on Impact:** Consider how these principles support your moderation goals.
   - 🌟 **Examples:** Being honest about your progress, respecting your body, taking responsibility for your actions.

3. **Set Specific Actions:** Decide on one action for each principle to practice this week.
   - 🌟 **Examples:** 
      - **Honesty:** Journal about your true feelings.
      - **Respect:** Practice mindful eating.
      - **Responsibility:** Plan your week to include exercise.

⭐️ Write down three ethical principles and set a specific action for each to practice this week.

By focusing on these principles, you can consciously cultivate your moral and ethical growth, supporting your moderation goals.",life,LO-Use-State,I want to moderate my use,"{""🌱 Does anyone here cultivate?"":""https://www.reddit.com/r/taoism/comments/ey612e/does_anyone_here_cultivate/""}","{""🔍 Reflect on Impact"":""How might practicing specific ethical principles support my moderation goals?"",""📝 Set Weekly Actions"":""Can you help me set specific actions for each ethical principle I want to cultivate this week?"",""🌱 Cultivate Self-Cultivation"":""How can I identify and choose ethical principles to focus on for personal growth?"",""🌟 Ethical Principles Practice"":""What are some examples of actions I can take to practice honesty, respect, and responsibility?""}","[""How can you practice one of your chosen principles today?""]",,,looking_back,
317,161,Kant’s Categorical Imperative 🌟,Your Ethical Blueprint,"**Hi _CLIENTNAME_! 🌟**

Act according to maxims that you would want to become universal laws. This means making decisions based on principles that you believe everyone should follow.

**Here’s how:**

1. **Understand the Concept:** Kant's Categorical Imperative is about creating ethical guidelines that could apply universally.
   - 🌍 **Example:** If you believe something is right for you, it should be right for everyone in similar circumstances.

2. **Create a Personal Guideline:** Formulate a guideline for cannabis use that you believe should be a universal principle.
   - 🌱 **Example:** ""Use substances in ways that enhance life and do not cause harm.""

3. **Reflect on Its Impact:** Consider how adhering to this guideline can help you achieve balance and support your well-being.
   - 💭 **Example:** Following this principle encourages mindful and responsible use, promoting a healthier lifestyle and positive habits.

4. **Apply the Guideline:** Implement this principle in your daily life to ensure your actions align with your values.
   - 🍃 **Example:** If you choose to use cannabis, do so in a weed-free manner and in a way that positively contributes to your life.

⭐️ Create a personal guideline for cannabis use that you believe should be a universal principle and reflect on how it supports your well-being.

By adhering to Kant’s Categorical Imperative, you can make thoughtful decisions that promote balance and overall well-being in your life. This approach helps you live in a way that aligns with your values and encourages ethical behavior.",life,LO-Use-State,I want to moderate my use,"{""🤔 Can someone simply explain what Kant categorical imperative is?"":""https://www.reddit.com/r/askphilosophy/comments/leyz2o/can_someone_simply_explain_what_kant_categorical/""}","{""🌍 Universal Ethics"":""How can I create a personal guideline for cannabis use that could apply universally?"",""🍃 Apply Your Values"":""How can I implement a principle of moderate cannabis use in my daily life to align with my values?"",""💭 Reflect on Impact"":""How can following a universal guideline for cannabis use improve my well-being?"",""🌱 Personal Guideline"":""What principle can I formulate for responsible cannabis use and why should it be a universal rule?""}","[""What personal guideline would you universalize for mindful substance use?""]",,,looking_back,
318,161,Kant’s Categorical Imperative 🌟,Your Ethical Blueprint,"**Hi _CLIENTNAME_! 🌟**

Act according to maxims that you would want to become universal laws. This means making decisions based on principles that you believe everyone should follow.

**Here’s how:**

1. **Understand the Concept:** Kant's Categorical Imperative is about creating ethical guidelines that could apply universally.
   - 🌍 **Example:** If you believe something is right for you, it should be right for everyone in similar circumstances.

2. **Create a Personal Guideline:** Formulate a guideline for cannabis use that you believe should be a universal principle.
   - 🌱 **Example:** ""Use substances in ways that enhance life and do not cause harm.""

3. **Reflect on Its Impact:** Consider how adhering to this guideline can help you achieve balance and support your well-being.
   - 💭 **Example:** Following this principle encourages mindful and responsible use, promoting a healthier lifestyle and positive habits.

4. **Apply the Guideline:** Implement this principle in your daily life to ensure your actions align with your values.
   - 🍃 **Example:** If you choose to use cannabis, do so in a weed-free manner and in a way that positively contributes to your life.

⭐️ Create a personal guideline for cannabis use that you believe should be a universal principle and reflect on how it supports your well-being.

By adhering to Kant’s Categorical Imperative, you can make thoughtful decisions that promote balance and overall well-being in your life. This approach helps you live in a way that aligns with your values and encourages ethical behavior.",life,LO-Use-State,I want to stop entirely,"{""🤔 Can someone simply explain what Kant categorical imperative is?"":""https://www.reddit.com/r/askphilosophy/comments/leyz2o/can_someone_simply_explain_what_kant_categorical/""}","{""🌍 Universal Ethics"":""How can I create a personal guideline for cannabis use that could apply universally?"",""🍃 Apply Your Values"":""How can I implement a principle of staying weed-free in my daily life to align with my values?"",""💭 Reflect on Impact"":""How can following a universal guideline for cannabis use improve my well-being?"",""🌱 Personal Guideline"":""What principle can I formulate for responsible cannabis use and why should it be a universal rule?""}","[""What personal guideline would you universalize for mindful substance use?""]",,,looking_back,
319,162,Connecting with Nature 🌿,Discover the Outdoors,"**Hi _CLIENTNAME_! 🌟**

This week, we’ll focus on connecting with nature in a fun, interesting, beautiful, and rich way. Spending time in nature can enhance your sense of peace and help you feel more grounded and rejuvenated. 🌿

**Here’s how:**

🌳 **Creative Nature Walks:** Explore parks or trails and bring a camera or sketchpad. Turn it into a scavenger hunt by listing items to find, like unique leaves or specific flowers.

🧘 **Mindful Meditation:** Sit by a stream or under a tree and focus on your senses. Listen to water, birds, and leaves, and feel the textures around you.

🌲 **Forest Bathing:** Walk slowly through a forest, taking in the sights, sounds, and smells. Breathe deeply and move mindfully.

⭐️ Make an effort to connect with nature in a fun and meaningful way to enhance your sense of peace and rejuvenation.

By engaging in these activities, you can cultivate a deeper connection with nature, enrich your experiences, and support your overall mental health and well-being.",life,,,"{""🌿 How to Connect with Nature? Any Tips or Ways You Do?"":""https://www.reddit.com/r/druidism/comments/5kqwr5/how_to_connect_with_nature_any_tips_or_ways_you_do/""}","{""🌳 Creative Nature Walks"":""How can I make my next walk in nature more engaging and creative?"",""🌲 Embrace Forest Bathing"":""How can I fully experience and benefit from forest bathing?"",""⭐️ Nature's Rejuvenation"":""How does spending time in nature contribute to mental health and well-being?"",""🧘 Mindful Meditation Outdoors"":""What are some tips for practicing mindful meditation in a natural setting?""}","[""When did nature last make you feel truly alive?""]",,,spirituality,
320,163,Engaging Your Senses 🌿,Stay Present in Nature,"**Hi _CLIENTNAME_! 🌟**

While in nature, engage all your senses. Notice the sights, sounds, smells, and textures around you. This helps you stay present and fully appreciate the natural world.

**Here’s how:**

1. **👀 Sight:** Observe the colors, shapes, and movements in your surroundings. Notice the details in leaves, flowers, and wildlife.

2. **🎶 Sound:** Listen to the sounds of nature. Pay attention to the birds singing, the rustling of leaves, and the flow of water.

3. **🌸 Smell:** Take in the different scents around you. Breathe deeply and notice the smell of fresh grass, flowers, and the earth.

4. **✋ Touch:** Feel the textures of natural elements. Touch the bark of a tree, the softness of moss, or the smoothness of a rock.

⭐️ Engage your senses in nature to stay present and connected.

By fully engaging your senses, you can deepen your connection with nature and enhance your overall sense of peace and well-being.",life,,,"{""🌸 What is the secret to experiencing the beauty in everyday life?"":""https://www.reddit.com/r/Mindfulness/comments/17qc1pt/what_is_the_secret_to_experiencing_the_beauty_in/""}","{""🎶 Sounds of Nature"":""How do the natural sounds around you enhance your sense of peace and connection to the environment?"",""👀 Nature's Details"":""How can observing the small details in nature help you stay present and mindful?"",""✋ Texture Connection"":""How does touching different natural textures affect your mindfulness and presence?"",""🌸 Scent Exploration"":""What scents in nature bring you the most joy and why?""}","[""Which natural element do you feel most connected with? Why?""]",,,spirituality,
321,164,Exploring Spiritual Practices 🧘‍♂️,Discover What Resonates,"**Hi _CLIENTNAME_! 🌟**

Research and try out different spiritual practices such as meditation, prayer, yoga, chanting, or mindfulness. See which ones resonate with you the most.

**Here’s how:**

1. **🧘‍♀️ Meditation:** Try different types of meditation, like guided, silent, or walking meditations. Notice which style helps you feel calm and centered.
   
2. **🙏 Prayer:** Engage in prayer if it aligns with your beliefs. It can be a powerful way to connect with a higher power and reflect on your life.

3. **🧘 Yoga:** Practice yoga to combine physical movement with mental and spiritual awareness. Explore different styles like Hatha, Vinyasa, or Kundalini.

4. **🎶 Chanting:** Experiment with chanting or singing mantras. This can help focus your mind and elevate your spiritual practice.

5. **🌸 Mindfulness:** Practice being present in the moment through mindfulness exercises. This can be done anywhere, anytime, and helps ground you in the present.

⭐️ Experiment with various spiritual practices to discover what resonates with you.

By trying out different spiritual practices, you can find what best supports your mental, emotional, and spiritual well-being.",life,,,"{""🙏 How do you begin your spiritual journey?"":""https://www.reddit.com/r/spirituality/comments/mm2630/how_do_you_begin_your_spiritual_journey/""}","{""🙏 Power of Prayer"":""How can incorporating prayer into your daily routine enhance your spiritual practice?"",""🧘 Yoga Exploration"":""Which yoga styles have you explored, and how do they impact your mental and spiritual awareness?"",""🎶 Chanting and Mantras"":""How does chanting or singing mantras influence your focus and elevate your spiritual practice?"",""🧘‍♀️ Meditation Styles"":""What types of meditation have you tried, and which style helps you feel the most centered?""}","[""How does your current spiritual practice support your well-being?""]",,,spirituality,
322,165,Creating a Sacred Space 🌟,Design Your Sanctuary,"**Hi _CLIENTNAME_! 🌟**

Designate a space in your home for spiritual practice. Fill it with items that bring you peace and inspiration, like candles, crystals, or meaningful objects.

**Here’s how:**

1. **Choose a Quiet Spot:** Select a peaceful area in your home where you can practice without distractions.
   - 🛋️ **Examples:** A corner in your bedroom, a quiet nook in the living room, or even a space on your balcony.

2. **Add Meaningful Items:** Fill the space with objects that inspire and calm you.
   - 🕯️ **Examples:** Candles for warmth and light, crystals for energy, plants for a natural touch, or meaningful objects like photos or souvenirs.

3. **Personalize Your Space:** Make it uniquely yours by adding personal touches.
   - 🧘 **Examples:** A comfortable cushion for meditation, a small altar for prayer, or a yoga mat for practice.

⭐️ Create a sacred space in your home for spiritual practice.

By designing a dedicated space for your spiritual practices, you can create a sanctuary that fosters peace, inspiration, and personal growth.",life,,,"{""🕯️ Sacred space at home"":""https://www.reddit.com/r/spirituality/comments/1b7nou4/sacred_space_at_home/""}","{""🕯️ Meaningful Items"":""What types of items can I add to my sacred space to inspire and calm me?"",""🏡 Design Your Sanctuary"":""How can I create a sacred space in my home for spiritual practice?"",""🧘 Personalize Your Space"":""How can I personalize my spiritual space to make it uniquely mine?"",""🛋️ Quiet Spot Selection"":""What are some ideal quiet spots in my home for setting up a spiritual practice area?""}","[""What inspires peace and comfort in your personal space?""]",,,spirituality,
323,166,Mindful Spiritual Practice 🌿,"Stay Present, Enhance Peace","**Hi _CLIENTNAME_! 🌟**

Practice mindfulness by focusing on the present moment during your spiritual practices. Being fully present can enhance the effectiveness of your practice.

**Here’s how:**

1. **Stay Present:** Focus on the here and now during your spiritual practices, whether it’s meditation, prayer, or yoga.
   - 🧘 **Examples:** Pay attention to your breath, the sensations in your body, or the words of a prayer or mantra.

2. **Eliminate Distractions:** Create an environment that minimizes interruptions and distractions.
   - 📵 **Examples:** Turn off your phone, find a quiet space, and set a specific time for your practice.

3. **Observe Without Judgment:** Notice thoughts and feelings as they arise, but let them pass without judgment.
   - 🧠 **Examples:** If your mind wanders, gently bring your focus back to the present activity.

⭐️ Incorporate mindfulness into your spiritual practices to stay present and focused.

By practicing mindfulness, you can deepen your spiritual experience and enhance your overall sense of peace and well-being.",life,LO-Use-State,I want to moderate my use,"{""🧘‍♂️ How can meditation lead to spiritual awakening?"":""https://www.reddit.com/r/Meditation/comments/pa5gju/how_can_meditation_lead_to_spiritual_awakening_if/""}","{""🧍 Influential People"":""Who are some individuals that have positively impacted your motivation for moderation, and how have they influenced you?"",""🧭 Mapping Motivation"":""How can understanding the key people, events, and experiences that influence you help strengthen your commitment to your goals?"",""🏆 Reflect on Experiences"":""What personal experiences have most significantly shaped your perspective on moderation? How did they contribute to your journey?"",""🎉 Key Motivational Events"":""Can you describe significant events that have boosted your motivation? How did they shape your goals?""}","[""What distractions most often pull you away from being present?""]",,,spirituality,
324,166,Mindful Spiritual Practice 🌿,"Stay Present, Enhance Peace","**Hi _CLIENTNAME_! 🌟**

Practice mindfulness by focusing on the present moment during your spiritual practices. Being fully present can enhance the effectiveness of your practice.

**Here’s how:**

1. **Stay Present:** Focus on the here and now during your spiritual practices, whether it’s meditation, prayer, or yoga.
   - 🧘 **Examples:** Pay attention to your breath, the sensations in your body, or the words of a prayer or mantra.

2. **Eliminate Distractions:** Create an environment that minimizes interruptions and distractions.
   - 📵 **Examples:** Turn off your phone, find a quiet space, and set a specific time for your practice.

3. **Observe Without Judgment:** Notice thoughts and feelings as they arise, but let them pass without judgment.
   - 🧠 **Examples:** If your mind wanders, gently bring your focus back to the present activity.

⭐️ Incorporate mindfulness into your spiritual practices to stay present and focused.

By practicing mindfulness, you can deepen your spiritual experience and enhance your overall sense of peace and well-being.",life,LO-Use-State,I want to stop entirely,"{""🧘‍♂️ How can meditation lead to spiritual awakening?"":""https://www.reddit.com/r/Meditation/comments/pa5gju/how_can_meditation_lead_to_spiritual_awakening_if/""}","{""🧍 Influential People"":""Who are some individuals that have positively impacted your motivation for moderation, and how have they influenced you?"",""🧭 Mapping Motivation"":""How can understanding the key people, events, and experiences that influence you help strengthen your commitment to your goals?"",""🏆 Reflect on Experiences"":""What personal experiences have most significantly shaped your perspective on moderation? How did they contribute to your journey?"",""🎉 Key Motivational Events"":""Can you describe significant events that have boosted your motivation? How did they shape your goals?""}","[""What distractions most often pull you away from being present?""]",,,spirituality,
325,167,Reflecting on Inner Peace 🌟,Find Tranquility in Your Life,"Hi _CLIENTNAME_! 🌟

Welcome to the fourth week of Month Eleven! 🎉 This week, we’ll focus on reflecting on inner peace. Taking time to reflect on your journey towards inner peace helps you appreciate your progress and find ways to maintain this tranquility in your life. 🧘‍♀️

⭐️ Reflect on your journey towards inner peace and identify what practices have been most effective for you.",life,,,"{""🧘‍♂️ You are not your thoughts. I was wrong about inner peace"":""https://www.reddit.com/r/Mindfulness/comments/iby0fo/you_are_not_your_thoughts_i_was_wrong_about_inner/""}","{""🌟 Effective Practices"":""Which inner peace practices do you find yourself returning to, and why do you think they resonate with you?"",""🔍 Reflect on Progress"":""Can you identify specific moments or practices that significantly contributed to your sense of inner peace?"",""🏞️ Inner Peace Reflection"":""How has your journey towards inner peace progressed, and what practices have been most effective for you?"",""🧘‍♀️ Maintain Tranquility"":""What strategies can you use to maintain the tranquility you’ve achieved in your life?""}","[""What brings you the deepest sense of inner peace?""]",,,spirituality,
326,168,Discover Inner Peace 🧘,Find Your Balance,"**Hi _CLIENTNAME_! 🌟**

Identify the key elements that contribute to your inner peace. This could include specific practices, environments, or mindsets.

**Here’s how:**

1. **Reflect on Practices:** Think about the activities that help you feel calm and centered.
   - 🌿 **Examples:** Meditation, yoga, journaling, or spending time in nature.

2. **Consider Environments:** Identify places where you feel most at peace.
   - 🏞️ **Examples:** A quiet room at home, a favorite park, or a peaceful garden.

3. **Focus on Mindsets:** Recognize the attitudes and beliefs that support your inner peace.
   - 💭 **Examples:** Practicing gratitude, letting go of control, or maintaining a positive outlook.

⭐️ Identify the key elements that help you maintain inner peace.

By understanding what contributes to your inner peace, you can incorporate these elements into your daily life to enhance your overall well-being and tranquility.",life,,,"{""🧘‍♂️ How to find true inner peace"":""https://www.reddit.com/r/Mindfulness/comments/1aezi5d/how_to_find_true_inner_peace/""}","{""🌿 Calming Practices"":""Which activities help you feel centered, and how can you incorporate them into your daily routine?"",""💭 Positive Mindsets"":""What attitudes or beliefs contribute to your inner peace, and how can you cultivate them?"",""🧘 Reflect for Peace"":""How can reflecting on your practices, environments, and mindsets enhance your overall well-being?"",""🏞️ Peaceful Environments"":""What places make you feel at peace, and how can you spend more time there?""}","[""What truly brings you inner peace?""]",,,spirituality,
327,169,Connecting with Spirituality 🌟,Deepen Your Goals,"Hi _CLIENTNAME_! 🌟

Today, let’s focus on connecting your goals with your existing religion or spirituality. Tying your goals to something deeper can provide powerful motivation and clarity. 🕊️

**Here’s how:**

1. **Reflect on Your Beliefs**: Think about the ideals and values of your religion or spiritual practice.
   - 📖 **Example**: Reflect on teachings that emphasize growth, compassion, and self-discipline.

2. **Align Your Goals**: Connect your weed-free goals to these deeper values.
   - 🌱 **Example**: If your faith values stewardship, view weed-free living as taking better care of your body.

3. **Practice Daily**: Incorporate spiritual practices to reinforce your goals.
   - 🙏 **Example**: Include prayer, meditation, or reading spiritual texts in your routine.

By aligning your goals with your spiritual beliefs, you can find deeper meaning and motivation in your journey.",life,LO-Use-State,I want to stop entirely,"{""🧘‍♂️ How do you stay spiritually connected in this chaotic world?"":""https://www.reddit.com/r/spirituality/comments/193gff4/how_do_you_stay_spiritually_connected_in_this/""}","{""🌱 Align Your Values"":""What are some ways I can connect my moderation goals with the core values of my faith?"",""📖 Reflect on Beliefs"":""Can you guide me on how to reflect on my spiritual or religious values to support my goals?"",""🙏 Daily Spiritual Practice"":""How can I incorporate spiritual practices into my daily routine to reinforce my weed-free goals?"",""🕊️ Spiritual Goal Connection"":""How can I align my cannabis moderation goals with my spiritual beliefs?""}","[""How do your spiritual beliefs shape your personal goals?""]",,,spirituality,
328,169,Connecting with Spirituality 🌟,Deepen Your Goals,"Hi _CLIENTNAME_! 🌟

Today, let’s focus on connecting your goals with your existing religion or spirituality. Tying your goals to something deeper can provide powerful motivation and clarity. 🕊️

**Here’s how:**

1. **Reflect on Your Beliefs**: Think about the ideals and values of your religion or spiritual practice.
   - 📖 **Example**: Reflect on teachings that emphasize growth, compassion, and self-discipline.

2. **Align Your Goals**: Connect your weed-free goals to these deeper values.
   - 🌱 **Example**: If your faith values stewardship, view weed-free living as taking better care of your body.

3. **Practice Daily**: Incorporate spiritual practices to reinforce your goals.
   - 🙏 **Example**: Include prayer, meditation, or reading spiritual texts in your routine.

By aligning your goals with your spiritual beliefs, you can find deeper meaning and motivation in your journey.",life,LO-Use-State,I want to moderate my use,"{""🧘‍♂️ How do you stay spiritually connected in this chaotic world?"":""https://www.reddit.com/r/spirituality/comments/193gff4/how_do_you_stay_spiritually_connected_in_this/""}","{""🌱 Align Your Values"":""What are some ways I can connect my moderation goals with the core values of my faith?"",""📖 Reflect on Beliefs"":""Can you guide me on how to reflect on my spiritual or religious values to support my goals?"",""🙏 Daily Spiritual Practice"":""How can I incorporate spiritual practices into my daily routine to reinforce my moderation goals?"",""🕊️ Spiritual Goal Connection"":""How can I align my cannabis moderation goals with my spiritual beliefs?""}","[""How do your spiritual beliefs shape your personal goals?""]",,,spirituality,
329,170,Sharing Your Success 🎉,Celebrate Your Journey,"**Hi _CLIENTNAME_! 🌟**

Share your journey with a friend or family member. Celebrating your success with others can reinforce your sense of accomplishment and motivation.

**Here’s how:**

1. **Choose Someone Trustworthy:** Pick a person who supports and encourages you.
   - 👫 **Examples:** A close friend, family member, or mentor.

2. **Share Your Journey:** Talk about the progress you’ve made and the challenges you’ve overcome.
   - 📈 **Examples:** ""I've been able to reduce my cannabis use by half,"" or ""I've stuck to my new exercise routine for a month.""

3. **Celebrate Together:** Find a way to celebrate your achievements with them.
   - 🎉 **Examples:** Have a small get-together, go out for a meal, or simply enjoy a meaningful conversation.

⭐️ Share your success with someone you trust to reinforce your sense of accomplishment.

By sharing your journey, you not only celebrate your progress but also strengthen your support system, which can be a powerful motivator for continued success.",life,,,"{""🌟 How do I share success without being hated?"":""https://www.reddit.com/r/selfimprovement/comments/11tjnio/how_do_i_share_success_without_being_hated/""}","{""🥳 Joint Celebrations"":""What are some meaningful ways you can celebrate your achievements with someone close?"",""📈 Discuss Your Progress"":""What milestones have you achieved that you can share with others?"",""🎉 Celebrate Your Journey"":""How can I share my cannabis moderation success with someone supportive?"",""👫 Choose Trustworthy Support"":""Who in your life can provide encouragement for your cannabis goals?""}","[""Who supports and encourages your personal growth the most?""]",,,spirituality,
330,171,Discover Your Ikigai 🌟,Find Your Purpose,"**Hi _CLIENTNAME_! 🌟**

Discover your Ikigai, or reason for being, by finding the intersection of what you love, what you are good at, what the world needs, and what you can be paid for.

**Here’s how:**

1. **Reflect on Joy:** 🎨 Identify activities that bring you happiness and fulfillment.
2. **Assess Strengths:** 💪 Recognize your talents and skills.
3. **Identify Needs:** 🌍 Consider how you can contribute to the world.
4. **Consider Value:** 💰 Think about how you can be compensated for your contributions.
5. **Set Goals:** 🎯 Align your goals with your Ikigai to motivate your weed-free journey.

⭐️ Reflect on activities that bring you joy and fulfillment. Set goals that align with your Ikigai to motivate your weed-free journey.

By discovering and aligning with your Ikigai, you can find deeper motivation and purpose in your weed-free journey, leading to a more fulfilling and balanced life.",life,LO-Use-State,I want to stop entirely,"{""🌸 What is your Ikigai?"":""https://www.reddit.com/r/simpleliving/comments/yf8d1d/what_is_your_ikigai/""}","{""🌍 Identify Needs"":""In what ways can you contribute to the world that align with your passions and skills?"",""🎨 Reflect on Joy"":""What activities bring you true happiness and fulfillment, and how can you integrate them into your daily life?"",""💪 Assess Strengths"":""How can you leverage your talents and skills to support your cannabis weed-free goals?"",""🎯 Align Goals with Ikigai"":""How can you set meaningful goals that reflect your Ikigai to stay motivated in your weed-free journey?""}","[""What activities make you lose track of time?""]",,,spirituality,
331,171,Discover Your Ikigai 🌟,Find Your Purpose,"**Hi _CLIENTNAME_! 🌟**

Discover your Ikigai, or reason for being, by finding the intersection of what you love, what you are good at, what the world needs, and what you can be paid for.

**Here’s how:**

1. **Reflect on Joy:** 🎨 Identify activities that bring you happiness and fulfillment.
2. **Assess Strengths:** 💪 Recognize your talents and skills.
3. **Identify Needs:** 🌍 Consider how you can contribute to the world.
4. **Consider Value:** 💰 Think about how you can be compensated for your contributions.
5. **Set Goals:** 🎯 Align your goals with your Ikigai to motivate your weed-free journey.

⭐️ Reflect on activities that bring you joy and fulfillment. Set goals that align with your Ikigai to motivate your weed-free journey.

By discovering and aligning with your Ikigai, you can find deeper motivation and purpose in your weed-free journey, leading to a more fulfilling and balanced life.",life,LO-Use-State,I want to moderate my use,"{""🌸 What is your Ikigai?"":""https://www.reddit.com/r/simpleliving/comments/yf8d1d/what_is_your_ikigai/""}","{""🌍 Identify Needs"":""In what ways can you contribute to the world that align with your passions and skills?"",""🎨 Reflect on Joy"":""What activities bring you true happiness and fulfillment, and how can you integrate them into your daily life?"",""💪 Assess Strengths"":""How can you leverage your talents and skills to support your cannabis moderation goals?"",""🎯 Align Goals with Ikigai"":""How can you set meaningful goals that reflect your Ikigai to stay motivated in your moderation journey?""}","[""What activities make you lose track of time?""]",,,spirituality,
332,172,Values Clarification 🌟,Strengthen Your Motivation,"**Hi _CLIENTNAME_! 🌟**

Clarify your core values to strengthen your motivation for change.

**Here’s how:**

1. **📝 Identify Core Values:** Write down your top five core values (e.g., health, family, freedom).

2. **🔍 Reflect on Alignment:** Consider how moderating your cannabis use aligns with these values.

3. **❓ Ask the Opposite Question:** If you’re struggling, think about what you strongly dislike and what behaviors or attitudes you want no part of.

4. **🛠️ Create a Plan:** Incorporate actions that honor these values into your daily routine.

⭐️ Clarify your core values to strengthen your motivation for change.

By understanding and aligning your actions with your core values, you can enhance your motivation and commitment to your moderation journey.",life,LO-Use-State,I want to moderate my use,"{""📝 Need help on how to sit down and set a core of values"":""https://www.reddit.com/r/simpleliving/comments/1bs8pjy/need_help_on_how_to_sit_down_and_set_a_core_of/""}","{""🛠️ Create a Plan"":""What actions can you incorporate into your daily routine to better honor your core values?"",""📝 Identify Core Values"":""What are your top five core values, and how do they relate to your cannabis moderation goals?"",""🔍 Reflect on Alignment"":""How does moderating your cannabis use align with your identified core values?"",""❓ Ask the Opposite Question"":""What behaviors or attitudes do you strongly dislike, and how can avoiding these help you in your moderation journey?""}","[""Which of your core values feels most challenging to honor right now?""]",,,spirituality,
333,172,Values Clarification 🌟,Strengthen Your Motivation,"**Hi _CLIENTNAME_! 🌟**

Clarify your core values to strengthen your motivation for change.

**Here’s how:**

1. **📝 Identify Core Values:** Write down your top five core values (e.g., health, family, freedom).

2. **🔍 Reflect on Alignment:** Consider how moderating your cannabis use aligns with these values.

3. **❓ Ask the Opposite Question:** If you’re struggling, think about what you strongly dislike and what behaviors or attitudes you want no part of.

4. **🛠️ Create a Plan:** Incorporate actions that honor these values into your daily routine.

⭐️ Clarify your core values to strengthen your motivation for change.

By understanding and aligning your actions with your core values, you can enhance your motivation and commitment to your moderation journey.",life,LO-Use-State,I want to stop entirely,"{""📝 Need help on how to sit down and set a core of values"":""https://www.reddit.com/r/simpleliving/comments/1bs8pjy/need_help_on_how_to_sit_down_and_set_a_core_of/""}","{""🛠️ Create a Plan"":""What actions can you incorporate into your daily routine to better honor your core values?"",""📝 Identify Core Values"":""What are your top five core values, and how do they relate to your cannabis moderation goals?"",""🔍 Reflect on Alignment"":""How does not smoking weed align with your identified core values?"",""❓ Ask the Opposite Question"":""What behaviors or attitudes do you strongly dislike, and how can avoiding these help you in your weed-free journey?""}","[""Which of your core values feels most challenging to honor right now?""]",,,spirituality,
334,173,Savoring Positive Experiences 🌟,Enhance Your Well-Being,"**Hi _CLIENTNAME_! 🌟**

Enhance well-being by consciously savoring positive experiences and emotions. Savoring involves recognizing, appreciating, and prolonging positive moments.

**Here’s how:**

1. **Reflect Daily:** Take a few moments each day to reflect on a positive experience.
   - 🌅 **Examples:** A pleasant conversation, a beautiful sunset, or a personal achievement.

2. **Describe in Detail:** Focus on the emotions and sensations you felt during the experience.
   - 😊 **Examples:** The warmth of the sun, the joy of laughter, or the pride in your accomplishment.

3. **Take Your Time:** Savoring involves ""taking your time"" and ""doing things slowly"" to prolong the experience.
   - 🍽️ **Examples:** Enjoy each bite of a meal or spend a few extra minutes appreciating a view.

4. **Be Mindful:** Practice mindfulness to stay in the moment without clinging to it.
   - 🧘 **Examples:** Fully appreciate the experience while it lasts and let it go when it’s over.

⭐️ Savoring positive experiences can help enhance your well-being and shift your focus from cravings to the positive aspects of your life.

By consciously savoring positive moments, you can cultivate a more positive mindset and reinforce the joy and satisfaction in your weed-free journey.",life,LO-Use-State,I want to stop entirely,"{""🍃 Savoring is the act of recognizing & appreciating"":""https://www.reddit.com/r/Mindfulness/comments/15g8vzt/savoring_is_the_act_of_recognizing_appreciating/""}","{""🧘 Be Mindful"":""What are some mindfulness practices that can help me fully appreciate positive experiences in the moment?"",""🌅 Reflect Daily"":""How can I make a habit of reflecting on positive experiences each day?"",""🍽️ Take Your Time"":""How can I incorporate savoring into my daily routine by taking my time and doing things slowly?"",""😊 Describe in Detail"":""Can you guide me in detailing the emotions and sensations from a recent positive experience?""}","[""What's a recent moment you truly savored, and why?""]",,,celebration,
335,173,Savoring Positive Experiences 🌟,Enhance Your Well-Being,"**Hi _CLIENTNAME_! 🌟**

Enhance well-being by consciously savoring positive experiences and emotions. Savoring involves recognizing, appreciating, and prolonging positive moments.

**Here’s how:**

1. **Reflect Daily:** Take a few moments each day to reflect on a positive experience.
   - 🌅 **Examples:** A pleasant conversation, a beautiful sunset, or a personal achievement.

2. **Describe in Detail:** Focus on the emotions and sensations you felt during the experience.
   - 😊 **Examples:** The warmth of the sun, the joy of laughter, or the pride in your accomplishment.

3. **Take Your Time:** Savoring involves ""taking your time"" and ""doing things slowly"" to prolong the experience.
   - 🍽️ **Examples:** Enjoy each bite of a meal or spend a few extra minutes appreciating a view.

4. **Be Mindful:** Practice mindfulness to stay in the moment without clinging to it.
   - 🧘 **Examples:** Fully appreciate the experience while it lasts and let it go when it’s over.

⭐️ Savoring positive experiences can help enhance your well-being and shift your focus from cravings to the positive aspects of your life.

By consciously savoring positive moments, you can cultivate a more positive mindset and reinforce the joy and satisfaction in your weed-free journey.",life,LO-Use-State,I want to moderate my use,"{""🍃 Savoring is the act of recognizing & appreciating"":""https://www.reddit.com/r/Mindfulness/comments/15g8vzt/savoring_is_the_act_of_recognizing_appreciating/""}","{""🧘 Be Mindful"":""What are some mindfulness practices that can help me fully appreciate positive experiences in the moment?"",""🌅 Reflect Daily"":""How can I make a habit of reflecting on positive experiences each day?"",""🍽️ Take Your Time"":""How can I incorporate savoring into my daily routine by taking my time and doing things slowly?"",""😊 Describe in Detail"":""Can you guide me in detailing the emotions and sensations from a recent positive experience?""}","[""What's a recent moment you truly savored, and why?""]",,,celebration,
336,174,Documenting Your Journey 📔,Progress and Success,"**Hi _CLIENTNAME_! 🌟**

Create a simple record of your progress and achievements. Document milestones and moments of success during your Clear30 journey.

**Here’s how:**

1. 📓 **Start a Journal:** Write brief entries about your experiences, challenges, and successes.
   - **Examples:** Note how you felt after overcoming a craving or achieving a milestone.

2. 🔄 **Reflect Regularly:** Review your entries to see your progress.
   - **Examples:** Look back at initial goals and celebrate how far you’ve come.

⭐️ Documenting your progress helps you stay motivated and recognize your accomplishments throughout your Clear30 journey.

By keeping a simple record, you can track your progress and celebrate your successes, reinforcing your commitment to the Clear30 program.",life,,,"{""🏆 LPT: Document your achievements each week or month"":""https://www.reddit.com/r/LifeProTips/comments/1atzdp2/lpt_document_your_achievements_each_week_or_month/""}","{""📓 Start a Journal"":""How can I effectively document my experiences, challenges, and successes during my Clear30 journey?"",""🔄 Reflect Regularly"":""What are the best practices for regularly reviewing my journal entries to track progress?"",""📔 Track Your Journey"":""Why is it important to document progress and how can it aid in my Clear30 success?"",""⭐️ Celebrate Milestones"":""What are some creative ways to celebrate my milestones and achievements in the Clear30 program?""}","[""What small wins have you celebrated recently?""]",,,celebration,
337,175,Letters to Self 💌,Reflect and Encourage,"**Hi _CLIENTNAME_! 🌟**

Write a letter to your past self offering advice and encouragement. Reflect on how far you’ve come and what you’ve learned along the way.

**Here’s how:**

1. **📜 Address Your Past Self:** Begin by acknowledging where you were at the start of your journey.
   - **Examples:** ""Dear Past Me, I know you were struggling with moderation and seeking a better balance.""

2. **💡 Offer Advice and Encouragement:** Share the wisdom you’ve gained and the progress you’ve made.
   - **Examples:** ""You’ve learned to manage cravings and found healthier ways to relax. Keep going; you’re doing great.""

3. **🌱 Reflect on Growth:** Highlight the changes and improvements you’ve experienced.
   - **Examples:** ""You’ve become stronger, more resilient, and more in tune with your true self.""

⭐️ Writing a letter to your past self can help you reflect on your journey and recognize your growth.

By reflecting on your progress and offering advice to your past self, you can celebrate your achievements and stay motivated in your Clear30 journey.",life,LO-Use-State,I want to moderate my use,"{""✉️ Write a letter to your past self"":""https://www.reddit.com/r/WritingPrompts/comments/2uj4vp/rf_write_a_letter_to_your_past_self/""}","{""💌 Letters to Self"":""How would you address your past self at the start of your moderation journey?"",""🌱 Reflect on Growth"":""How have you grown and improved since the beginning of your Clear30 journey?"",""💡 Advice and Encouragement"":""What valuable advice would you give to your past self about managing cravings?"",""✉️ Write a letter to your past self"":""What advice would you give your past self today?""}","[""What advice would you give your past self today?""]",,,celebration,
338,175,Letters to Self 💌,Reflect and Encourage,"**Hi _CLIENTNAME_! 🌟**

Write a letter to your past self offering advice and encouragement. Reflect on how far you’ve come and what you’ve learned along the way.

**Here’s how:**

1. **📜 Address Your Past Self:** Begin by acknowledging where you were at the start of your journey.
   - **Examples:** ""Dear Past Me, I know you were struggling with moderation and seeking a better balance.""

2. **💡 Offer Advice and Encouragement:** Share the wisdom you’ve gained and the progress you’ve made.
   - **Examples:** ""You’ve learned to manage cravings and found healthier ways to relax. Keep going; you’re doing great.""

3. **🌱 Reflect on Growth:** Highlight the changes and improvements you’ve experienced.
   - **Examples:** ""You’ve become stronger, more resilient, and more in tune with your true self.""

⭐️ Writing a letter to your past self can help you reflect on your journey and recognize your growth.

By reflecting on your progress and offering advice to your past self, you can celebrate your achievements and stay motivated in your Clear30 journey.",life,LO-Use-State,I want to stop entirely,"{""✉️ Write a letter to your past self"":""https://www.reddit.com/r/WritingPrompts/comments/2uj4vp/rf_write_a_letter_to_your_past_self/""}","{""💌 Letters to Self"":""How would you address your past self at the start of your weed-free journey?"",""🌱 Reflect on Growth"":""How have you grown and improved since the beginning of your Clear30 journey?"",""💡 Advice and Encouragement"":""What valuable advice would you give to your past self about managing cravings?"",""✉️ Write a letter to your past self"":""What advice would you give your past self today?""}","[""What advice would you give your past self today?""]",,,celebration,