id,day,title,subtitle,body,program,question_id,question_response,resources,claire_prompts,journal_prompts,meditation,page_info,stage,guide_id
1,0,"🎉 Day 0: Your Clear30 Starts Here  ","Remove Temptation, Build Focus  ","It’s tough to stay on track when weed is everywhere, _CLIENTNAME_. Your environment plays a huge role in your choices—let’s set it up to help you succeed.

Start with what’s around you. Got a stash in your drawer or paraphernalia on your desk? 🧹 **Clear it out.** *Keeping it close makes it harder to resist.* Give it to a trusted friend or let it go entirely.

Next, tackle your digital space. 📱 **Delete the apps, unsubscribe from the emails, mute the notifications.** Digital nudges like Weedmaps or dispensary promos make staying on track so much harder.

Finally, bring someone in. 🗣️ **Share your goals** with a friend you trust. A quick message like, *“I’m taking a 30-day break and would love your support,”* can make all the difference.

By removing temptation, _CLIENTNAME_, you’re giving yourself a better shot at success. Set your space—and yourself—up to win. You’ve got this. 🚀",clear30,,,"{""🌌 How a space can improve (or destroy) your life"":""https://www.youtube.com/watch?v=ikz3ECL5NEk"",""💪 ADVICE REMEMBER, YOUR ENVIRONMENT WILL ALWAYS BE STRONGER THAN YOUR WILLPOWER"":""https://www.reddit.com/r/getdisciplined/comments/in1mqi/advice_remember_your_environment_will_always_be/""}","{""🧹 Can You Help Me Clear My Space"":""Hey Claire, I want to set myself up for success by clearing out my space, but I’m not sure how to approach it. Can you help me identify the physical and digital things in my environment that might make it harder to take a break? Then, guide me on the best way to handle them so I can stay on track.""}","[""What’s one tempting thing you could remove from your space, and how might it change how you feel about starting this break?""]","{""Preperation Meditation"":""https://m.clear30.org/preparation.mp3""}",,withdrawal,environment
2,0,"🚫 Out of Sight  ","Remove the Cart, Regain Control  ","Carts make it *too* easy. _CLIENTNAME_, before your rational brain kicks in, you’ve already taken a hit. Their combination of **instant access** and **high potency** quickly ramps up tolerance and makes breaks feel harder.

**The solution? Get rid of the cart.** Toss it, hand it to a trusted friend, or store it somewhere inconvenient. By creating distance, you’re breaking the cycle of impulsive use.

It’s not about perfection—it’s about making success easier for yourself. Out of sight, out of mind, and one step closer to your goals.",clear30,Consumption-Method,Pen,"{""🚫 At this point I think carts are actually the worst"":""https://www.reddit.com/r/leaves/comments/1esi9mz/at_this_point_i_think_carts_are_actually_the_worst/""}",,"[""Did you remove the cart? How did it feel—or if not, what’s holding you back?""]",,,withdrawal,
3,0,"🚀 Maximize Productivity  ","Shape Your Space, Shape Your Focus  ","Your space doesn’t just hold your stuff, _CLIENTNAME_—it shapes your mindset. A messy desk whispers chaos; an intentional setup shouts clarity. Let’s make it work *for* you.  

🧹 **Start with a reset.** Take 10 minutes to clear the clutter and organize your tools. *94% of people* say they’re more productive in a clean space—join them.  

🌱 **Add something alive.** A desk plant isn’t just decoration—it’s a 15% productivity boost. Growth vibes only.  

📌 **Prime your zone.** Lay out tomorrow’s tools tonight. Add a sticky note with your top goal. And banish distractions—your phone can wait.  

🏡 **Feeling stuck? Step out.** A coffee shop, park, or library can spark fresh ideas. New scenery, new energy.

Your environment isn’t just where you work—it’s how you work, _CLIENTNAME_. Shape it with care, and let it transform your focus. ✨",clear30,Break-Reason,"Increase Productivity
","{""🌿 Change. Your. Environment."":""https://www.reddit.com/r/productivity/comments/1ehekph/change_your_environment/"",""🧘 How has minimalism benefitted you in the workplace?"":""https://www.reddit.com/r/minimalism/comments/p5mnwv/how_has_minimalism_benefitted_you_in_the_workplace/"",""💼 Perfect Productive Workspace – Minimal Office + Desk Tour"":""https://www.youtube.com/watch?v=cNJYWHhXM58"",""🖥️✨Minimal Desk Tour | Calm, Creative, & Productive Setup"":""https://www.youtube.com/watch?v=liBUs1Rf-FA"",""🔄 Did your productivity improve when you changed your environment?"":""https://www.reddit.com/r/productivity/comments/xrojll/did_your_productivity_improve_when_you_changed/"",""🔧 What’s something you have changed about your workspace to improve your productivity?"":""https://www.reddit.com/r/productivity/comments/r111ah/whats_something_you_have_changed_about_your/"",""🎓 How I've learned to design my environment for better output from being a student and soldier"":""https://www.reddit.com/r/productivity/comments/lj1b0e/how_ive_learned_to_design_my_environment_for/""}","{""🚀 Can You Help Me Engineer My Space for Focus?"":""Hey Claire, I want to transform my space into a productivity powerhouse, but I’m not sure where to start. Can you help me identify specific tweaks—like removing distractions, adding energizing elements, or setting up cues—that will help me stay focused? I’d also love tips for how to switch things up when I feel stuck, like finding a “third place” for a fresh energy boost.""}","[""How does your current space support—or distract from—your focus, and what’s one small change you could make to improve it?""]",,,withdrawal,environment-increase-productivity
4,0,"🌍 Build Connections  ","Step Outside, Open Up  ","Your environment shapes your connections. Staying home makes isolation easy, but _CLIENTNAME_, stepping outside? That’s where relationships begin.

Find a **“third place”** 🏡 → ☕ → 🎨—a café, park, or gym—where familiar faces can turn into conversations. Even mundane errands can spark something new when you’re out in the world.

Join a class or group to meet people naturally. Shared spaces create opportunities for meaningful connections without pressure.

The world is waiting—**step outside, stay open, and let it unfold.** 🌱",clear30,Break-Reason,Enhance Social Connections,"{""🏠 What is your \""third place\""?"":""https://www.reddit.com/r/RedditForGrownups/comments/156ziws/what_is_your_third_place/"",""❓ How to Deal With Loneliness? [Question]"":""https://www.reddit.com/r/getdisciplined/comments/ytrfxt/how_to_deal_with_loneliness_question/""}","{""🌍 Can You Help Me Build My “Third Place”?"":""Hey Claire, I want to create more connections by spending time in places that bring people together. Can you help me figure out what my “third place” could be? I’d love ideas on where to go, how to meet people naturally, and ways to make stepping outside feel less intimidating.""}","[""What’s one space outside your home that feels inviting, and how could spending more time there open doors to new connections?""]",,,withdrawal,
5,0,"🛏️ Optimize Your Sleep  ","Create a Restful Space  ","Sure, here's the updated message with _CLIENTNAME_ included naturally:

🌙 **Darkness matters.** Use blackout curtains and turn off screens 30 minutes before bed to help your body wind down.

🧹 **Clear the clutter.** A tidy space isn’t just clean—it’s calming. Remove the laundry piles, work papers, and distractions. Your bedroom should whisper: *this is where rest happens,* _CLIENTNAME_.  

❄️ **Cool and cozy.** Keep your room between 60-67°F for optimal sleep. Lightweight bedding or a fan can make all the difference.

🚪 **Bed = Sleep.** No work, no scrolling. Train your brain to associate your bed with rest and relaxation.

🌿 **Add soothing touches.** Lavender scents, calming soundscapes, or soft lighting create an atmosphere of peace.

Set the tone for rest, and let your space do the work. Sweet dreams start here. ✨",clear30,Break-Reason,Improve Sleep Quality,"{""🛏️ How do you optimize your sleep environment?"":""https://www.reddit.com/r/sleep/comments/17tzgog/how_do_you_optimize_your_sleep_environment/"",""🧘‍♂️ What can you do that make your bed room more relaxing and positive place?"":""https://www.reddit.com/r/AskReddit/comments/a89uva/what_can_you_do_that_make_your_bed_room_more/""}","{""🛏️ Can You Help Me Troubleshoot My Sleep Space?"":""Hey Claire, I want to create a restful bedroom but need help figuring out what changes to make. Can you ask me questions to understand my current setup and guide me through adjustments that could improve my sleep? I’d love to work together to make my space feel perfect for rest.""}","[""What’s one change you could make to your bedroom to make it feel like a true sanctuary for rest?""]",,,withdrawal,
6,0,"🛠️ Day 0: Build an Environment That Reflects You  ","Support Your True Desires  ","Self-control isn’t about battling your impulses every second, _CLIENTNAME_—it’s about creating an environment that supports what you truly want.

Your immediate urges (*first-order desires*) might say, *“Smoke to feel better now,”* but your deeper self (*second-order desires*) wants health, clarity, and control. The key to aligning these? **Shape your surroundings to reflect your long-term goals, not quick fixes.**

🧠 **Make self-control easier.** Keep weed out of sight—or out of your space entirely. When the temptation isn’t right there, you don’t have to rely on willpower alone.

🏡 **Design for your future self.** A clean, organized space and positive surroundings help anchor you to who you’re becoming—not who you’re trying to leave behind.

Your environment is more than a backdrop—it’s a tool. Align it with your deeper goals, and let it guide you toward the person you’re ready to be. ✨",clear30,Break-Reason,Improve Self-Control and Intention,,"{""🏡 Can You Help Me Design My Space for Success?"":""Hey Claire, I want to create an environment that supports my long-term goals, but I’m not sure where to start. Can you help me figure out how to adjust my surroundings—both physical and mental—to reflect what I truly want? I’d love your guidance on making self-control easier and designing a space that feels like my future self.""}","[""What’s one change to your space that would make self-control feel automatic instead of a struggle?""]",,,withdrawal,
7,1,"💪 Day 1: Starting Strong  ","Progress Starts Here  ","Day 1 is a fresh start—a chance to reset and grow. Withdrawal might feel tough, but it’s your body **recalibrating** and getting stronger. 💪  

**Stay hydrated** 💧 to flush THC and keep your mind clear. _CLIENTNAME_, even a short walk can lift your mood and help with cravings, so make sure to **get moving** 🏃‍♂️.

**Set yourself up for rest** 🛏️ tonight. A solid sleep routine gives your body the recovery it needs to adjust.  

Each glass of water, each step forward, is proof you’re making progress. *Day 1 is where it begins.* 🌟",clear30,,,"{""🛠️ Manage Withdrawal"":""https://www.youtube.com/watch?v=J-1neoDfLzo"",""💰 Quitting Weed Made Me Rich"":""https://www.youtube.com/watch?v=VBtfB9DhFFo"",""🕒 How Long Do Withdrawals Last"":""https://www.reddit.com/r/AskReddit/comments/ovrqxx/how_long_do_cannabis_withdrawals_last_anxiety/"",""⏳ How long does weed withdrawal last?"":""https://www.reddit.com/r/addiction/comments/136z3ze/how_long_does_weed_withdrawal_last/"",""🤔 What to Expect from Marijuana Withdrawal"":""https://www.healthline.com/health/marijuana-withdrawal"",""📘 My Personal Guide for Withdrawal Symptoms"":""https://www.reddit.com/r/leaves/comments/1hmj0u/my_personal_guide_for_withdrawal_symptoms/""}","{""💪 Facing Withdrawal Head-On Together"":""Hey Claire, Day 1 is tough, and withdrawal is hitting me. Can you ask me about my symptoms and help me talk through what I’m feeling? I’d also love some ideas for what I can say to myself in the moment to stay grounded and remind myself that this is progress, not failure.""}","[""What’s one small step you could take today to feel proud of how you started this journey?""]","{""Withdrawal Meditation"":""https://m.clear30.org/withdrawal.mp3""}",,withdrawal,withdrawal-core-message
8,1,"💥 Going Cold Turkey  ","Reframe Withdrawal, Build Strength  ","Withdrawal isn’t a setback, _CLIENTNAME_—it’s your body **recalibrating** and *breaking free.* 💡 That irritability or sleeplessness? It’s not failure—it’s proof you’re making progress.  

**Each uncomfortable moment**, _CLIENTNAME_, is your body adjusting, rebuilding, and reminding you of the choice you’ve made. The tougher it feels, the stronger your resolve becomes—**you’ve already come too far to turn back.**  

Reframe it: withdrawal isn’t pain; it’s *progress.* **Every moment you push through is a step closer to freedom.** 🌟🔥",clear30,Goal30,"I want to completely stop
",,"{""💥 Can You Help Me Stay Strong Through Withdrawal?"":""Hey Claire, I’m going cold turkey, and withdrawal is tough. Can you ask me about what I’m feeling right now and help me reframe these symptoms as progress? I’d also love some quick, actionable strategies to manage things like irritability or sleeplessness in the moment.""}","[""What’s one way you can reframe withdrawal as a sign of **progress**, and how does that shift your perspective on the journey? ""]",,,withdrawal,
9,1,"🧠 Reset Your Brain  "," Embrace the Challenge  ","Quitting after smoking 4-5 days a week is a big shift. Cannabis affected your **CB1 receptors**—mood, sleep, and perception all relied on it. Now that you’ve stopped, _CLIENTNAME_, your brain is rebalancing. The discomfort you feel? **It’s healing in action.**  

💪 **Withdrawal is tough, but temporary.** Anxiety, irritability, and sleep issues are part of your brain recalibrating. Instead of fearing them, see them for what they are—**progress.** Each hard moment is building your strength.  

🌱 **A clearer perspective is ahead.** As cannabis leaves your system, you’ll start to see life without the haze, fully in your control.

Every tough moment now is leading to something better. Keep going—you’re closer than you think. 🌟",clear30,Days-Using,"4-5 days a week ","{""🚭 How to stop smoking weed everyday"":""https://www.reddit.com/r/IWantToLearn/comments/7lh5ib/iwtl_how_to_stop_smoking_weed_everyday/""}","{""🧠 Can You Help Me Adjust After Daily Use?"":""Hey Claire, I’ve been smoking almost every day, and now that I’ve stopped, things feel different. Can you ask me questions to help me understand what’s going on in my brain and guide me through this adjustment? I’d also like your support in finding ways to handle whatever comes up, whether it’s physical or emotional.""}","[""What’s onechallenging symptom you’ve experienced, and how can seeing it as part of your brain’s *healing process* change the way you face it? ""]",,,withdrawal,
10,1,"🧠 Reset Your Brain  "," Embrace the Challenge  ","Quitting after smoking 6-7 days a week is a big shift, _CLIENTNAME_. Cannabis affected your **CB1 receptors**—mood, sleep, and perception all relied on it. Now that you’ve stopped, your brain is rebalancing. The discomfort you feel? **It’s healing in action.**  

💪 **Withdrawal is tough, but temporary.** Anxiety, irritability, and sleep issues are part of your brain recalibrating. Instead of fearing them, see them for what they are—**progress.** Each hard moment is building your strength.

🌱 **A clearer perspective is ahead.** As cannabis leaves your system, you’ll start to see life without the haze, fully in your control.

Every tough moment now is leading to something better. Keep going—you’re closer than you think. 🌟",clear30,Days-Using,6-7 days a week,,"{""🧠 Can You Help Me Adjust After Daily Use?"":""Hey Claire, I’ve been smoking almost every day, and now that I’ve stopped, things feel different. Can you ask me questions to help me understand what’s going on in my brain and guide me through this adjustment? I’d also like your support in finding ways to handle whatever comes up, whether it’s physical or emotional.""}","[""What’s onechallenging symptom you’ve experienced, and how can seeing it as part of your brain’s *healing process* change the way you face it? ""]",,,withdrawal,
11,1,"🌀 Breaking Free from the Loop  "," Stability Over Highs and Lows  ","Smoking might feel less like fun and more like a cycle: **wanting weed, smoking, being high, repeat.** It’s not about enjoying the high—it’s about avoiding the lows.

Quitting breaks that loop. Yes, _CLIENTNAME_, withdrawal is tough, but it’s temporary. 💡 Each craving and moment of discomfort is your brain recalibrating, bringing you closer to stability.

Start creating new routines—walks, hobbies, mindfulness—to replace the habit. Each small step builds freedom from the rollercoaster of highs and lows, giving you clarity and control over your life again. You’ve got this. 🌟",clear30,Trigger,"Reduce/stop withdrawal symptoms
",,"{""🌀 Can You Help Me Rewrite My Loop?"":""Hey Claire, I’ve realized that smoking has become less about the highs and more about avoiding the lows. Can you help me explore what’s driving this cycle and work with me to rewrite it? I’d love to discover new ways to respond to those low moments and find routines that actually make me feel grounded and free.""}","[""What’s one new routine you could create to replace the smoking cycle, and how might it bring more *stability* to your day? ""]",,,withdrawal,
12,1,"🚀 Your Final Break  ","Becoming Someone Who Doesn’t Smoke  ","This is your moment, _CLIENTNAME_. The last time you’ll face withdrawal. You’ve chosen to quit for good, and with each craving you resist, you’re stepping further into your new identity: **someone who doesn’t smoke.**  

💡 **Reclaim your narrative, _CLIENTNAME_.** Each time you think, *“I don’t smoke,”* you’re reinforcing the decision you’ve already made. Withdrawal isn’t just something to endure—it’s your brain recalibrating, reshaping itself to match the person you've become.  

Every tough moment now is creating the freedom you’ve been working toward. This isn’t just about quitting—it’s about fully becoming who you want to be. Keep going, _CLIENTNAME_. The future is yours. 🏁🔥",clear30,Then-What,I want to stop cannabis/weed use entirely,,"{""🚀 Can You Help Me Step Into My New Identity?"":""Hey Claire, I’ve decided to quit for good, and I want to use cravings as a way to strengthen my new identity as someone who doesn’t smoke. Can you ask me questions to help me see these moments differently and guide me toward small actions that align with the person I’m becoming?""}","[""What does it mean to you to fully embrace the identity of someone who doesn’t smoke, and how can this mindset shape your future? ""]",,,withdrawal,
13,1,"💪 Build Motivation by Facing the Challenge  ","Strength Through Every Step  ","Quitting cannabis is a bold move—and you’ve already proven your strength by starting. Each craving you resist isn’t just about today—it’s building your ability to tackle bigger challenges tomorrow.

**Here’s the truth:** Every time, _CLIENTNAME_, you push through discomfort, you’re training your brain to handle hard things. Resisting cravings now will show up in other parts of your life—sticking to goals, staying focused, and taking control.

This break isn’t just about stopping weed—it’s about building a stronger, more disciplined you. **Each step forward is proof you’re capable of so much more.** Keep going. 🌟",clear30,Break-Reason,"Increase Motivation
",,"{""💪 Can You Help Me Find Strength in Cravings?"":""Hey Claire, I want to use cravings as a way to build my motivation and discipline. Can you ask me questions to help me reframe the challenge of resisting as proof of my strength? I’d also like your guidance on how to stay focused when the discomfort feels overwhelming.""}","[""What’s one way resisting cravings now is helping you build strength for challenges in other areas of your life? ""]",,,withdrawal,
14,1,"🧠 Withdrawal and the Power of Experience  ","Learn, Adapt, and Grow  ","You’ve been here before, _CLIENTNAME_—facing cravings and discomfort. Maybe a past break didn’t go as planned, but that experience wasn’t wasted. **It gave you knowledge.**  

This time, you know where withdrawal hits hardest. Use that understanding to anticipate tough moments and navigate through them.  

**Withdrawal is temporary, but resilience lasts.** Each craving you resist is your brain recalibrating—proof you’re moving forward.  

You’ve got this, _CLIENTNAME_. You’re stronger, smarter, and more prepared than before. 🌟",clear30,Previous-Break,"Did not maintain
","{""📉 Study shows daily cannabis use reduces pain tolerance"":""https://www.youtube.com/watch?v=MnnhuwnYl-A"",""🩺 OHSU study: Cannabis helps treat chronic pain, but not by much"":""https://www.youtube.com/watch?v=ppg6yfOu_ls"",""🌿 Weed is so damn hard to takes breaks from when you use it for pain management. Any advice/words of wisdom would be awesome!"":""https://www.reddit.com/r/trees/comments/18vwzud/weed_is_so_damn_hard_to_takes_breaks_from_when/""}","{""🧠 Can You Help Me Use What I’ve Learned from Past Breaks?"":""Hey Claire, I’ve faced withdrawal before, and I want to use what I’ve learned to handle it better this time. Can you ask me questions to help me reflect on where withdrawal hits hardest for me and guide me in creating a plan to tackle those moments with more confidence?""}","[""How has your past experience with withdrawal prepared you to handle challenges now, and what’s one lesson you’re using to keep moving forward? ""]",,,withdrawal,
15,2,💪 Day 2: Riding Out Cravings,"Strength in Every Wave  ","Cravings aren’t forever—they’re **your brain adjusting.** *Like waves, they rise, peak, and fade.* Each one you ride out makes you stronger, teaching your brain resilience.  

When a craving hits, **pause and notice it.** Is it stress? Restlessness? Remind yourself, _CLIENTNAME_: *this is temporary.* Move your body, grab a snack, or reach out to a friend to shift your focus.  

Every wave you resist rewires your brain. **You’re not just enduring—you’re growing.** Keep going—you’ve got this. 🌟",clear30,,,"{""🌿 Weed cravings timeline"":""https://www.reddit.com/r/trees/comments/83o5qw/i_havent_smoked_in_5_months_but_i_am_really/"",""🧘 Guided meditation to curb cravings"":""https://www.youtube.com/watch?v=1B5YeONdRTk&t=151s"",""❓ When do weed cravings stop or at least let up?"":""https://www.reddit.com/r/recovery/comments/z4arvf/when_do_weed_cravings_stop_or_at_least_let_up/"",""📘 A Pot-Positive Guide on How to Fight the Urge to Get High All the Time"":""https://www.reddit.com/r/eldertrees/comments/i6jfqp/a_potpositive_guide_on_how_to_fight_the_urge_to/"",""🧠 How Dopamine Influences Cravings: Neuroscientists Explain (MedicalXpress)"":""https://medicalxpress.com/news/2024-12-dopamine-neuroscientists.html""}","{""🌊 Tackling Cravings with Confidence"":""Hey Claire, cravings feel intense right now, and I want to get through them without giving in. Can you ask me questions to help me pause, notice what’s triggering the craving, and figure out a way to shift my focus? I’d like to feel more in control as I ride this wave.""}","[""What’s one craving you noticed today, and how did you handle it—or how might you approach it *next time*?""]","{""Cravings Meditation"":""https://m.clear30.org/cravings.mp3"",""Triggers Meditation"":""https://m.clear30.org/triggers.mp3""}",,withdrawal,cravings-your-triggers
16,2,"💪 Riding Out Cravings  ","Reclaiming Your Power Over Pain  ","If you’ve been using cannabis to manage pain, _CLIENTNAME_, cravings can feel like a tug-of-war. But here’s something to think about: **pain isn’t just discomfort—it’s your body’s way of asking for care.**  

Cannabis might have dulled the signal, but it didn’t address the root cause. Now, as cravings hit, it’s a chance to explore other tools—stretching, heat packs, deep breathing—that calm your mind and body together.  

**Every craving you resist isn’t just breaking a habit—it’s reclaiming control.** You’re proving to yourself that pain doesn’t define you—you do. 🌟",clear30,Trigger,Relieve pain,,"{""🌿 Can You Help Me Reclaim Control Over Cravings and Pain?"":""Hey Claire, I’ve been using cannabis to manage pain, and cravings are making it hard to adjust. Can you ask me questions to help me understand what my body is asking for and guide me in exploring new ways to care for myself during these moments? I want to feel more in control and less defined by discomfort.""}","[""What’s one new way you’ve found to manage discomfort without cannabis, and how does it feel to reclaim control over your body? ""]",,,withdrawal,
17,2,"💪 Exploring the High Without Weed  ","Redefining What You Love  ","You just like being high. That’s the trigger—it’s simple, it’s honest. But here’s the twist: **what if the feeling you’re chasing wasn’t about the weed, _CLIENTNAME_, but about what it unlocked?**  

Try this: *create your own high.* What’s something that gives you that same lifted feeling? Is it the adrenaline from trying something new, the focus you find in flow, or the calm after pushing yourself physically? Go chase it—run, dance, laugh until your sides hurt. *Experiment with what makes you feel alive.*  

This break isn’t about losing that feeling—it’s about learning how to create it on your own terms. The high you loved wasn’t about escape—it was about connection. And now, you get to explore just how big that connection can be. 🌟",clear30,Trigger,Just like being high,"{""🚭 I can never smoke weed ever again. And I’m okay with that now."":""https://www.reddit.com/r/leaves/comments/1hra1oe/i_can_never_smoke_weed_ever_again_and_im_okay/""}","{""🌟 How Can I Find My High Without Weed?"":""Hey Claire, I’ve realized I just love the feeling of being high, but I want to explore how to recreate that without weed. Can you ask me questions to help me figure out what activities or moments could give me that same sense of joy, focus, or calm? Let’s experiment with what makes me feel alive.""}","[""What’s one activity that gives you a natural high, and how can exploring it deepen your connection to what makes you feel alive? ""]",,,withdrawal,
18,2,"💤 Riding Out Night Cravings  ","Reclaiming Restful Sleep  ","If you’ve relied on cannabis to fall asleep, _CLIENTNAME_, cravings at night can feel tough. But here’s the truth: **falling asleep faster with weed often comes at the cost of deep, restorative rest.**  

Cannabis suppresses REM sleep—the stage where your brain processes emotions and clears toxins. Skipping the weed lets your natural sleep cycles return, helping you wake up clearer and more refreshed.  

**Tonight, try this:** Dim the lights, play calming music, or stretch. *Your body knows how to sleep—it just needs the chance to remember.*  

Every craving you resist at night is a step toward reclaiming the quality of your rest. 🌙",clear30,Trigger,To Fall Asleep,"{""😴 T-Break Sleep Question"":""https://www.reddit.com/r/Petioles/comments/g5zo3a/tbreak_sleep_question/"",""🌙 Quitting Weed and Deep Sleep"":""https://www.reddit.com/r/HubermanLab/comments/1aujj0t/quitting_weed_and_deep_sleep/""}","{""🌙 Can You Help Me Reclaim My Natural Sleep?"":""Hey Claire, I’m finding it hard to fall asleep without cannabis, but I want to give my brain a chance to reset. Can you guide me through understanding how cravings and sleep cycles connect, and help me create a nighttime routine that rebuilds my natural ability to rest? I want to feel confident that this is leading to deeper, better sleep.""}","[""What’s one new bedtime ritual you can try tonight to help your body rediscover restful sleep without cannabis? ""]",,,withdrawal,
19,2,"💪 Riding Out Cravings  ","Breaking Free from the Cycle  ","When cravings hit, it’s not just about wanting weed—it’s about escaping withdrawal. **But here’s the truth:** every moment you resist, you’re breaking the cycle that keeps withdrawal in control.

Cannabis might have eased those symptoms temporarily, _CLIENTNAME_, but it also kept them coming back. Cravings and withdrawal feed into each other, creating a loop. By facing the discomfort now, you’re teaching your brain to recalibrate and letting your body regain balance.

**Each craving you resist isn’t just progress—it’s a step closer to freedom from this cycle.** Withdrawal won’t last forever, but the strength you’re building will. Keep going. 🌟",clear30,Trigger,Reduce/stop withdrawal symptoms,"{""🔄 A reminder for people who relapse"":""https://www.reddit.com/r/leaves/comments/1caodjj/a_reminder_for_people_who_relapse/"",""🍃 Relapsed and it's definitely not worth it"":""https://www.reddit.com/r/leaves/comments/1hr6m4x/relapsed_and_its_definitely_not_worth_it/""}","{""🔗 Can You Help Me Break the Craving Cycle?"":""Hey Claire, cravings feel overwhelming, and I want to break free from the cycle. Can you ask me questions to help me understand how cravings and withdrawal are connected and guide me in finding ways to push through these moments? I want to feel like I’m taking real steps toward freedom.""}","[""What’s one thought or action that helps you break the craving cycle, and how does it remind you that freedom is within reach? ""]",,,withdrawal,
20,2,"💪 Riding Out Cravings  ","Turning Boredom into Opportunity  ","Cravings often creep in when you’re bored, _CLIENTNAME_—when there’s nothing to distract you, and the habit feels like the easiest way to fill the space. But here’s the thing: **boredom isn’t the enemy—it’s an invitation.**  

Boredom creates space for creativity and discovery. Instead of reaching for weed, try leaning into that space. What’s something you’ve been curious about? A book you’ve been meaning to read? A project you’ve been putting off? When a craving hits, **pause and ask yourself:** *What could I create or explore right now?*  

**Every craving you resist is a chance to turn boredom into something meaningful, _CLIENTNAME_.** You’re not just breaking a habit—you’re building a life filled with intention and curiosity. 🌟",clear30,Trigger,Reduce boredom,"{""🍃 Sobriety is meant to be boring."":""https://www.reddit.com/r/leaves/comments/100gx2m/sobriety_is_meant_to_be_boring/"",""🚭 To anyone thinking of smoking, trust me it’s boring af"":""https://www.reddit.com/r/leaves/comments/14cl130/to_anyone_thinking_of_smoking_trust_me_its_boring/"",""🎨 Hobbies and good habits to replace smoking? Thread of ideas"":""https://www.reddit.com/r/leaves/comments/qq6tzm/hobbies_and_good_habits_to_replace_smoking_thread/""}","{""🤯 Can You Help Me Turn Boredom into Something Meaningful?"":""Hey Claire, cravings hit hardest when I’m bored, but I want to use that space for something better. Can you ask me questions to help me figure out what I could create, explore, or learn right now? I want to turn these moments into opportunities instead of reaching for weed.""}","[""What’s one curiosity or project you could explore the next time boredom strikes, and how might it turn a craving into an opportunity? ""]",,,withdrawal,
21,2,"💪 Riding Out Cravings  ","Navigating Triggers in Your Closest Relationships  ","When your closest friend or partner is your trigger, cravings can feel personal—like you’re stuck between connection and change. **But this is also where the strongest growth happens.**  

Think about this: *What role does this person play in your cravings?* Are they offering weed, or does their presence remind you of past routines? Recognizing the dynamic _CLIENTNAME_ is the first step. **This isn’t about distancing—it’s about redefining how you connect.**  

Next time a craving hits around them, *pause.* Take control of the moment. Suggest an activity that doesn’t center on smoking—*a walk, a game, or just talking.* Cravings tied to relationships aren’t just about the weed—they’re about breaking patterns and finding new ways to engage.  

Each wave you ride out strengthens not just your resilience, but your relationships—making space for connections built on clarity, not habit. 🌟",clear30,Trigger,My closest friend / partner,,"{""🤝 Can You Help Me Handle Cravings Around People I’m Close To?"":""Hey Claire, I’ve noticed cravings often hit when I’m with certain people, like a friend or partner. Can you help me figure out what’s triggering these moments and guide me toward ways to connect with them that don’t involve smoking? I want to feel more in control and build healthier patterns in these relationships.""}","[""What’s one pattern or trigger in a close relationship that fuels your cravings, and how could you redefine that connection to support your growth?""]",,,withdrawal,
22,2,"💪 Rediscovering Creativity  ","What Happens Without Weed  ","If weed was your creative spark, _CLIENTNAME_, this break might feel like you’ve lost your edge. But here’s the experiment: **what if the creativity wasn’t coming from weed, but from the pause it created?**  

When a craving hits, don’t fight it—*follow it.* Grab a notebook, a guitar, or anything that lets your mind wander. *What does the craving want to create?* Without the haze, you might find sharper ideas, clearer thoughts, or even a new way to approach your craft.  

The creativity you’re seeking isn’t gone—it’s waiting. This break isn’t about losing something; it’s about proving that the spark was always yours. The craving is just a signal—it’s your brain asking you to pick up the brush, the pen, or the idea, and see what you can do. 🌟",clear30,Trigger,Enhance creativity,,"{""🎨 Can You Help Me Redefine Creativity Without Weed?"":""Hey Claire, I’ve always felt like weed sparked my creativity, but I want to understand what’s really behind it. Can you guide me through exploring how I can rediscover my creative flow without relying on weed? Maybe we can figure out what inspires me naturally and how I can build habits that unlock my best ideas.""}","[""What’s one creative spark you can explore the next time a craving hits, and how might it show you that the creativity was always yours? ""]",,,withdrawal,
23,2,"💪 Riding Out Cravings  "," Stress as a Signal  ","When stress hits, smoking might feel like a quick way to escape. But stress isn’t inherently bad—it’s your body’s way of saying, *something needs attention.* It’s a call to action, not just something to numb or avoid.

Instead of turning to weed, try listening to what stress is telling you. Is there a change you need to make? _CLIENTNAME_, do you just need a moment to reset? Deep breathing, a walk, or writing down your thoughts can help you manage stress without masking it.

**Every craving you resist is a step toward handling stress with clarity and control.** You’re learning to respond, not react—and proving that you don’t need to escape to move forward. 🌟",clear30,Trigger,Stress relief / relax,"{""🌿 Cannabis withdrawal is exacerbating my anxiety terribly"":""https://www.reddit.com/r/Anxietyhelp/comments/1b35ogu/cannabis_withdrawal_is_exacerbating_my_anxiety/""}","{""🌬️ Can You Help Me Respond to Stress Instead of Reacting?"":""Hey Claire, when stress hits, I usually want to smoke to escape, but I want to handle it differently this time. Can you ask me questions to help me figure out what my stress is telling me and guide me toward a clear and productive way to respond?""}","[""What’s one message your stress might be trying to send you, and how can you respond to it in a way that brings clarity instead of escape? ""]",,,withdrawal,
24,2,"💪 Facing the Craving  "," Finding Freedom From Escape ","If escaping negative thoughts or emotions was your reason for smoking, _CLIENTNAME_, cravings might feel like the only way to quiet the noise. But here’s the shift: **what if the craving isn’t an urge to escape, but an invitation to face what’s beneath?**  

Next time the craving rises, *pause.* Close your eyes, take a deep breath, and ask yourself: *What am I really feeling right now?* Anxiety? Sadness? Stress? Instead of running from it, sit with it for just a moment. Cravings aren’t enemies—they’re signals from your mind, asking you to listen.  

This isn’t easy, but every time you pause and notice, you’re building resilience. You’re teaching your brain that discomfort is temporary, and you can handle it without escaping. *Freedom isn’t found in avoiding the feelings—it’s in learning that they won’t break you.* 🌟",clear30,Trigger,Escape from negative thoughts / emotions,"{""🚭 quitting weed after 2 years of smoking daily."":""https://www.reddit.com/r/selfimprovement/comments/1fu21mg/quitting_weed_after_2_years_of_smoking_daily/""}","{""🌀 Can You Help Me Face What’s Beneath My Craving?"":""Hey Claire, cravings feel like they’re pushing me to escape, but I want to understand what’s really underneath them. Can you ask me questions to help me notice what I’m feeling in the moment and guide me toward sitting with those emotions instead of running from them?""}","[""What’s one feeling a craving has revealed to you, and how can sitting with it instead of escaping help you find freedom? ""]",,,withdrawal,
25,2,"💪 Breaking the Habit Loop  ","Redefining Automatic Moments  ","If your trigger is smoking out of habit, cravings might feel less like a pull and more like a routine you fall into without thinking. But here’s the opportunity: **what if those automatic moments became intentional ones?**  

Next time you reach for weed out of habit, *pause.* Ask yourself: *What does this moment actually need?* Is it boredom asking for engagement? Rest asking for stillness? When you identify the need, replace the habit—*step outside, sip tea, or even just stretch for a moment.*  

_CLIENTNAME_, habits thrive on autopilot, but breaking the loop starts with one conscious choice. Each time you pause, you’re proving to yourself that your day doesn’t have to run on automatic—you’re the one in control. 🌟",clear30,Trigger,Out of habit,"{""🚫 How do u break the habit"":""https://www.reddit.com/r/leaves/comments/1cu0iup/how_do_u_break_the_habit/"",""💡 Any tips for surviving the “habit-killing” period?"":""https://www.reddit.com/r/leaves/comments/14bzeoc/any_tips_for_surviving_the_habitkilling_period/""}","{""🔄 Can You Help Me Break My Habit Loop?"":""Hey Claire, I’ve noticed that cravings often come from habit, not intention. Can you ask me questions to help me pause and figure out what my triggers are in the moment? I’d love your help in finding small, meaningful actions I can take instead of falling back into the routine.""}","[""What’s one automatic moment where you usually smoke, and how could you turn it into an intentional choice instead? ""]",,,withdrawal,
26,2,"💪 Navigating Temptation  ","When Weed Is Everywhere ","If your trigger, _CLIENTNAME_, is weed simply being around, the challenge isn’t just cravings—it’s proximity. **But availability doesn’t mean inevitability.**

Take a moment to assess your space. *Is weed sitting out where you see it daily?* Move it out of sight, or ask someone you trust to hold onto it. Proximity feeds impulse, but distance creates clarity.

When you’re in a social setting and it’s there, _CLIENTNAME_, *pause.* Ask yourself: *Do I really want this, or is it just easy?* This isn’t about removing temptation entirely—it’s about building the muscle to see it and choose differently.

The more you practice this, the less power availability holds over you. **Weed being there doesn’t define your choice—you do.** 🌟",clear30,Trigger,It is available around me generally,,"{""👀 Can You Help Me Handle Temptation When Weed Is Around?"":""Hey Claire, it’s tough when weed is right there, whether at home or in social settings. Can you ask me questions to help me think through how I can create distance or handle these moments with more clarity? I want to feel confident in my ability to choose differently, even when it’s nearby.""}","[""What’s one step you can take to create distance from temptation, and how might it strengthen your ability to choose differently? ""]",,,withdrawal,
27,2,💪 Enhancing Without Weed," Rediscovering the Spark","If your trigger is wanting to enhance work, music, or even chores, here’s the shift: **what if the feeling you’re chasing isn’t in weed, but in the way you engage with the moment?**  

Try this: *redefine the experience.* If it’s music, listen to something completely new and focus on the rhythm or lyrics. If it’s chores, _CLIENTNAME_, turn them into a challenge—race the clock or create a playlist to match the mood. The key isn’t adding something external—it’s about finding joy in how you approach the task.  

Enhancement isn’t about what you consume—it’s about how you show up. Each time you embrace the moment without weed, you’re proving that the spark you’re seeking has always been yours to create. 🌟",clear30,Trigger,Wanting to enhance things chores work or movies or music,"{""🎶 How did quitting weed impact your music and film habits? I fear music will be bad sober"":""https://www.reddit.com/r/leaves/comments/1gi06t9/how_did_quitting_weed_impact_your_music_and_film/""}","{""✨ How Can I Make Things Fun Without Weed?"":""Claire, I’ve always used weed to make things—like music or chores—more enjoyable, but now I’m wondering what happens without it. Can you guide me to rethink how I approach these moments? Maybe there’s a way to enjoy them differently, or even discover something totally unexpected.""}","[""What’s one moment or task you’ve enhanced without weed, and how did shifting your approach bring out the spark you were seeking? ""]",,,withdrawal,
28,2,"💪 Navigating Friendships  ","Redefining Connection  ","If your trigger is your friends, _CLIENTNAME_, cravings can feel like a test—choosing between connection and change. But here’s the truth: **your friendships don’t have to revolve around weed.**  

Think about this, _CLIENTNAME_: *What do you love most about spending time with them?* Is it the laughter, the conversations, or the sense of belonging? Those moments aren’t tied to weed—they’re tied to the bond you share.  

Next time you’re with them, suggest something new—a hike, a game, or simply hanging out without smoking. Notice how connection feels when it’s about being present, not about the habit. **Friendship built on clarity grows stronger—because it’s about the people, not the routine.** 🌟",clear30,Trigger,My friends,"{""🚫 Don't throw your \""weed friends\"" away !"":""https://www.reddit.com/r/leaves/comments/xbh3pw/dont_throw_your_weed_friends_away/"",""🚬 How do you navigate friends that smoke?"":""https://www.reddit.com/r/leaves/comments/1avav87/how_do_you_navigate_friends_that_smoke/"",""🛑 Did you have to stop hanging out with your stoner friends after you quit?"":""https://www.reddit.com/r/leaves/comments/1dkefb5/did_you_have_to_stop_hanging_out_with_your_stoner/""}","{""🤔 How Can I Navigate Friendships Without Smoking?"":""Hey Claire, spending time with my friends often involves smoking, and I want to figure out how to connect without it. Can you ask me questions to help me understand what I value most in those friendships and guide me toward ways to strengthen those bonds without weed?""}","[""What’s one way you could connect with friends without weed, and how might it deepen the bond you share? ""]",,,withdrawal,
29,3,"💪 Day 3: Finding Your ""Why"""," The Anchor to Your Journey ","Every journey starts with a reason. Today is about reconnecting with yours. **Why did you decide to take this break?** What are you hoping to gain—clarity, control, better health, stronger relationships?

Your “why” is the foundation of your Clear30, _CLIENTNAME_. It’s what steadies you when cravings creep in or motivation feels thin. Take a moment to reflect: *What inspired you to start? How do you want to feel when this journey ends?* **Write it down, keep it close, and let it remind you of the bigger picture.**

You’re not just making changes—you’re creating meaning. Keep building. 🌟",clear30,,,"{""❓ [Question] How do I find my \""why\""?"":""https://www.reddit.com/r/getdisciplined/comments/10c0ll7/question_how_do_i_find_my_why/"",""🌿 How do you quit weed when you can't find a reason to?"":""https://www.reddit.com/r/Healthygamergg/comments/1dd1a0w/how_do_you_quit_weed_when_you_cant_find_a_reason/"",""🎙️ Simon Sinek: How To Find Your 'Why?' In 15 Minutes"":""https://www.youtube.com/watch?v=1CuZyq6ckGE"",""🎯 Find your why: How to stay motivated and reach your goals"":""https://www.hprc-online.org/mental-fitness/performance-psychology/find-your-why-how-stay-motivated-and-reach-your-goals"",""🔑 The Power of Knowing Your Why: How It Can Change Your Life"":""https://medium.com/@francesco.saviano87/the-power-of-knowing-your-why-how-it-can-change-your-life-ab9166b8ae1b"",""💡 [Advice] If you struggle with staying motivated, read this."":""https://www.reddit.com/r/getdisciplined/comments/c6v0l1/advice_if_you_struggle_with_staying_motivated/""}","{""📝 Finding My “Why”"":""Hey Claire, I know this break is important, but I want to reconnect with why I started. Can you ask me questions to help me reflect on what inspired me to take this step and what I’m hoping to gain from it? I’d love to create something I can hold onto when things get tough.""}","[""What’s your **biggest reason** for starting this journey, and how does it *inspire you* to keep going?""]",,,withdrawal,your-why
30,3,"💪 Clarity as Your Why  ",Seeing Yourself Clearly,"If mental clarity is part of your “why,” _CLIENTNAME_, take a moment to ask: **What does clarity really mean to you?** Is it sharper focus, fewer distractions, or being fully present in your own thoughts? Sometimes, clarity isn’t just about clearing the mind—it’s about *seeing yourself without the haze.*  

Here’s a powerful angle: **what have you been avoiding noticing?** Weed might have blurred not just stress or boredom, but also the truths you didn’t want to face—your potential, your needs, your deeper goals. Clarity isn’t just about thinking clearly—it’s about having the courage to look at the full picture, even the parts that feel uncomfortable.  

This break is your lens. Each moment without weed is sharpening how you see your mind, your life, and your choices. Lean into it. The clearer you get, the more equipped you’ll be to shape what comes next. 🌟",clear30,Break-Reason,Gain Mental Clarity,,"{""🔍 Can You Help Me Explore What Clarity Means to Me?"":""Hey Claire, I’ve realized that mental clarity is part of my “why,” but I want to dive deeper into what that really means for me. Can you ask me questions to help me understand what I’ve been avoiding noticing and guide me toward seeing myself more fully without the haze?""}","[""What’s one **truth** you’ve started to notice about yourself during this break, and how has clarity helped you see it more *clearly*? ""]",,,withdrawal,
31,3,"💪 Anxiety and Your Why  ",Turning Fear Into Focus,"If reducing anxiety is your “why,” think about what that really means. A “why” isn’t just a goal—it’s a lens. It sharpens your decisions, giving you something steady to hold onto, _CLIENTNAME_, when the chaos creeps in. **Anxiety thrives in uncertainty, but your “why” gives you clarity.**  

Here’s a fresh angle: **your “why” isn’t just about the absence of anxiety—it’s about what you want to create in its place.** Is it calm? Presence? The ability to tackle challenges without overthinking? When anxiety rises, ask yourself: *Does this moment bring me closer to that vision or pull me away from it?*  

Your “why” becomes your anchor. It’s not just a reminder of what you’re working toward—it’s a tool to guide you in every anxious moment. The next time fear speaks louder than focus, use your “why” to steady yourself. 🌟",clear30,Break-Reason,Reduce Anxiety,,"{""🛠️ Can You Help Me Use My “Why” to Handle Anxiety?"":""Hey Claire, anxiety is part of why I started this journey, and I want to use my “why” as a way to steady myself. Can you ask me questions to help me figure out what I want to create in place of anxiety and guide me in using my “why” to focus when fear takes over?""}","[""What’s one **positive feeling** or outcome you want to create in place of anxiety, and how can your “why” help you *stay focused* on it? ""]",,,withdrawal,
32,3,💪 Breaking Free from Your Head," Your Why as a Compass","If your “why” is to get out of your own head, reflect on this: **What’s waiting for you outside of those thoughts?** A “why” isn’t just a reason—it’s a direction. It’s what pulls you out of the loop and into the life you’re trying to reconnect with.

Here’s an angle: **being stuck in your head isn’t just about overthinking—it’s about what overthinking keeps you from, _CLIENTNAME_.** Your “why” is the thing that matters more than the noise. Is it being present with loved ones, feeling lighter in your day, or focusing fully on what’s in front of you?

When you catch yourself spiraling, pause and ask: *Does this thought serve my why? Or does it pull me further from it?* Your “why” isn’t just a goal—it’s your compass, helping you break free from the distractions in your mind and point you toward what matters most. 🌟",clear30,Break-Reason,Reduce Being Stuck in Own Head,,"{""🧭 Can You Help Me Use My “Why” to Escape My Head?"":""Hey Claire, I’ve been stuck in my own thoughts, and I want to use my “why” to guide me back to what really matters. Can you ask me questions to help me figure out what my “why” points me toward and how I can use it to stop spiraling and stay grounded in the moment?""}","[""What’s one **moment or experience** you’ve missed because of overthinking, and how can your “why” guide you to *be more present* moving forward? ""]",,,withdrawal,
33,3,💪 Better Sleep as Your Why,Aligning Rest With Your Goals,"If better sleep is your ""why,"" _CLIENTNAME_, think about what it truly represents. **It’s not just about sleeping more—it’s about the energy, focus, and calm that come with waking up refreshed.** Sleep isn’t the end goal—it’s the foundation for everything else you want to achieve.

Here’s a question: **What habits have been standing between you and real rest?** Was it weed disrupting your natural rhythms, or routines that made falling asleep feel like a struggle? Your “why” gives you a reason to rebuild, piece by piece: better sleep hygiene, mindful evenings, and choices that make rest easier to reach.

Each night you commit to this goal, you’re choosing more than sleep—you’re choosing clarity, focus, and the strength to tackle each day. 🌟",clear30,Break-Reason,Improve Sleep Quality,"{""💤 6 tips for better sleep | Sleeping with Science, a TED series"":""https://youtu.be/t0kACis_dJE?si=eSbHFV8yQ_uOaaTR""}","{""🌙 Can You Help Me Build Habits for Better Sleep?"":""Hey Claire, better sleep is my “why,” but I want to understand what’s been standing in the way and how I can rebuild habits that support real rest. Can you ask me questions to help identify what’s disrupting my sleep and guide me toward small changes that align with my goal?""}","[""What’s one **habit** you’ve changed to improve your sleep, and how is it helping you build the *focus and energy* you need for your goals? ""]",,,withdrawal,
34,3,💪 Self-Control as Your Why," Taking Back the Wheel","If improving self-control is your “why,” reflect on this: **What does control mean to you?** Is it the freedom to act with intention instead of impulse? The ability to pause and choose, rather than react? _CLIENTNAME_, your “why” isn’t just about resisting—it’s about regaining trust in yourself.  

Here’s a shift: **self-control isn’t about perfection—it’s about alignment.** Every time you pause before acting, every decision you make that reflects your goals, you’re reinforcing the person you want to be. Ask yourself: *Does this choice bring me closer to my why, or further from it?*  

Your “why” is more than a reason—it’s your guide. Each step forward proves that control isn’t something you’ve lost—it’s something you’re rebuilding, stronger than before. 🌟",clear30,Break-Reason,Improve Self-Control and Intention,,"{""🛑 Can You Help Me Strengthen My Self-Control?"":""Hey Claire, I want to focus on improving my self-control and rebuilding trust in my decisions. Can you ask me questions to help me reflect on what control means to me and guide me toward making choices that align with my goals?""}","[""What’s one **choice** you’ve made recently that aligned with your goals, and how did it help you rebuild *trust in yourself*? ""]",,,withdrawal,
35,3,💪 Reducing Dependency as Your Why,What Does Freedom Look Like?,"If your “why,” _CLIENTNAME_, is to reduce dependency, think deeply: **What does freedom from weed mean to you?** Is it waking up with clarity, making decisions without the pull of habit, or trusting yourself to handle life without a crutch? A strong “why” isn’t just a reason—it’s a vision of what’s possible.  

Here’s a thought: **your “why” doesn’t just pull you forward—it gives context to your cravings.** When you feel the urge to use, ask yourself: *Does this choice serve the life I’m trying to create? What need am I trying to fill, and how else can I meet it?*  

Your “why” also grows with you. As you experience moments of clarity, presence, or freedom during this break, let those add to your “why.” It’s not static—it’s a living, evolving guide to the version of yourself you’re becoming. 🌟",clear30,Break-Reason,Reduce Dependency on Cannabis,,"{""🌿 Can You Help Me Explore Freedom From Weed?"":""Hey Claire, reducing my dependency is my “why,” but I want to dig deeper into what freedom from weed really means to me. Can you ask me questions to help me reflect on what I’m gaining during this break and how I can use those moments to strengthen my vision for the future?""}","[""What does **freedom** from dependency look like for you, and how can your “why” help you create the *life you envision*? ""]",,,withdrawal,
36,3,💪 Exploring Life Without Weed,Rediscovering What’s Possible,"If your “why” is to explore life without weed, think about this: **What parts of your life might feel sharper, clearer, or more meaningful without it?** Exploration isn’t just about stepping away—it’s about noticing what shifts when you do.  

Take a moment to reflect on a recent experience: Did a conversation feel more real? _CLIENTNAME_, did time seem to stretch longer? These moments are clues, showing you what’s possible when weed isn’t steering the experience.  

Your “why” isn’t just about seeing what you’re leaving behind—it’s about discovering what’s been waiting all along. Each choice to stay curious brings you closer to the clarity and connection you’re seeking. 🌟",clear30,Break-Reason,Explore Life Without Cannabis,,"{""🔍 Can You Help Me Explore Life Without Weed?"":""Hey Claire, I want to better understand how my life feels without weed. Can you ask me questions to help me notice what’s different—like moments that feel clearer or more meaningful? I’d like to explore how things are shifting as I step away from the habit.""}","[""What’s one **moment** you’ve experienced recently that felt sharper or more meaningful without weed, and how does it inspire your *exploration* moving forward? ""]",,,withdrawal,
37,3,"💪 Improving Health as Your Why ","Building Strength From the Inside Out  ","If your “why” is to improve your overall health, _CLIENTNAME_, ask yourself: **What does health mean to you—not just physically, but mentally and emotionally?** Health isn’t just numbers or habits—it’s about creating the strength to show up for the life you want.  

Here’s a perspective: **health is the result of tiny, consistent choices.** The craving you pause, the walk you take instead of reaching for a distraction, the clarity you gain when your body isn’t working to recover from the haze—these are the moments that compound into lasting change.  

Take a moment to notice: How does your body feel today compared to before your break? Is there more energy, steadier focus, or better sleep? Let these small wins add to your why, _CLIENTNAME_, proving that every choice you make is strengthening the foundation you’re building for yourself. 🌟",clear30,Break-Reason,Improve Overall Health,"{""🏋️ IWTL how to replace smoking weed with exercise and creative hobbies"":""https://www.reddit.com/r/IWantToLearn/comments/hjukcj/iwtl_how_to_replace_smoking_weed_with_exercise/""}","{""💪 Can You Help Me Reflect on My Health Progress?"":""Hey Claire, improving my health is my “why,” and I want to think about how the small changes I’m making now can set me up for long-term goals. Can you ask me questions to help me figure out what I’m working toward and what habits will support that vision for the future?""}","[""What’s one **small change** you’ve noticed in your body or mind during this break, and how does it reflect the *healthier foundation* you’re building? ""]",,,withdrawal,
38,3,"💪 Better Lungs as Your Why ",Every Breath Matters,"If your “why” is healthier lungs, think about this: **What does breathing fully, deeply, and freely mean to you?** Your lungs don’t just fuel your body—they connect you to everything around you. Each breath is a moment of energy, focus, and presence.

Here’s something to reflect on: **how did smoking shape the way you breathe?** _CLIENTNAME_, were your breaths shallow, restricted, or tied to the habit? With each day of your break, your lungs are repairing, giving you the ability to breathe more deeply and fully.

Take a moment today to slow down and breathe deeply—feel the strength in each inhale. Every breath you take now is a step toward the freedom your body deserves. 🌟",clear30,Break-Reason,Improve Lung Health,,"{""🌬️ Can You Help Me Reconnect With My Breath?"":""Hey Claire, healthier lungs are my “why,” and I want to explore how smoking shaped the way I breathe. Can you guide me through reflecting on what breathing fully means to me and help me practice slowing down to notice the changes in my breath?""}","[""What’s one **moment** when you’ve noticed your breathing improving, and how does it remind you of the *freedom* you’re gaining? ""]",,,withdrawal,
39,3,💪 Productivity as Your Why," Focused Effort, Real Progress ","If your “why” is to increase productivity, _CLIENTNAME_, think about this: **What does being productive mean to you?** Is it about finishing tasks, feeling clear-headed, or creating the space to focus fully? Productivity isn’t just doing more—it’s about doing what matters with intention.  

Here’s the shift: **productivity thrives on clarity, not shortcuts.** Reflect on the moments during this break when your mind felt sharper or when a task felt easier without distractions. What patterns are emerging that you can carry forward?  

Your “why” isn’t just about checking things off a list—it’s about building a mindset where effort feels meaningful and progress feels steady. Each focused moment you create now is bringing you closer to that rhythm. 🌟",clear30,Break-Reason,Increase Productivity,,"{""📋 Can You Help Me Build a Clearer Approach to Productivity?"":""Hey Claire, I want to use this break to become more productive, but I’m still figuring out what that looks like for me. Can you ask me questions to help me reflect on what being productive really means and guide me toward creating patterns that support focus and progress?""}","[""What’s one **task or moment** that felt clearer or more focused during this break, and how does it show you the *value* of intentional effort? ""]",,,withdrawal,
40,3,💪 Motivation as Your Why,"Building Momentum That Lasts ","If your “why” is to increase motivation, ask yourself: **What does motivation feel like when it’s real?** Is it the spark of starting something new, or the steady momentum of following through? Motivation isn’t about waiting for the right moment—it’s about creating it.  

Here’s a shift: **motivation thrives on small wins.** The brain craves progress, not perfection. _CLIENTNAME_, think back to a recent task you completed—did finishing it make the next step feel easier? That’s how momentum works. Each action, no matter how small, fuels the next.  

Your “why” isn’t just about feeling motivated—it’s about proving to yourself that motivation is something you can generate, not something you wait for. Start small today: finish one thing, no matter how minor, and notice how it changes your energy. 🌟",clear30,Break-Reason,Increase Motivation,"{""🪴 How marijuana saps motivation"":""https://www.reddit.com/r/OhioMarijuana/comments/pxizfo/marijuana_can_unquestionably_destroy_motivation/""}","{""🔥 Can You Help Me Build Motivation That Sticks?"":""Hey Claire, motivation is my “why,” and I want to figure out how to create it instead of waiting for it. Can you ask me questions to help me reflect on small wins I’ve had recently and guide me toward taking one action today that builds momentum?""}","[""What’s one **small win** you’ve had recently, and how did it spark the *motivation* to keep moving forward? ""]",,,withdrawal,
41,3,💪 Saving Money as Your Why," Investing in What Matters","If your “why” is to save money, _CLIENTNAME_, think about this: **What do you want to create with the resources you’re reclaiming?** Is it the freedom to travel, a sense of security, or the ability to invest in experiences that truly enrich your life?  

Here’s the perspective: **money spent on weed wasn’t just a cost—it was a choice.** Reflect on how those dollars added up over weeks or months. What could they have been building instead? Picture what saving that money now can unlock—a goal you’ve been waiting to pursue, or the stability that brings peace of mind.  

Your “why” isn’t just about spending less—it’s about aligning your finances with the future you want to create. Each choice to save today builds toward something bigger. 🌟",clear30,Break-Reason,Save Money,,"{""💰 Can You Help Me Align My Spending With My Goals?"":""Hey Claire, saving money is my “why,” and I want to figure out how to make my choices today align with the future I want. Can you ask me questions to help me reflect on what I’ve been spending on weed and what I’d love to build instead? Let’s work together to create a plan I’m excited about.""}","[""What’s one **goal or experience** you could invest in with the money you’re saving, and how does it reflect the *future* you’re working toward? ""]",,,withdrawal,
42,3,💪 Better Relationships as Your Why,Showing Up Fully,"If your “why” is to improve your relationships, ask yourself: **What do the people in your life need most from you?** Is it your attention, your presence, or your ability to listen without distraction? Your “why” isn’t just about change for you—it’s about what that change brings to the people you care about.

Here’s a thought: **connection thrives in presence.** Think back to a recent moment with someone close to you, _CLIENTNAME_. Were you fully there, or were you distracted—by habits, by thoughts, or by the pull of routine? Imagine how that moment could feel with more focus, more clarity, and more intention.

Your “why” is more than a goal—it’s a commitment to showing up as the version of yourself your loved ones deserve. Each step you take now strengthens those bonds in ways that last. 🌟",clear30,Break-Reason,Improve Current Relationships,"{""❤️ Dr. Paul Conti: How to Build and Maintain Healthy Relationships | Huberman Lab Guest Series"":""https://www.youtube.com/watch?v=eMqWH3LYiII""}","{""🤝 Can You Help Me Strengthen My Relationships?"":""Hey Claire, improving my relationships is my “why,” and I want to figure out how I can show up more fully for the people I care about. Can you ask me questions to help me reflect on where I’ve been distracted and guide me toward actions that build deeper connections?""}","[""What’s one **moment** you’ve shared recently where you felt truly present, and how can your “why” help you bring that *focus* to your relationships more often? ""]",,,withdrawal,
43,3,💪 Reducing Loneliness as Your Why," Building Real Connection","If your “why” is to feel less lonely and create stronger connections, _CLIENTNAME_, take a moment to reflect on this: **What does meaningful connection look like to you?** Is it deeper conversations, shared experiences, or feeling seen and understood?  

Here’s a shift: **connection starts with curiosity.** Instead of waiting for relationships to come to you, ask yourself: *What can I offer?* When was the last time you reached out, asked a question, or shared something personal? Connection often grows not in grand gestures, but in the small, intentional acts that let others feel valued.  

Your “why” isn’t just about filling the space where loneliness used to live—it’s about building a life rich with meaningful relationships. Each interaction, no matter how small, is a step toward creating the connections you’re looking for. 🌟",clear30,Break-Reason,Enhance Social Connections,,"{""🌱 Can You Help Me Build More Connection?"":""Hey Claire, I want to reduce loneliness and create stronger relationships, but I’m not sure where to start. Can you ask me questions to help me reflect on what meaningful connection looks like for me and guide me toward small actions I can take to feel more connected today?""}","[""What’s one **small act** you can take today to nurture a connection, and how might it help reduce feelings of *loneliness*? ""]",,,withdrawal,
44,3,💪 Passing Your Drug Test as Your Why,The First Step to Opportunity,"If your “why” is to pass a work-required drug test, think about what that test represents. **It’s not just a hurdle—it’s the gateway to stability, growth, and the opportunities waiting for you.**  

Here’s something to reflect on: **this break is your preparation, not just for the test, but for what comes next.** The habits you’re reshaping now—discipline, focus, and clarity—are tools _CLIENTNAME_ you'll carry forward into the next chapter of your life.  

Passing the test is more than just a moment. It’s proof that you’re ready to move toward the opportunities you deserve, with intention and confidence. 🌟",clear30,Break-Reason,Pass Work-Required Drug Test,,"{""🎯 Can You Help Me Stay Focused on My Goal?"":""Hey Claire, passing a drug test is my “why,” but I want to stay motivated by thinking about what this step means for my future. Can you ask me questions to help me reflect on the opportunities this opens up and guide me toward habits that prepare me for what’s next?""}","[""What’s one **opportunity** passing your drug test will open up, and how does this break prepare you to *embrace it fully*? ""]",,,withdrawal,
45,3,⚖️ Finding Your Why Beyond Legal Obligations,Reframing the Challenge,"If meeting legal obligations is what brought you to this break, _CLIENTNAME_, think about what it represents. **It’s not just about compliance—it’s a moment to reset, reflect, and ask yourself: What do I want my life to look like beyond this?**  

Here’s a shift: **what if this challenge isn’t just an obstacle, but an opportunity?** Use this time to explore what matters most to you. Is it rebuilding trust with others? Feeling free from dependence? Creating stability that no one can take away?  

Your “why” isn’t just about fulfilling a requirement—it’s about reclaiming your direction. Each step you take now moves you closer to the version of yourself that you’re ready to become. 🌟",clear30,Break-Reason,Meet Legal Obligations,,"{""⚖️ Can You Help Me Find Meaning Beyond This Requirement?"":""Hey Claire, meeting legal obligations is why I started this break, but I want to go deeper and figure out what this time can mean for me personally. Can you ask me questions to help me reflect on what I value most and guide me toward making this challenge an opportunity for growth?""}","[""What’s one **goal or value** you want to focus on beyond meeting obligations, and how can this break help you *reclaim your direction*? ""]",,,withdrawal,
46,4,🩺 Day 4: Symptom Check-In," Listening to Your Body","By now, _CLIENTNAME_, you might be noticing symptoms—whether it’s restlessness, trouble sleeping, or moments of irritability. **These signals aren’t setbacks—they’re your body’s way of recalibrating and adjusting to change.**  

Here’s the thing: **symptoms are personal.** What you’re feeling is unique to you, and the best way to navigate it is to name it. Take a moment to add your symptoms to the symptom cards. By doing this, you’ll receive tailored texts and support for what you’re going through—turning what feels overwhelming into something manageable.  

Every symptom you track is part of the process, proof that your body is doing the work to heal. It might feel tough now, but each day brings you closer to balance. Stay curious about what you’re experiencing—it’s how you learn what your body needs. 🌟",clear30,,,"{""🍃 what withdrawal symptoms have you experienced from quitting cannabis cold turkey?"":""https://www.reddit.com/r/leaves/comments/runxvj/what_withdrawal_symptoms_have_you_experienced/""}","{""🩺 Understanding My Symptoms"":""Hey Claire, I’m noticing some changes in my body, but I’m not sure what they mean or how to handle them. Can you ask me questions to help me name what I’m feeling and figure out ways to support my body as it recalibrates?""}","[""What’s one **symptom** you’ve noticed, and what do you think your body might be *trying to tell you*?""]",,,withdrawal,
47,4,🩺 Day 4: Sleep and Energy Check-In,Rebuilding Your Natural Rhythm,"**Your brain does its deepest work while you sleep.** REM sleep—essential for emotional processing and energy restoration—is often disrupted by weed. *Now that your body is recalibrating, _CLIENTNAME_, you might feel more restless, groggy, or drained.* These aren’t setbacks—they’re signs of healing.

*How’s your sleep or energy today?* Are you finding it harder to rest deeply or stay energized? **Add what you’re feeling to the symptom cards.** Tracking these changes helps tailor support to your unique needs.

Each night you let your body adjust, you’re restoring the rhythms that lead to steady energy and genuine rest. 🌟",clear30,"Trigger
","To fall asleep
","{""🌙 Insomnia hacks"":""https://www.youtube.com/watch?v=DXB9tqn4LAg"",""🛌 Sleeping on a T-break"":""https://www.reddit.com/r/trees/comments/r5jze3/how_do_people_sleep_on_a_tolerance_break/"",""❓ Question on T-break sleeping"":""https://www.reddit.com/r/trees/comments/r5jze3/how_do_people_sleep_on_a_tolerance_break/""}","{""🌙 Can You Help Me Rebuild My Sleep and Energy?"":""Hey Claire, my sleep and energy feel off, and I want to understand what’s changing as my body adjusts. Can you ask me questions to help me reflect on how I’m feeling today and guide me toward small steps to support better rest and steady energy?""}","[""How has your **sleep or energy** shifted during this break, and what does it reveal about your body’s *healing process*? ""]","{""Sleep Meditation"":""https://m.clear30.org/sleep.mp3""}",,withdrawal,
48,4,🩺 Day 4: Sleep and Energy Check-In,Rebuilding Your Natural Rhythm,"**_CLIENTNAME_, did you know your brain does its deepest work while you sleep?** REM sleep—essential for emotional processing and energy restoration—is often disrupted by weed. *Now that your body is recalibrating, you might feel more restless, groggy, or drained.* These aren’t setbacks—they’re signs of healing.

*How’s your sleep or energy today, _CLIENTNAME_?* Are you finding it harder to rest deeply or stay energized? **Add what you’re feeling to the symptom cards.** Tracking these changes helps tailor support to your unique needs.

Each night you let your body adjust, _CLIENTNAME_, you’re restoring the rhythms that lead to steady energy and genuine rest. 🌟",clear30,Break-Reason,Improve Sleep Quality,"{""🌙 Insomnia hacks"":""https://www.youtube.com/watch?v=DXB9tqn4LAg"",""🛌 Sleeping on a T-break"":""https://www.reddit.com/r/trees/comments/r5jze3/how_do_people_sleep_on_a_tolerance_break/"",""❓ Question on T-break sleeping"":""https://www.reddit.com/r/trees/comments/r5jze3/how_do_people_sleep_on_a_tolerance_break/""}","{""🌙 Can You Help Me Rebuild My Sleep and Energy?"":""Hey Claire, my sleep and energy feel off, and I want to understand what’s changing as my body adjusts. Can you ask me questions to help me reflect on how I’m feeling today and guide me toward small steps to support better rest and steady energy?""}","[""How has your **sleep or energy** shifted during this break, and what does it reveal about your body’s *healing process*? ""]","{""Sleep Meditation"":""https://m.clear30.org/sleep.mp3""}",,withdrawal,
49,4,🩺 Day 4: Symptom Check-In,Navigating Depression with Awareness,"If your goal is to reduce depression, the symptoms you’re feeling now—low energy, restless nights, or moments of heaviness—might feel discouraging. **But these signals are more than discomfort—they’re your body’s way of showing it’s adjusting, recalibrating, and beginning to heal.**  

Take a moment to reflect: *What are you noticing most right now? What feels hardest to navigate?* Add these to the symptom cards. By tracking what you’re experiencing, _CLIENTNAME_, you’ll receive tailored texts to support you through the specific challenges you’re facing.

Each symptom is a piece of the puzzle, helping you understand your body and mind better. Depression can make progress feel invisible, but every step you take now—no matter how small—is leading you toward something lighter. 🌟",clear30,Break-Reason,Reduce Depression,,"{""🩺 Can You Help Me Make Sense of What I’m Feeling?"":""Hey Claire, I’m noticing symptoms like low energy and heaviness, and I want to understand what they mean as my body adjusts. Can you ask me questions to help me reflect on what I’m experiencing and guide me in tracking these changes so I can see progress more clearly?""}","[""What’s one **symptom** you’ve noticed during this break, and how might tracking it help you navigate the path toward *healing*? ""]",,,withdrawal,
50,4,🩺 Day 4: Symptom Check-In,Understanding Pain and Progress,"If you’ve used weed for pain relief, _CLIENTNAME_, this break might feel especially challenging. Pain doesn’t just fade overnight, and without weed, the discomfort might feel sharper right now. **But these signals are your body’s way of adjusting—it’s part of the process of finding new ways to heal.**  

What are you feeling today? *Tension? Restlessness? Pain in specific areas?* Add these to the symptom cards. By tracking your symptoms, _CLIENTNAME_, you’ll receive tailored support to help manage what you’re going through.  

This journey isn’t just about enduring pain—it’s about learning to listen to your body and find tools that bring real, lasting relief. Each symptom you explore brings you closer to understanding what your body needs, on its own terms. 🌟",clear30,Trigger,Relieve pain,,"{""🩺 Can You Help Me Understand My Pain?"":""Hey Claire, without weed, my pain feels sharper, and I want to figure out what it’s telling me. Can you ask me questions to help me reflect on what I’m feeling today and guide me toward small steps to manage it in a way that supports real healing?""}","[""What’s one **type of pain** you’ve noticed during this break, and how could exploring it help you find *lasting relief* beyond weed? ""]",,,withdrawal,
51,5,💪 Day 5: Boosting Your Break,"Move, Heal, Thrive  ","Clear30 isn’t just about quitting, _CLIENTNAME_—it’s about *reclaiming.* A brisk walk or a stretch might seem small, but it’s a quiet act of defiance against stagnation. Movement isn’t just physical—it clears the static in your mind and sets things in motion.  

Add a little support: **magnesium** for better sleep, **vitamin B** for steadier energy. These are the tools that help your body reset, slowly and deliberately, like tuning an instrument back into harmony.  

The choices you make today don’t need to be grand to matter. They’re building something lasting, something grounded. **Start small, stay intentional.** You’re reshaping more than habits—you’re reshaping yourself. 🌟",clear30,,,"{""🏋️ Go work out"":""https://www.reddit.com/r/leaves/comments/pvhdm6/go_work_out/"",""🏋️ Exercise will help"":""https://www.reddit.com/r/leaves/comments/4mc6m1/if_youre_trying_to_quit_exercise_really_helps/"",""🏋️ Exercise and cravings"":""https://www.youtube.com/watch?v=StM10jzbt1k&t=217s"",""🏋️ Replacing weed with exercise"":""https://www.reddit.com/r/IWantToLearn/comments/hjukcj/iwtl_how_to_replace_smoking_weed_with_exercise/"",""💊 Supplement to wean self off of marijuana?"":""https://www.reddit.com/r/Biohackers/comments/y9ae6p/supplement_to_wean_self_off_of_marijuana/"",""🏋️ Exercise can curb marijuana use and cravings"":""https://news.vanderbilt.edu/2011/03/04/exercise-can-curb-marijuana-use-and-cravings/"",""💊 Supplement N-acetylcysteine May Help With Drug Craving"":""https://www.bu.edu/aodhealth/2018/02/21/supplement-n-acetylcysteine-may-help-with-drug-craving/"",""🌿 🌿 Herbs & Supplements That Help Weed Withdrawals (Medium)"":""https://medium.com/@steve_76718/8-herbs-supplements-that-help-weed-withdrawals-9a6fabeda865"",""💊 Supplements to help with reducing acute withdrawal syndrome (marijuana specifically)?"":""https://www.reddit.com/r/Supplements/comments/su8127/supplements_to_help_with_reducing_acute/""}","{""🏃‍♀️ Adding Small Steps to Build Progress"":""Hey Claire, I want to make today feel intentional by adding small steps to support my break. Can you ask me questions to help me figure out how movement or little changes—like vitamins or stretching—might make a difference? I want to feel like I’m building something lasting.""}","[""What’s one *small, intentional choice* you made today to support your break, and how does it feel to be **reshaping your routine**?""]","{""Exercise Motivation Meditation"":""https://m.clear30.org/exercise.mp3""}",,mental_withdrawal,execrise-physical-health-supplements
52,5,"🏃‍♀️ Move to Connect ",Building Relationships Through Exercise,"Exercise can help reduce loneliness when you actively create opportunities for connection. Instead of working out alone, try a group class or walking meetup.

Start small—visit the same park or studio at the same time each week. Over time, _CLIENTNAME_, familiar faces become natural connections. **Consistency turns shared spaces into relationships.**

The takeaway? **Movement opens the door, but showing up builds the connections you’re looking for.** Take that step today. 🌟",clear30,Break-Reason,Enhance Social Connections,"{""🏋️ Does exercise help relieve the negative effects of social isolation?"":""https://www.reddit.com/r/askpsychology/comments/1azcxnu/does_exercise_help_relieve_the_negative_effects/"",""💪 Guys,exercise can help a little with your loneliness,you will feel good about yourself after"":""https://www.reddit.com/r/lonely/comments/1anjzxl/guysexercise_can_help_a_little_with_your/""}","{""🏃‍♀️ Can You Help Me Connect Through Movement?"":""Hey Claire, I want to use exercise not just for myself but as a way to connect with others. Can you ask me questions to help me figure out where to start—like finding group activities or building consistency in shared spaces? I want to turn movement into connection.""}","[""What’s one **way** you could use movement to connect with others, and how might it help you build *new relationships*? ""]",,,mental_withdrawal,
53,5,🫁 Repair Your Lungs,"Breathe Easier, Stay Strong","Your Clear30 is the perfect time to focus on healing your lungs, _CLIENTNAME_. Smoking may have affected your breathing, but **your lungs are resilient**—and every small step helps.  

Start with **diaphragmatic breathing**, _CLIENTNAME_. Inhale deeply into your belly, feel it expand, and exhale slowly. Simple movements like brisk walks or yoga can also rebuild lung capacity and boost your stamina. 🌬️🏃‍♂️  

Here’s the takeaway: **the stronger your lungs get, the more you’ll want to protect them**. Every deep breath and every step forward reinforces why quitting was the right choice. You’re not just healing—you’re proving what your body can do. 💪",clear30,Break-Reason,Improve Lung Health,"{""🏋️ Exercises to strengthen lungs"":""https://www.reddit.com/r/Fitness/comments/3b0g6z/exercises_to_strengthen_lungs/""}","{""🫁 Can You Help Me Strengthen My Lungs?"":""Hey Claire, I want to focus on healing my lungs during this break, but I’m not sure where to start. Can you ask me questions to help me explore simple ways to support my breathing—like exercises or small habits—and guide me toward noticing progress?""}","[""What’s one **step** you’ve taken to support your lungs during this break, and how does it remind you of your body’s *resilience*? ""]",,,mental_withdrawal,
54,5,💪 Move to Sleep Better," Let Exercise Be Your Sleep Aid","If you've been using weed to fall asleep, _CLIENTNAME_, exercise offers a powerful replacement. Movement doesn’t just tire your body—it **resets your natural rhythms.**  

A morning walk or light cardio boosts *melatonin production,* helping your body prepare for rest later. In the evening, gentle stretches or yoga *calm your nervous system* and tell your brain it’s time to unwind. 🌙  

Each step you take is teaching your body how to fall asleep naturally again. *You’re not just breaking a habit—you’re reclaiming your rest.*",clear30,Trigger,To fall asleep,,"{""🌙 Can You Help Me Use Movement to Sleep Better?"":""Hey Claire, I want to use exercise to help me fall asleep naturally, but I’m not sure what kind of movement would work best. Can you ask me questions to figure out how I can add this to my day—whether it’s a walk, stretches, or something else?""}","[""What’s one **movement or exercise** you could try today to support better sleep, and how might it help you *reclaim your rest*? ""]",,,mental_withdrawal,
55,5," 💪 Move for Control","Strengthen Your Body, Sharpen Your Mind","Exercise isn’t just about physical strength—it’s a tool for building **self-control.** Every time you choose to move, you’re reinforcing your ability to act intentionally rather than react impulsively.

Physical activity creates structure in your day, anchoring you to routines that make decisions easier, _CLIENTNAME_. Whether it’s a brisk walk or a challenging workout, exercise demands focus and follow-through, training your mind to stay disciplined long after you’re done.

Here’s the power of movement: **it’s proof you can choose action over impulse.** Every step forward is a reminder that control isn’t something you wait for—it’s something you create. 🌟",clear30,Break-Reason,Improve Self-Control and Intention,,"{""🏋️‍♀️ Can You Help Me Use Exercise to Build Control?"":""Hey Claire, I want to use exercise to strengthen my self-control, but I’m not sure how to start. Can you ask me questions to help me figure out what type of movement fits my day and how it can anchor me to more intentional choices?""}","[""What’s one **type of movement** that helps you feel more in control, and how can it remind you of your ability to *choose action over impulse*? ""]",,,mental_withdrawal,
56,5,💪 Move for Motivation," Use Action to Build Momentum","Motivation doesn’t just appear, _CLIENTNAME_—it’s something you spark through action. Exercise is a powerful way to fuel that spark. Every time you move—whether it’s a short walk, a yoga session, or a workout—you’re creating momentum that carries into the rest of your day.

Physical movement stimulates your brain to release **dopamine**, the same chemical tied to drive and reward. But here’s the magic: *it’s not the movement itself—it’s the act of showing up.* Each workout reminds you, _CLIENTNAME_, that motivation isn’t something you wait for—it’s something you build.

**Action creates motivation, not the other way around.** Start small, move intentionally, and watch how each step ignites the energy to keep going. 🌟",clear30,Break-Reason,Increase Motivation,,"{""🏃‍♂️ Can You Help Me Build Momentum Through Movement?"":""Hey Claire, I want to use exercise to spark motivation, but I’m not sure where to start. Can you ask me questions to help me choose a small action I can take today and show me how it can fuel my energy for what’s next?""}","[""What’s one **small action** you can take today to spark motivation, and how might it create momentum for the rest of your day? ""]",,,mental_withdrawal,
57,6,💪 Day 6: Strength in Connection,"Build Your Network ","Clear30 isn’t meant to be done alone. **Connection turns challenges into opportunities** and keeps you focused when things get tough.

Ask for support: *“I’m working on something important, _CLIENTNAME_—can you check in with me this week?”* Share wins, like, *“I made it to Day 6 and feel more energized!”* Lean on those who lift you up, and don’t underestimate the power of **judgment-free online spaces**.

**Every message you send strengthens your commitment.** Let others see the version of you that’s growing stronger every day. 💬✨",clear30,,,"{""🤝 How does leaning on friends for support work?"":""https://www.reddit.com/r/NoStupidQuestions/comments/1da1kyh/how_does_leaning_on_friends_for_support_work/"",""🌟 Lean On Your Friends. And Let Them Lean On You."":""https://roundglassliving.com/sunny/articles/lean-on-your-friends"",""💪 Those who don’t have much of a support system, how do you cope when life is rough?"":""https://www.reddit.com/r/Adulting/comments/14yhd45/those_who_dont_have_much_of_a_support_system_how/"",""🗣️ How do you ask for help and emotional support from your family/friends in a healthy way that prevents you from becoming a burden to them?"":""https://www.reddit.com/r/AskWomenOver30/comments/xld8v8/how_do_you_ask_for_help_and_emotional_support/""}","{""🤝 Can You Help Me Build Support During This Break?"":""Hey Claire, I know connection is key to staying strong, but I’m not sure how to ask for support or share my progress. Can you ask me questions to help me figure out who to reach out to and how to lean on others without feeling awkward?""}","[""Who’s someone you *trust* to support your break, and what’s one thing you could **share with them today**?""]","{""Positive Social Support Meditation"":""https://m.clear30.org/social.mp3""}",,mental_withdrawal,reaching-out-involving-others
58,6,💪 Connection as Strength,Building Support in Your 20s,"Under 21, _CLIENTNAME_, it’s easy to feel like you should figure everything out on your own—but **connection isn’t a weakness, it’s your greatest tool for growth.** The people around you can help you stay accountable, celebrate your wins, and offer perspective when things feel hard.  

Here’s something to try: **reach out to one person you trust and share what this break means to you.** It doesn’t have to be deep—*“I’m doing something challenging, and it would mean a lot if you checked in on me.”* These small moments of vulnerability create bonds that make challenges lighter and victories bigger.  

And don’t stop there—**online spaces can be powerful, too.** Look for communities where you can connect with others navigating similar journeys. Your 20s are about building the life you want, _CLIENTNAME_, and connection makes every step easier. The strongest people lean on others. 💬✨",clear30,"LO-Age
LO-Age","18-20
",,"{""💬 Can You Help Me Build Stronger Connections?"":""Hey Claire, I want to use this break to build better connections, but reaching out feels tough. Can you ask me questions to help me figure out who to trust and how to share what this journey means to me? I’d also love ideas for finding support online.""}","[""Who’s one **person** you could reach out to for support, and how might sharing your journey strengthen your *connection* with them? ""]",,,mental_withdrawal,
59,6,💪 Connection as Strength,Building Support in Your 20s,"Under 25, _CLIENTNAME_, it’s easy to feel like you should figure everything out on your own—but **connection isn’t a weakness, it’s your greatest tool for growth.** The people around you can help you stay accountable, celebrate your wins, and offer perspective when things feel hard.

Here’s something to try: **reach out to one person you trust and share what this break means to you.** It doesn’t have to be deep—*“I’m doing something challenging, and it would mean a lot if you checked in on me.”* These small moments of vulnerability create bonds that make challenges lighter and victories bigger.

And don’t stop there—**online spaces can be powerful, too.** Look for communities where you can connect with others navigating similar journeys. Your 20s are about building the life you want, and connection makes every step easier. The strongest people lean on others. 💬✨",clear30,"LO-Age
LO-Age",21-25,,"{""💬 Can You Help Me Build Stronger Connections?"":""Hey Claire, I want to use this break to build better connections, but reaching out feels tough. Can you ask me questions to help me figure out who to trust and how to share what this journey means to me? I’d also love ideas for finding support online.""}","[""Who’s one **person** you could reach out to for support, and how might sharing your journey strengthen your *connection* with them? ""]",,,mental_withdrawal,
60,6,"💪 Strength in Connection ","Turning Commitment Into Momentum ","If you started Clear30 somewhat committed, that’s okay—**growth doesn’t require perfection, it requires movement.** One of the fastest ways to deepen your commitment is by connecting with others. When you let someone in, _CLIENTNAME_, you’re creating accountability that helps turn “somewhat” into “all in.”  

Here’s an approach: **choose one person to share your progress with, and ask them to check in on you.** Not just a casual, “How’s it going?” but something specific, like, *“Can you remind me why I started this if I get off track?”* When someone else holds your “why,” it becomes easier to stay connected to it yourself.  

Commitment doesn’t have to happen all at once—it builds. Each conversation, each shared moment of vulnerability, adds fuel to the progress you’re making. Connection turns “maybe” into momentum. 💬✨",clear30,Commitment,Somewhat,,"{""💬Can You Help Me Strengthen My Commitment Through Connection?"":""Hey Claire, I started this journey somewhat committed, but I want to deepen that by leaning on others. Can you ask me questions to help me figure out who to share my progress with and how to ask for the kind of support that keeps me motivated?""}","[""Who’s one **person** you could ask to help remind you of your “why,” and how might their support turn *commitment* into momentum? ""]",,,mental_withdrawal,
61,6,"💪 Connection and Boundaries ",Navigating Friendships as a Trigger,"If your friends are a trigger, _CLIENTNAME_, it’s not just about saying no—it’s about redefining how you connect. **What if this break was a chance to see which friendships uplift you and which ones pull you back?**  

Here’s a shift: **instead of avoiding your friends, guide the connection.** Suggest activities that don’t involve smoking, like grabbing food, going for a walk, or watching a movie. Notice who supports your choice without pushing back—those moments reveal who’s invested in *you,* not just the habit.  

Your break isn’t just about stepping away from weed—it’s about stepping into relationships that align with your goals. The people who respect your growth are the ones who’ll help you keep climbing. 💬✨",clear30,Trigger,My friends,,"{""🤝 Can You Help Me Redefine My Friendships?"":""Hey Claire, my friends can sometimes be a trigger, and I want to figure out how to connect with them in ways that support my break. Can you ask me questions to help me explore which activities or boundaries could make these relationships align with my goals?""}","[""What’s one **friendship** you could redefine during this break, and how might setting boundaries strengthen your *connection*? ""]",,,mental_withdrawal,
62,7,"🎨 Day 7: Find Joy in New Moments ","Create Space for Discovery  ","Clear30 isn’t just about what you’re letting go of—it’s about what you’re making room for. Day 7 is the perfect time to explore hobbies that spark **curiosity** and **joy.**

When cravings hit, distractions aren’t just diversions—they’re opportunities. A walk in nature, a few strokes of paint, or diving into a new book doesn’t just fill the gap—it builds healthier, more meaningful habits for _CLIENTNAME_.

**Today’s challenge:** Spend 15 minutes on something that excites you. Whether it’s rediscovering an old passion or trying something completely new, let yourself be curious.

This journey isn’t just about saying no—it’s about saying yes to what makes life richer. 🌟",clear30,,,"{""🎨 hobbies that make everyday life sick"":""https://youtu.be/XqMlgXCzgjE?si=8IMe-eVgSI9xUWn3"",""🚭 Things to do instead of smoking weed"":""https://www.reddit.com/r/leaves/comments/jdy7b5/things_to_do_instead_of_smoking_weed/"",""🔄 More things to do instead of smoking weed"":""https://www.reddit.com/r/leaves/comments/djhjw5/a_list_of_things_to_do_instead_of_smoking_weed/"",""🎯 The trick to a T-break is just distractions"":""https://www.reddit.com/r/trees/comments/yh9g70/the_trick_to_a_tbreak_is_just_distraction/"",""🌿 Advice for distractions while taking a break from weed"":""https://www.reddit.com/r/trees/comments/6xufrb/any_advice_how_to_distract_yourself_when_making_a/"",""⭐ 50+ HOBBIES TO START IN 2025 ˗ˏˋ✩ˎˊ˗ become more *interesting* and PHONE LESS ✨ we are cool girls."":""https://www.youtube.com/watch?v=4HT2zcDqM1Y""}","{""🎨 Exploring Hobbies That Spark Joy"":""Hey Claire, I want to use today to explore something that sparks curiosity and joy. Can you ask me questions to help me figure out what I might try—whether it’s an old passion or something completely new? I want to make space for discovery.""}","[""What’s one activity you’ve *tried or rediscovered* this week that brought you **joy**, and how could it become a part of your routine?""]",,,mental_withdrawal,distractions-hobbies-staying-busy
63,7,🎨 Rediscovering Joy,"What’s Waiting Without Weed ","If weed felt like it helped more than it harmed, _CLIENTNAME_, this break might feel like a gap—like those moments of calm or creativity are harder to reach. But here’s something to consider: **what if the spark you felt with weed was never about the substance itself, but about the space it allowed you to pause and notice?**  

Today, as you explore something new or rediscover an old hobby, focus on creating that space for yourself intentionally. *Notice the details: the colors in your painting, the rhythm of your walk, or the sound of your environment.* What changes when you’re fully present?  

This isn’t about replacing what weed gave you—it’s about seeing how much of that creativity and connection was already yours, waiting to be uncovered. 🌟",clear30,Help-Harm,Mostly helping more than harming,,"{""🎨 Can You Help Me Rediscover My Spark Without Weed?"":""Hey Claire, I’ve been feeling like there’s a gap without weed, but I want to explore what’s already within me. Can you ask me questions to help me create space for moments of calm or creativity and guide me toward noticing what changes when I’m fully present?""}","[""What’s one **hobby or activity** you’ve rediscovered during this break, and how has being fully *present* changed the way you experience it? ""]",,,mental_withdrawal,
64,7,🎨 Rediscovering Joy,Moving Beyond What Held You Back,"If weed was harming more than helping, _CLIENTNAME_, it might feel like it held the key to those moments of joy or creativity. But here’s the shift: **the spark was never in the weed—it was in the pause it gave you.**  

Now, without it, ask yourself: *What happens when I create that pause intentionally?* Set aside time to sketch, cook, or even move your body to music. Notice how it feels to fully engage, without distraction or limits.  

Here’s the truth: **weed didn’t create your creativity—it borrowed from what was already there.** This break is your chance to reclaim that spark and explore how much more it can grow when it’s fully yours. 🌟",clear30,Help-Harm," Mostly harming more than helping",,"{""🎨 Can You Help Me Reclaim My Creativity Without Weed?"":""Hey Claire, I used to feel like weed sparked my creativity, but I want to see what happens when I create that pause on my own. Can you ask me questions to help me explore ways to engage fully—whether it’s through art, cooking, or something else—and rediscover what’s already within me?""}","[""What’s one **moment of creativity** you’ve experienced during this break, and how has reclaiming your spark helped you move beyond what held you back? ""]",,,mental_withdrawal,
65,7,🎨 Building Motivation," Staying Busy with Purpose","If motivation has felt distant, staying busy isn’t just a distraction—it’s an opportunity. **The secret isn’t doing more—it’s doing with intention.**  

Here’s the shift: *tie every task to your bigger “why.”* Cleaning your space isn’t just tidying—it’s creating an environment for clarity. A walk isn’t just exercise, _CLIENTNAME_—it’s space for your thoughts to breathe. When you connect the small things you do to the goals you’re working toward, motivation starts to grow naturally.  

Staying busy isn’t about filling time—it’s about aligning your actions with what inspires you. **Each intentional choice reminds you of what’s possible when you lean into the present.** 🌟",clear30,Break-Reason,Increase Motivation,,"{""💡 Can You Help Me Stay Busy With Purpose?"":""Hey Claire, motivation feels distant, but I want to align my actions with my goals. Can you ask me questions to help me tie the small things I do today—like cleaning, walking, or creating—to my bigger “why”? I want to turn staying busy into something meaningful.""}","[""What’s one **small task** you’ve done recently that felt purposeful, and how did connecting it to your *why* spark motivation? ""]",,,mental_withdrawal,
66,7,🎨 Building Motivation,"Reclaiming Your Days ","If you smoked most days, _CLIENTNAME_, time might feel unfamiliar now—stretched, empty, or even overwhelming. But here’s something to consider: **this space isn’t a void—it’s a blank canvas.**  

Try this: **build anchors into your day.** Start with two or three non-negotiables—things that give structure and momentum, like a morning walk, journaling, or prepping a meal. These aren’t just tasks—they’re touchpoints that create rhythm, giving your day a sense of direction and accomplishment.  

Daily smoking might have shaped your routine, but now you have the chance to shape something new—something intentional and aligned with how you want to feel. **The blank canvas isn’t the challenge—it’s the opportunity.** 🌟",clear30,Days-Using,6-7 days a week,,"{""🕒 Can You Help Me Reclaim My Days?"":""Hey Claire, my days feel wide open without smoking, and I want to rebuild them with purpose. Can you ask me questions to help me create a few non-negotiable habits that bring structure and momentum to my routine?""}","[""What’s one **anchor** you could add to your day to create rhythm, and how might it help turn your time into a *blank canvas* for something new? ""]",,,mental_withdrawal,
67,7,🎨 Rediscovering Joy," Exploring Natural Highs","If you loved the feeling of being high, this break might feel like something’s missing. But here’s a new perspective: **that sensation wasn’t just about the weed—it was *your brain* responding to an experience. _CLIENTNAME_, what if you could create that feeling naturally?**  

**Tap into activities that ignite your mind and body.** Go for a run and feel the rush of endorphins. Try a sport or something new—like rock climbing, swimming, or martial arts—that challenges your focus and coordination. *These aren’t just distractions—they’re ways to recreate the spark you’re searching for.*  

The high you loved wasn’t outside of you—it was *your brain, fully engaged.* This break is your chance to reconnect with those feelings in a way that’s authentic and lasting. 🌟",clear30,Trigger,Just like being high,,"{""🌟 Can You Help Me Rediscover My Highs Naturally?"":""Hey Claire, I’ve been missing the feeling of being high, but I want to explore ways to recreate that spark on my own. Can you ask me questions to help me find activities or experiences that ignite my mind and body, like exercise or something new?""}","[""What’s one **activity** that gives you a natural high, and how has exploring it helped you reconnect with your *authentic spark*? ""]",,,mental_withdrawal,
68,8,💪 Day 8: Celebrating Invisible Wins,The Growth You Don’t See,"Not all progress is loud, _CLIENTNAME_. Sometimes, it’s the quiet shifts that matter most. Maybe your thoughts feel **sharper** 🧠, your sleep a little **deeper** 🌙, or you’ve made **intentional choices** without even realizing it 🎯.  

These invisible wins are *laying the groundwork* for bigger breakthroughs. Each craving you resist, each mindful moment, is like bamboo growing roots—*strengthening quietly before visible growth appears.*  

**Take a moment today**, _CLIENTNAME_, to notice one of these subtle changes. Celebrate it. The work you’re doing now is shaping something extraordinary. Trust the process—you’re building a foundation for lasting change. 🌟",clear30,,,"{""🌟 The Transformative Power of Small Wins: Rethinking Progress and Potential"":""https://mbbshrabdullah.medium.com/the-transformative-power-of-small-wins-rethinking-progress-and-potential-2903a3909292"",""💬 Discussion How a deep understanding of the ripple effect helped me get disciplined and take charge of my life, after years of procrastinating?"":""https://www.reddit.com/r/getdisciplined/comments/es2tnk/discussion_how_a_deep_understanding_of_the_ripple/""}","{""🌱 Celebrating My Quiet Wins"":""Hey Claire, I know progress isn’t always obvious, but I want to take a moment to celebrate the quiet changes I’ve been making. Can you ask me questions to help me reflect on small shifts—like sharper thoughts or deeper sleep—that might be laying the foundation for bigger growth?""}","[""What’s one small **change** you’ve noticed in yourself this week, and how does it remind you that *progress* is happening, even if it’s quiet?""]",,,mental_withdrawal,noticing-early-wins-invisible-change
69,8," 💪 Celebrating Clarity ",Spotting the Subtle Shifts,"Mental clarity doesn’t arrive all at once—it builds in small, layered wins. **Each subtle shift is a sign that your brain is recalibrating, moving toward sharper focus and clearer thinking.**  

Here’s what to look for:  
- *Are your thoughts feeling less foggy, even for a moment?*  
- *Have you noticed yourself reflecting more deeply or making fewer impulsive decisions?*  
- _CLIENTNAME_, *is it slightly easier to focus or recall small details, like a name or task?*  

These aren’t just small changes—they’re evidence that your mind is resetting, layer by layer. Clarity isn’t about one big transformation. It’s about these quiet moments adding up over time, creating a sharper, more focused version of you.  

Trust the process, and keep noticing the progress. 🌟",clear30,Break-Reason,Gain Mental Clarity,,"{""🧠 Can You Help Me Recognize My Mental Clarity Wins?"":""Hey Claire, I’ve been working toward sharper focus and clearer thinking, but the changes feel subtle. Can you ask me questions to help me spot small shifts—like less foggy thoughts or better decision-making—that show my mind is recalibrating?""}","[""What’s one **small shift** in your mental clarity you’ve noticed, and how does it remind you of the *progress* you’re making? ""]",,,mental_withdrawal,
70,8,😌 Reducing Anxiety,Small Wins Already Happening,"When your goal, _CLIENTNAME_, is to reduce anxiety, progress can feel subtle—almost invisible. But even if anxiety hasn’t disappeared, there are signs that your mind is beginning to adjust.  

Have you noticed fewer *“what if”* thoughts creeping in? Maybe you’re calming down faster after feeling anxious, or your mind isn’t jumping to the worst-case scenario as often. These shifts, while small, show that your brain is learning to manage stress differently.  

Even physical signs—less tension in your shoulders or an easier time falling asleep—are wins. **Each one is proof that your mind is finding moments of calm, one layer at a time.**  

Anxiety doesn’t disappear overnight, but these small victories are laying the foundation for a calmer, steadier you. Keep noticing—progress is already happening. 🌿",clear30,Break-Reason,Reduce Anxiety,,"{""🌿 Can You Help Me Notice My Progress With Anxiety?"":""Hey Claire, reducing anxiety is my goal, but the progress feels subtle. Can you ask me questions to help me reflect on small wins—like fewer “what if” thoughts or moments of calm—that show my mind is adjusting?""}","[""What’s one **small win** you’ve noticed in managing anxiety, and how does it remind you that *progress* is already happening? ""]",,,mental_withdrawal,
71,8,"🌤️ Reducing Depression ",Small Wins You Might Be Missing,"When your goal is to reduce depression, progress can feel invisible. **Depression often casts a shadow that hides the subtle changes happening beneath the surface.** But even if it doesn’t feel dramatic yet, there are signs you’re moving forward, _CLIENTNAME_.  

Have you noticed moments where the heaviness lifts, even briefly? *Maybe your sad moments are shorter, or you’ve felt a flicker of interest in something simple, like a favorite song or a warm drink.* These aren’t just fleeting—they’re signs that your mind is starting to reconnect with the world.  

Even small bursts of energy or lighter mornings are wins. Depression doesn’t lift all at once—it eases in layers. **Each of these subtle shifts is proof that your brain is healing, bit by bit.** Keep noticing those moments—they’re the foundation of brighter days ahead. 🌤️",clear30,Break-Reason,Reduce Depression,"{""💡 Small and incredible changes I have noticed in myself since working on my depression"":""https://www.reddit.com/r/selfimprovement/comments/1hk0tex/small_and_incredible_changes_i_have_noticed_in/""}","{""🌤️ Can You Help Me Spot My Progress With Depression?"":""Hey Claire, reducing depression is my goal, but it’s hard to see the changes. Can you ask me questions to help me notice small moments—like lighter mornings or brief sparks of interest—that show my mind is beginning to heal?""}","[""What’s one **small moment** where you’ve felt lighter or more connected, and how does it remind you that *healing* is happening, even in subtle ways? ""]",,,mental_withdrawal,
72,8,😇 Breaking Free from Overthinking,Small Wins You’re Already Seeing,"If you’ve been stuck in your head, _CLIENTNAME_, progress can feel slow, but subtle changes are already happening. **Moments of calm, even brief, are signs your mind is beginning to unwind.**  

*Have you noticed it’s easier to focus on a task, even for a little longer?* Maybe you’re catching yourself spiraling and *snapping out of it faster.* These small shifts—**less second-guessing, more present interactions—are proof your mind is learning to trust itself again.**  

Breaking free from overthinking doesn’t happen overnight, but *each small win* is a step closer to clarity and presence. *Celebrate these moments—they’re the foundation of a freer, calmer mind.* 🌟",clear30,Break-Reason,Reduce Being Stuck in Own Head,,"{""🧠 Can You Help Me Notice Wins in Breaking Free From Overthinking?"":""Hey Claire, I’ve been working on overthinking less, but the progress feels subtle. Can you ask me questions to help me reflect on moments—like focusing more easily or snapping out of spiraling faster—that show my mind is beginning to trust itself again?""}","[""What’s one **small win** you’ve noticed in breaking free from overthinking, and how does it remind you of the *calm and clarity* you’re building? ""]",,,mental_withdrawal,
73,8,"😴 Small Wins in Better Sleep  ",The Signs of Progress,"If improving sleep is your goal, the changes might feel slow—but they’re happening. **Sleep improves in layers, and the subtle shifts are your first signs of progress.**  

*Have you noticed falling asleep is a little quicker or tossing and turning less at night?* Maybe _CLIENTNAME_, you’re waking up fewer times or feeling slightly more refreshed in the morning. Even dreaming more often is a sign your body is spending more time in the restorative REM stage.  

Each of these small wins means your body is adjusting, rebuilding its natural rhythm for deeper, more restful sleep. *Celebrate the progress, even if it feels small—it’s proof that better nights are ahead.* 🌙",clear30,Break-Reason,Improve Sleep Quality,,"{""🌙 Can You Help Me See Progress in My Sleep?"":""Hey Claire, I’m working on improving my sleep, but the changes feel subtle. Can you ask me questions to help me notice small signs—like fewer wake-ups or feeling slightly more refreshed—that show my body is starting to rebuild its natural rhythm?""}","[""What’s one **small improvement** you’ve noticed in your sleep, and how does it show that your body is *rebuilding its natural rhythm*? ""]",,,mental_withdrawal,
74,8,"🎯 Strengthening Self-Control ",Small Wins You’re Already Making,"Building self-control isn’t about instant mastery, _CLIENTNAME_—it’s about the small shifts that show you’re gaining more intention in your choices. **Every mindful decision is progress, even if it feels subtle.**  

*Have you noticed yourself pausing before acting or recognizing the moments that trigger impulsive behavior?* Maybe you’re setting better boundaries or finding it easier to stick to a small routine. These wins, no matter how small, show that you’re reclaiming control over your actions.  

Self-control grows layer by layer. **Each thoughtful choice builds a foundation for a more intentional life.** Celebrate these shifts—they’re proof that you’re creating something lasting. 🎯",clear30,Break-Reason,Improve Self-Control and Intention,,"{""🎯 Can You Help Me See My Progress With Self-Control?"":""Hey Claire, I’m working on building self-control, but the changes feel subtle. Can you ask me questions to help me reflect on small wins—like pausing before acting or sticking to routines—that show I’m becoming more intentional in my choices?""}","[""What’s one **mindful choice** you’ve made recently, and how does it show that you’re *gaining control* over your actions? ""]",,,mental_withdrawal,
75,8,"🌿 Reducing Dependency ","Noticing the Power of Choice  ","Breaking free from dependency isn’t just about saying no—it’s about **reclaiming your ability to choose.** Even if the changes feel subtle, they’re there, quietly reshaping your habits and routines.  

*Have you noticed moments where you paused before reaching for weed—or didn’t reach at all?* Maybe you’ve started finding other ways to handle stress or moments where the craving felt less intense, _CLIENTNAME_. These aren’t just small wins—they’re proof that your brain is beginning to rewire, step by step.  

Dependency thrives on autopilot. Each time you make a conscious choice, you’re proving that control is shifting back to you. **Every deliberate decision is a step toward the freedom you’re building—moment by moment.** 🌟",clear30,Break-Reason,Reduce Dependency on Cannabis,,"{""🌿 Can You Help Me Recognize My Wins in Reducing Dependency?"":""Hey Claire, I’m working on breaking free from dependency, but the progress feels subtle. Can you ask me questions to help me notice moments where I’ve made conscious choices—like pausing before acting or handling stress differently—that show I’m regaining control?""}","[""What’s one **moment** where you noticed yourself pausing before acting, and how does it show that you’re *reclaiming your power of choice*? ""]",,,mental_withdrawal,
76,8,🌍 Exploring Life Without Cannabis,"Small Wins That Show You’re Growing  ","Stepping away from cannabis, _CLIENTNAME_, is about more than what you’re leaving behind—it’s about the new opportunities unfolding. **Even if the shifts feel small, they’re happening.**  

*Have you noticed moments where your mind feels clearer or your curiosity sparks about something new?* Maybe your connections with others feel more genuine, or you’re reflecting on yourself in ways you hadn’t before. These subtle wins show that you’re starting to see life in sharper focus.  

Each clear thought, deeper connection, or burst of energy is proof that life without cannabis is opening up in ways you may not have expected. **Keep leaning into these moments—they’re the foundation for a richer, more vibrant version of you.** 🌟",clear30,Break-Reason,Explore Life Without Cannabis,,"{""🌍 Can You Help Me Notice What’s Changing Without Cannabis?"":""Hey Claire, stepping away from cannabis is a big shift, and I want to reflect on what’s opening up for me. Can you ask me questions to help me notice small wins—like clearer thoughts, deeper connections, or unexpected moments of curiosity—that show I’m growing?""}","[""What’s one **new experience** or perspective you’ve gained during this break, and how does it show that life without cannabis is *opening new doors*? ""]",,,mental_withdrawal,
77,8,"💚 Health Wins Already Happening ",How Your Break Is Helping,"Taking a break from weed isn’t just a pause—it’s a reset for your body. **Even if the changes feel small, your health is already shifting beneath the surface.**  

*Have you noticed waking up with more energy? Feeling less winded during daily activities?* Maybe, _CLIENTNAME_, your appetite feels more balanced, or your digestion is starting to stabilize. **These aren’t just minor shifts—they’re signs your body is healing, layer by layer.**  

Each day you give your body this space, you’re rebuilding strength and resilience. *Celebrate these wins—they’re proof that lasting health is within reach.* 💪🌿",clear30,Break-Reason,Improve Overall Health,,"{""💚 Can You Help Me See My Health Progress?"":""Hey Claire, I know my break is helping my body reset, but the changes feel subtle. Can you ask me questions to help me notice small health wins—like more energy or balanced appetite—that show my body is healing and getting stronger?""}","[""What’s one **health improvement** you’ve noticed during this break, and how does it remind you that your body is *healing and rebuilding*? ""]",,,mental_withdrawal,
78,8,"🫁 Supporting Your Lungs  ","Noticing the Quiet Progress  ","Improving your lung health doesn’t happen overnight, _CLIENTNAME_, but **each breath you take now is a small win for your body.**  

*Have you noticed moments where breathing feels just a little easier?* Maybe you’ve been able to walk longer without feeling winded, or your chest feels less tight than before. These subtle shifts are signs your lungs are beginning to heal, restoring their natural strength.  

Every deep breath, every step forward, is proof that progress is happening—even if it feels invisible at times. **Keep noticing these moments—they’re the foundation for healthier, stronger lungs.** 🌟",clear30,Break-Reason,Improve Lung Health,,"{""🫁 Can You Help Me See How My Lungs Are Healing?"":""Hey Claire, I know my lungs are getting stronger, but the changes feel subtle. Can you ask me questions to help me notice small wins—like easier breathing or feeling less winded—that show my lungs are beginning to heal?""}","[""What’s one **small change** you’ve noticed in your breathing, and how does it remind you of the *progress* your lungs are making? ""]",,,mental_withdrawal,
79,8,"💼 Small Wins in Productivity  "," Laying the Groundwork for Focus  ","Taking a break from weed isn’t just about stopping—it’s about creating space for sharper focus and better habits. **Even if the shifts feel small, they’re already happening.**  

*Have you noticed moments of clearer thinking?* Maybe you're starting tasks sooner or finding it easier to stick with them longer, _CLIENTNAME_. Even small decisions might feel quicker and more confident, freeing up mental space for what matters.  

Each of these changes—more focus, fewer distractions, steadier routines—are building the foundation for sustained productivity. **Celebrate the momentum you’re creating—it’s proof that every small win adds up to lasting success.** 💼✨",clear30,Break-Reason,Increase Productivity,,"{""💼 Can You Help Me See My Productivity Wins?"":""Hey Claire, I’ve been focusing on building better habits and sharper focus, but the progress feels small. Can you ask me questions to help me notice moments—like starting tasks sooner or feeling less distracted—that show I’m laying the groundwork for better productivity?""}","[""What’s one **small improvement** you’ve noticed in your focus or routines, and how does it show you’re *building momentum* toward lasting productivity? ""]",,,mental_withdrawal,
80,8," 🚀 Small Wins in Motivation  ","Reigniting Your Drive  ","Motivation doesn’t return all at once, _CLIENTNAME_—it grows through small shifts. **Each spark of interest, each action taken, is your drive rebuilding itself.**  

*Have you noticed moments of curiosity?* Maybe a task feels less daunting, or you’ve found yourself starting something without overthinking it. These small wins—like setting tiny goals or tackling chores you once avoided—show your motivation is coming back, layer by layer.  

Motivation builds momentum. **Each action, no matter how small, is a reminder that your drive is yours to create.** Celebrate these shifts—they’re paving the way for a more energized and focused future. 🚀",clear30,Break-Reason,Increase Motivation,,"{""🚀 Can You Help Me Reignite My Motivation?"":""Hey Claire, motivation feels like it’s growing slowly, but I want to notice the small steps I’m taking. Can you ask me questions to help me reflect on moments—like starting a task or feeling curious—that show my drive is coming back?""}","[""What’s one **small action** that reignited your motivation recently, and how does it remind you that your *drive* is rebuilding itself? ""]",,,mental_withdrawal,
81,8,"💸 Saving Money  ","Reclaiming Your Resources  

","Taking a break from weed isn’t just about what you’re not spending—it’s about rediscovering *what that money can create for you.* **Each dollar saved is a step toward something bigger.**  

Here’s a thought, _CLIENTNAME_: **tie your savings to a goal.** Is it a trip you’ve always wanted to take? A project you’ve been putting off? Imagine how redirecting even a fraction of what you once spent could bring that closer. Track what you’re not spending during Clear30—watch as the small amounts grow into something meaningful.  

Saving money isn’t just a financial win—it’s proof that you’re investing in a life that feels aligned with your priorities. Each choice to hold onto those dollars is a choice to build something lasting. 💸🌟",clear30,Break-Reason,Save Money,,"{""💸 Can You Help Me See What My Savings Can Build?"":""Hey Claire, taking a break from weed is saving me money, and I want to think about what those savings could create. Can you ask me questions to help me track what I’m not spending and explore how I might use that to invest in something meaningful?""}","[""What’s one **goal or experience** you could invest in with the money you’ve saved, and how does it reflect the *life you want to build*? ""]",,,mental_withdrawal,
82,8,"👥 Strengthening Relationships  ","Noticing the Quiet Wins  ","Improving your relationships doesn’t happen all at once, _CLIENTNAME_. **Sometimes, the biggest shifts are subtle—easy to overlook in the moment.** But they’re there, laying the foundation for deeper, more meaningful connections.  

Have you noticed moments where you listened more closely, or felt more present in a conversation? Maybe you’ve had fewer distractions when spending time with loved ones. These aren’t just small changes—they’re signs that you’re showing up in ways that matter.  

Every little win—every time you’re present, focused, or open—adds up to stronger relationships. **Connection isn’t about dramatic change—it’s built in these quiet, intentional moments.** 🌟",clear30,Break-Reason,Improve Current Relationships,,"{""👥 Can You Help Me See Progress in My Relationships?"":""Hey Claire, I’ve been working on improving my relationships, but the changes feel subtle. Can you ask me questions to help me notice moments—like being more present or listening better—that show I’m building stronger connections?""}","[""What’s one **quiet shift** you’ve noticed in your relationships, and how does it show that you’re *building deeper connections*? ""]",,,mental_withdrawal,
83,8,"🥳 Building Connections  ","Noticing the Subtle Wins  ","Reducing loneliness and building connections doesn’t happen all at once. **Sometimes, the most meaningful shifts are quiet, almost invisible at first.**  

*Have you found yourself reaching out more—sending a quick text or smiling at someone in passing?* Maybe you’re feeling a bit more present in conversations, _CLIENTNAME_, or less hesitant to engage with others. These small, seemingly simple moments are *proof* that connection is taking root.  

Every small step—every interaction, every shared laugh—adds up. **Connection isn’t built in leaps; it’s grown in these everyday wins.** Keep noticing them—they’re your way forward. 🌟",clear30,Break-Reason,Enhance Social Connections,,"{""🥳 Can You Help Me Notice My Wins in Building Connections?"":""Hey Claire, I’ve been working on reducing loneliness and building connections, but the progress feels small. Can you ask me questions to help me reflect on moments—like reaching out or feeling more present—that show I’m making strides toward stronger relationships?""}","[""What’s one **small step** you’ve taken to connect with someone recently, and how does it remind you that *building relationships* happens moment by moment? ""]",,,mental_withdrawal,
84,8,"🧪 Passing Your Test  ","Noticing the Progress  ","Preparing for a work-required drug test isn’t just about the result, _CLIENTNAME_—it’s about the changes happening along the way. **The shifts may feel small, but they’re setting you up for success beyond the test.**  

*Have you noticed moments of clarity in your thinking?* Maybe your mornings feel a little fresher, or you’re finding more focus during the day. These small wins aren’t just proof that your body is adjusting—they’re reminders of how capable you are, _CLIENTNAME_, of creating change.  

Each day you stay committed brings you closer to passing this milestone and opening the door to new opportunities. **The progress you’re making now is laying the groundwork for what’s next.** 🌟",clear30,Break-Reason,Pass Work-Required Drug Test,,"{""🧪 Can You Help Me See My Progress Toward Passing My Test?"":""Hey Claire, preparing for this test feels like a big step, but I want to notice the small wins along the way. Can you ask me questions to help me reflect on shifts—like clearer thinking or fresher mornings—that show I’m making progress?""}","[""What’s one **small change** you’ve noticed during your preparation, and how does it remind you that you’re *building momentum* toward your goal? ""]",,,mental_withdrawal,
85,8,"⚖️ Meeting Your Obligations  ","Noticing Growth Along the Way  ","Fulfilling legal obligations like probation isn’t just about compliance—it’s about **rebuilding trust and proving what you’re capable of.** The process might feel slow, but small wins along the way show that you’re moving forward.

*Have you noticed moments where you’ve felt more focused, _CLIENTNAME_, more in control of your actions?* Maybe you’ve been more consistent with routines or found clarity in your decisions. These aren’t just steps toward meeting your obligations—they’re steps toward reclaiming your independence.

Every choice you make now isn’t just about today—it’s about shaping the version of yourself that’s ready for what’s ahead. **Each win, no matter how small, is progress toward your freedom.** 🌟",clear30,Break-Reason,Meet Legal Obligations,,"{""⚖️ Can You Help Me Notice My Growth While Meeting Obligations?"":""Hey Claire, fulfilling these obligations feels like a long process, but I want to reflect on the small wins that show I’m moving forward. Can you ask me questions to help me notice shifts—like better focus, consistency, or clarity—that prove I’m reclaiming my independence?""}","[""What’s one **win** you’ve noticed during this process, and how does it remind you that you’re *rebuilding trust and independence*? ""]",,,mental_withdrawal,
86,9,"💡 Day 9: Boredom—Fuel for Creativity  ","Turn Restlessness Into Inspiration  ","Certainly! Here's the revised message with _CLIENTNAME_ integrated naturally:

---

Boredom isn’t a curse—it’s a spark, _CLIENTNAME_. Weed might’ve dulled that itch, but boredom is what drives us to *create, innovate,* and move forward.  

Think of Thomas Edison—2,774 prototypes for the lightbulb. Do you think he would’ve stuck with it if he had a stash and a pack of rolling papers? Unlikely. Boredom pushed him to keep going.  

Next time that restless feeling hits, don’t run from it. **Sit with it and ask, “What could I create right now?”** Maybe it’s a doodle, a brainstorm, or the start of something you didn’t know you had in you.  

Boredom isn’t the enemy. It’s the beginning of your next big idea. ✨",clear30,,,"{""😴 Bored without weed"":""https://www.reddit.com/r/Petioles/comments/v7k1ae/bored_without_weed/"",""📝 21 Ways to Beat Boredom"":""https://www.nationaldaycalendar.com/lists/21-ways-to-beat-boredbome"",""🔧 Boredom is Your Greatest Tool"":""https://lewisflint.substack.com/p/boredom-is-your-greatest-tool"",""🗣️ Randy Marsh talk about marijuana"":""https://youtu.be/Jd4cASkBAp0?si=z4Lcu0NIfPyRV1rk"",""🎨 Extremely bored in the evening without weed"":""https://www.reddit.com/r/leaves/comments/ygi3nz/extremely_bored_in_the_evening_without_weed/"",""❓ Biggest trigger. What is boredom and why is it turned off with marijuana?"":""https://www.reddit.com/r/leaves/comments/tdkwie/biggest_trigger_what_is_boredom_and_why_is_it/"",""🤔 Why You Feel Bored in Life // How to Overcome Boredom and Live a more exciting life"":""https://www.youtube.com/watch?time_continue=1&v=i7rklh9Sxh8&embeds_referring_euri=https%3A%2F%2Fwww.google.com%2Fsearch%3Fq%3Dhow%2Bto%2Bbeat%2Bboredom%26oq%3Dhow%2Bto%2Bbeat+bboredom%mpsonid=UTF-8&source=Mjg6NjY""}","{""💡 Turning Boredom into Creative Sparks"":""Hey Claire, boredom hits hard without weed, but I want to see it as a spark instead of a struggle. Can you ask me questions to help me figure out how to turn this restlessness into something creative—like brainstorming, doodling, or starting something new?""}","[""What’s one time *boredom* led to a **surprising idea or action**, and how could you embrace that spark today?""]","{""Dealing with Boredom Meditation"":""https://m.clear30.org/boredom.mp3""}",,your_mindset,feeling-dull
87,9," 💡 Creativity Without the Crutch  ","Boredom as Your Muse  ","You used to reach for weed to spark creativity, right? But here’s the thing: **what if the boredom you’re feeling now isn’t an obstacle, but the gateway to your next idea?**  

Instead of running from the restlessness, *lean into it.* Stare at a blank page or an empty canvas. Let the boredom sit there until it starts asking you questions: *“What if I tried this? What happens if I push this idea further?”* Creativity doesn’t come from the haze—it comes from the space boredom creates.  

_CLIENTNAME_, the truth is, weed wasn’t the source of your creativity—it was a shortcut. Now, you get to find out what happens when you let the ideas rise on their own. What could you make today, with nothing but your thoughts and that spark of curiosity? 🌟",clear30,Trigger,Enhance creativity,,"{""🎨 Can You Help Me Find Creativity Without Weed?"":""Hey Claire, I used to rely on weed for creativity, but now I want to see what happens when I lean into boredom instead. Can you ask me questions to help me explore what I could create or imagine when I let ideas rise on their own?""}","[""What’s one **idea or project** that’s emerged from boredom recently, and how has leaning into the *restlessness* sparked your creativity? ""]",,,your_mindset,
88,9,"💡 Exploring Without Cannabis  ","What Fills the Space  ","If your goal, _CLIENTNAME_, is to explore life without cannabis, think about what’s left behind: **the space boredom creates.** Instead of reframing it, let’s ask something different: *What deserves to fill that space?*  

Here’s a shift for you, _CLIENTNAME_: **treat boredom as a mirror.** When it shows up, notice what it’s reflecting. Is it a call to try something meaningful? To rediscover something you set aside? Instead of filling the void quickly, take your time. *What does this moment really need—a skill, a connection, or just time to think?*  

Exploration isn’t about avoiding the quiet moments—it’s about discovering what they reveal. **The space left behind isn’t empty—it’s waiting for you to choose how to fill it.** 🌟",clear30,Break-Reason,Explore Life Without Cannabis,,"{""🌟 Can You Help Me Explore What Fills the Space Without Cannabis?"":""Hey Claire, without cannabis, there’s this space that feels unfamiliar, and I want to figure out what deserves to fill it. Can you ask me questions to help me reflect on what this moment might need—like a skill, a connection, or just time to think?""}","[""What’s one **meaningful activity** or idea that has started to fill the space left by cannabis, and how does it reflect your *growth* during this journey? ""]",,,your_mindset,
89,9,"💡 Seeing Through the Harm  ","What’s Left When the Smoke Clears  ","If weed was harming more than helping, here’s a question: **what did it take from you—and how much of it was filled with boredom disguised as relief?** Weed might have dulled that restless itch, but it also stopped you from exploring what boredom could lead to.  

Here’s a bold move, _CLIENTNAME_: *write weed a letter.* *“Dear weed, here’s what I thought you gave me. Here’s what you actually took. And here’s what I’m ready to create without you.”* Name the moments it filled with haze and imagine what those moments could become.  

Boredom isn’t your enemy—it’s the space where real creativity and clarity grow. **Every time you let it in, you’re reclaiming what weed took and turning it into something meaningful.** 🌟",clear30,"Help-Harm
Help-Harm"," Somewhat harming more than helping",,"{""🌫️ Can You Help Me Reflect on What Weed Took and What’s Next?"":""Hey Claire, I’m starting to see how weed might have taken more than it gave, and I want to explore what I can create without it. Can you ask me questions to help me reflect on what I thought weed was helping with and what I’m ready to reclaim now that it’s gone?""}","[""What’s one **thing weed took from you**, and how can boredom become the *space* where you reclaim it? ""]",,,your_mindset,
90,9,"💡 Seeing Through the Harm  ","What’s Left When the Smoke Clears  ","If weed was harming more than helping, _CLIENTNAME_, here’s a question: **what did it take from you—and how much of it was filled with boredom disguised as relief?** Weed might have dulled that restless itch, but it also stopped you from exploring what boredom could lead to.  

Here’s a bold move: *write weed a letter.* *“Dear weed, here’s what I thought you gave me. Here’s what you actually took. And here’s what I’m ready to create without you.”* Name the moments it filled with haze and imagine what those moments could become.  

Boredom isn’t your enemy—it’s the space where real creativity and clarity grow, _CLIENTNAME_. **Every time you let it in, you’re reclaiming what weed took and turning it into something meaningful.** 🌟",clear30,"Help-Harm
Help-Harm"," Mostly harming more than helping",,"{""🌫️ Can You Help Me Reflect on What Weed Took and What’s Next?"":""Hey Claire, I’m starting to see how weed might have taken more than it gave, and I want to explore what I can create without it. Can you ask me questions to help me reflect on what I thought weed was helping with and what I’m ready to reclaim now that it’s gone?""}","[""What’s one **thing weed took from you**, and how can boredom become the *space* where you reclaim it? ""]",,,your_mindset,
91,9,"💡 Productivity Without the Shortcut  "," Building Focus From Scratch  ","What if productivity wasn’t about doing more, but about doing *with intention?* Without cannabis, the urge to escape the mundane is gone—but so is the haze that interrupted your focus. **Now, _CLIENTNAME_, the question is: How do you rebuild that focus for yourself?**  

Start here: *Pick one task, any task, and make it a game.* Can you finish it faster than yesterday? Add a layer of fun—play music that matches the pace, or reward yourself with a break after. Notice how clarity shows up when your mind isn’t distracted by shortcuts.  

Productivity isn’t about filling your day—it’s about creating moments of momentum. **With each clear choice, you’re proving that focus isn’t something you consume—it’s something you build.** 🌟",clear30,Break-Reason,Increase Productivity,"{""Reddit Link"":"""",""Reddit Title"":""👽 "",""Website Link"":"""",""YouTube Link"":"""",""Website Title"":""🌐 "",""YouTube Title"":""📹 ""}","{""🎯 Can You Help Me Rebuild Focus Without Cannabis?"":""Hey Claire, I’m realizing that productivity without cannabis feels different, and I want to learn how to rebuild my focus intentionally. Can you ask me questions to help me pick one task to start with and find ways to make it engaging while staying clear and present?""}","[""What’s one **task** you’ve approached with clarity during this break, and how has rebuilding your focus made it feel more *intentional*? ""]",,,your_mindset,
92,9,"💡 Reducing Loneliness  ","Start With the Smallest Spark  ","What if, _CLIENTNAME_, loneliness wasn’t about the absence of people, but the absence of curiosity? **What if connection starts not with a crowd, but with one spark of interest?**  

Here’s the move: *pick something that lights you up—a hobby, a question, or even a memory—and let it guide you outward.* Take that curiosity into the world. Maybe it’s joining a local group, starting a conversation with a stranger, or even just noticing how others connect around you.  

Loneliness doesn’t disappear in one big moment—it fades as you lean into these tiny sparks. **Each one pulls you closer to others, closer to connection, and closer to feeling part of something bigger.** 🌟",clear30,Break-Reason,Enhance Social Connections,,"{""🌟 Can You Help Me Take a Step Toward Connection?"":""Hey Claire, loneliness feels tough, but I want to explore how curiosity can help me connect with others. Can you ask me questions to help me find one spark—like a hobby or an idea—that I can use to start building relationships?""}","[""What’s one **spark of curiosity** you could follow to connect with others, and how might it bring you closer to *belonging*? ""]",,,your_mindset,
93,10,"🎯 Day 10: Choosing the Long Game  ","Quiet Choices, Lasting Change  ","Temptation is loud, _CLIENTNAME_, promising quick relief. But real growth comes from **steady choices** that align with your future.

When cravings hit, **pause and ask:**  
- *What do I want right now versus what I want long-term?*  
- *How will this choice shape who I’m becoming?*  

Visualize your future self—focused, strong, and in control. Every time you resist, you’re building that version of you.

Redirect the urge: take a walk, reach out to someone supportive, or revisit your “why.” Each choice is proof you’re in it for the long game. 💪🌟",clear30,,,"{""🔍 Become a long-term thinker"":""https://www.youtube.com/watch?v=x0izoGt9BK8"",""🎯 How to focus on long term rewards"":""https://www.reddit.com/r/PsychologicalTricks/comments/ej0ldy/pt_how_do_i_focus_on_long_term_rewards_rather/"",""🧠 Struggling with delaying gratification"":""https://www.reddit.com/r/productivity/comments/nvd4u0/tips_for_those_who_suck_at_delaying_gratification/"",""🔮 Needing Clarity? Visualize your Future Self"":""https://www.rowenamabbott.com/blog/future-self"",""🌱 Choose Long-Term Growth Over Short-Term Pleasure"":""https://medium.com/thrive-global/choose-long-term-growth-over-short-term-pleasure-930ea2141ac6/"",""💡 The power of long term thinking and how to get it"":""https://www.reddit.com/r/getdisciplined/comments/d2qkbf/advice_your_lack_of_consistency_comes_from_your/"",""🔑 Delaying gratification is the key to a happy life"":""https://www.reddit.com/r/getdisciplined/comments/gs12al/advice_master_delayed_gratification_is_the_secret/""}",,"[""What’s one *quiet choice* you’ve made recently that aligns with your long-term goals, and how does it reflect the person you’re becoming?""]","{""Long-Term Success Meditation"":""https://m.clear30.org/shortlongterm.mp3""}",,your_mindset,short-term-long-term-path-less-traveled
94,10,"🎯 Learning the Long Game  ","Mastering the Impulse  ","At under 25, managing short-term impulses can feel like a constant challenge. **But every time you pause and choose differently, you’re reinforcing the person you’re becoming.**  

Next time a craving hits, *ask yourself: Will this moment bring me closer to the life I want, or pull me away?* Each decision builds mental strength, training your mind to think beyond the immediate and focus on what truly matters, _CLIENTNAME_.  

Your future isn’t built in leaps—it’s created in these quiet, intentional moments. Each choice adds up, shaping a foundation that lasts. 🌟",clear30,LO-Age,"18-20
 
",,"{""🧠 Can You Help Me Master My Impulses?"":""Hey Claire, I’m working on managing short-term impulses, and I want to focus on the bigger picture. Can you ask me questions to help me pause and reflect on how my choices—big or small—are shaping the future I want?""}","[""What’s one **impulse** you’ve mastered recently, and how did choosing differently bring you closer to the *life you want*? ""]",,,your_mindset,
95,10,"🎯 Learning the Long Game  ","Mastering the Impulse  ","At under 25, managing short-term impulses can feel like a constant challenge, _CLIENTNAME_. **But every time you pause and choose differently, you’re reinforcing the person you’re becoming.**  

Next time a craving hits, *ask yourself: Will this moment bring me closer to the life I want, or pull me away?* Each decision builds mental strength, training your mind to think beyond the immediate and focus on what truly matters.  

Your future isn’t built in leaps—it’s created in these quiet, intentional moments. Each choice adds up, shaping a foundation that lasts. 🌟",clear30,LO-Age,21-25,,"{""🧠 Can You Help Me Master My Impulses?"":""Hey Claire, I’m working on managing short-term impulses, and I want to focus on the bigger picture. Can you ask me questions to help me pause and reflect on how my choices—big or small—are shaping the future I want?""}","[""What’s one **impulse** you’ve mastered recently, and how did choosing differently bring you closer to the *life you want*? ""]",,,your_mindset,
96,10,"🎯 Learning the Long Game  ","Choosing Freedom Over Old Habits  ","If weed was harming more than helping, this break is your chance to step back and reflect. **When cravings hit, ask yourself: *Was weed truly helping, or was it creating more challenges in the long run?*** That pause is where real change begins.

Each time you *pause before giving in,* _CLIENTNAME_, you’re teaching your brain something powerful: **you don’t need the quick fix.** You can handle discomfort. You can choose differently. These small, deliberate moments are rewiring the patterns that once held you back.

**Progress builds in these choices—each one a step closer to control and clarity.** 🌟",clear30,Help-Harm,Somewhat harming more than helping,,"{""🎯 Can You Help Me Choose Freedom Over Old Habits?"":""Hey Claire, cravings make it hard to step back, but I want to reflect on whether weed was really helping or just adding challenges. Can you ask me questions to help me pause and choose differently in those moments, so I can build more control and clarity?""}","[""What’s one **moment** during this break where you chose freedom over an old habit, and how did it bring you closer to *control and clarity*? ""]",,,your_mindset,
97,10,"🎯 Learning the Long Game  ","Choosing Freedom Over Old Habits  ","If weed was harming more than helping, _CLIENTNAME_, this break is your chance to step back and reflect. **When cravings hit, ask yourself: *Was weed truly helping, or was it creating more challenges in the long run?*** That pause is where real change begins.  

Each time you *pause before giving in,* you’re teaching your brain something powerful: **you don’t need the quick fix.** You can handle discomfort. You can choose differently. These small, deliberate moments are rewiring the patterns that once held you back.  

**Progress builds in these choices—each one a step closer to control and clarity.** 🌟",clear30,Help-Harm,Mostly harming more than helping,,"{""🎯 Can You Help Me Choose Freedom Over Old Habits?"":""Hey Claire, cravings make it hard to step back, but I want to reflect on whether weed was really helping or just adding challenges. Can you ask me questions to help me pause and choose differently in those moments, so I can build more control and clarity?""}","[""What’s one **moment** during this break where you chose freedom over an old habit, and how did it bring you closer to *control and clarity*? ""]",,,your_mindset,
98,11,"🧠 Day 11: Cannabis and Your Mental Health  ","Stepping Back, Seeing Clearly  ","Today’s cannabis, **4–20 times stronger** than it was a generation ago, carries real risks: psychosis, anxiety, indecision. These aren’t guaranteed, but with regular use and stronger strains, the impact on mental health becomes harder to ignore.  

Clear30 is your pause button. It’s a chance for you, _CLIENTNAME_, to reflect: *How has cannabis shaped my mind, mood, and clarity?* This isn’t just a break—it’s a reset. Every step you take clears the path for a sharper, steadier you.",clear30,,,"{""🚭 Graham Hancock Quits Marijuana"":""https://www.youtube.com/watch?v=8ZplWWVUyH8&"",""🤔 Does cannabis cause mental illness?"":""https://www.unsw.edu.au/research/ndarc/news-events/blogs/2016/02/does-cannabis-cause-mental-illness-"",""⚖️ Is Cannabis Good or Bad for Mental Health?"":""https://blogs.scientificamerican.com/observations/is-cannabis-good-or-bad-for-mental-health/"",""🧬 Neuroscientist Explains how weed effects your brain"":""https://www.youtube.com/watch?v=bMvOqntD0Yg"",""👶 Cannabis and mental health for children and young people"":""https://www.rcpsych.ac.uk/mental-health/parents-and-young-people/young-people/cannabis-and-mental-health-information-for-young-people"",""🧠 Does weed cause brain damage in the long run? Can it be reversed?"":""https://www.reddit.com/r/leaves/comments/ukcbnh/does_weed_cause_brain_damage_in_the_long_run_can/""}","{""🍃 Reflecting on Cannabis and My Mental Health"":""Hey Claire, I want to use this break to think about how cannabis has shaped my mind and mood. Can you ask me questions to help me reflect on changes I’ve noticed—like clarity, anxiety, or decision-making—and what this reset is revealing about my mental health?""}","[""How do you think taking this break has started to impact your *mind* or *mood* so far, and what changes are you most curious to see next?""]",,,your_mindset,mental-health-potency-problems-the-weed-youve-been-smoking-biological-response-brain
99,11,"🧠 Heavy Use and Mental Health  "," Protecting Your Clarity  ","Smoking 6–7 times a day, _CLIENTNAME_, puts your brain under strain. **Heavy use increases the risks of psychosis, anxiety, and paranoia.** Cannabis overstimulates areas like the amygdala, heightening negative emotions and clouding your mental clarity.  

Clear30 is your chance to let your brain heal. *Each day without cannabis, those overstimulated pathways begin to reset.* You’re reducing these risks, rebuilding focus, and giving yourself space to feel sharper and more in control.  

**This isn’t just a break—it’s your opportunity to protect your mind and reclaim your clarity.** 🌟",clear30,Days-Using,About once a week or less,,"{""🧠 Can You Help Me Understand How Heavy Use Affected My Mental Health?"":""Hey Claire, I’ve been reflecting on how heavy cannabis use might have impacted my mental clarity and emotions. Can you ask me questions to help me notice any changes—like sharper focus or reduced anxiety—during this break, and guide me toward understanding how my brain is healing?""}","[""What’s one **positive change** you’ve noticed in your mental clarity during this break, and how does it remind you of the *healing process*? ""]",,,your_mindset,
100,11,"🧠 The Power of Your Choices  "," Giving Your Brain a Break  ","At 18–20, your brain is still developing, shaping your focus, confidence, and decision-making. Taking a break now gives it the space to grow stronger.

Heavy cannabis use can impact areas like the **prefrontal cortex** and increase risks of **anxiety or depression**. By stepping back, _CLIENTNAME_, you’re boosting mental clarity, improving motivation, and building long-term resilience.

This isn’t just a pause—it’s an investment in the person you’re becoming. Every day without weed is a step toward clearer thinking and a stronger foundation for your future. 🌟",clear30,LO-Age,18-20,,"{""🧠 Can You Help Me Reflect on How This Break Supports My Brain?"":""Hey Claire, I know my brain is still developing, and I want to think about how this break is helping it grow stronger. Can you ask me questions to help me notice changes—like clearer thinking or better motivation—and connect them to the future I’m building?""}","[""What’s one **way** this break has helped your mind feel clearer or stronger, and how does it inspire you to invest in your *future self*? ""]",,,your_mindset,
101,11,"🧠 Heavy Use and Mental Health  ","Your Brain, Your Future  ","At 21–25, _CLIENTNAME_, your brain is still refining its most critical functions—focus, decision-making, and emotional regulation. **Smoking heavily during this phase can overstimulate key areas like the amygdala, increasing risks of anxiety, paranoia, and mental fog.**  

Clear30 gives your brain the pause it needs to reset and grow stronger. *Each day off cannabis allows those overstimulated pathways to heal,* helping you rebuild clarity and sharpen your focus.  

This isn’t just about now—it’s about setting yourself up for a future with a clear mind and full control. 🌟",clear30,LO-Age,21-25,,"{""🧠 Can You Help Me Understand How This Break Supports My Brain?"":""Hey Claire, I know heavy cannabis use might have affected my focus and emotions, and I want to reflect on how this break is helping my brain reset. Can you ask me questions to help me notice small changes—like clearer thinking or reduced stress—and connect them to the future I’m building?""}","[""What’s one **shift** you’ve noticed in your focus or emotions during this break, and how does it remind you that you’re building a *stronger future*? ""]",,,your_mindset,
102,11,"🧠 Reducing Dependency  ","Taking Back Control  ","Using cannabis every day can feel like a cycle that’s hard to break. Maybe it started as a way to manage stress or relax, but over time it’s become something harder to put down. **You’re here because you’re ready to change that.**  

Clear30 is your chance, _CLIENTNAME_, to step back and see what life feels like without weed in control. As your brain recalibrates, those cravings start to fade, and you’ll notice how much easier it gets to handle stress, focus, and feel clear without relying on cannabis.  

Every day you take this break, you’re proving to yourself that you don’t need the habit to feel steady or in control. **You’re choosing something bigger—and that choice is yours alone.** 🌟",clear30,Break-Reason,Reduce Dependency on Cannabis,,"{""💪 Can You Help Me Reflect on Taking Back Control?"":""Hey Claire, daily cannabis use became a cycle for me, and I’m using this break to step back. Can you ask me questions to help me notice how my cravings are changing and how I’m starting to handle stress or focus without relying on weed?""}","[""What’s one **moment** during this break where you felt more in control, and how does it show you’re *breaking free* from the cycle? ""]",,,your_mindset,
103,11,"🌿 Potency and Anxiety  ","Reflecting on What You Notice   ","High-potency weed, _CLIENTNAME_, with THC levels reaching **15–80%,** can feel like it’s easing anxiety in the moment, but it often overstimulates your brain, leaving lingering stress and unease.  

Now that you’ve stepped back, take a moment to reflect:  
- *How does your anxiety feel without weed in the mix?*  
- *Thinking back, did stronger weed truly calm you, or did it amplify your anxiety later?*  

This break is a chance to observe how your mind and body respond without the intensity of high-THC cannabis. By stepping away, you’re giving yourself clarity to see what helps you find real, lasting calm. 🌟",clear30,Break-Reason,Reduce Anxiety,,"{""🌿 Can You Help Me Reflect on Anxiety Without Weed?"":""Hey Claire, stepping back from high-potency weed has me thinking about how it affected my anxiety. Can you ask me questions to help me notice any changes—like feeling calmer or less stressed—and reflect on whether weed really helped or amplified my anxiety over time?""}","[""What’s one **shift** you’ve noticed in your anxiety during this break, and how does it change the way you view high-potency cannabis? ""]",,,your_mindset,
104,11,"🌿 Potency and Depression  "," Seeing Through the Haze  ","High-potency weed might feel like a lifeline during low moments, but it often works against you. **The stronger the THC, the more it numbs your brain’s reward system,** trapping you in a cycle of fleeting highs and deeper emotional lows.  

Without it, *notice what’s shifting.* Maybe it’s a small moment of clarity or feeling a little more present, _CLIENTNAME_. Take time to reflect: *How does your mood feel now compared to when you were using?*  

This break isn’t just about stopping—it’s about **giving your brain a chance to heal.** By stepping away, you’re starting to rebuild your ability to feel real, lasting joy—not just the quick, artificial highs. *Keep leaning into that clarity—it’s where true growth begins.* 🌟",clear30,Break-Reason,Reduce Depression,,"{""🌿 Can You Help Me Reflect on How Weed Affected My Mood?"":""Hey Claire, I’m stepping back from high-potency weed and want to explore how it shaped my emotions. Can you ask me questions to help me notice changes—like moments of clarity or lighter moods—and reflect on whether weed was helping or deepening the lows?""}","[""What’s one **change** you’ve noticed in your mood during this break, and how does it show your brain is *rebuilding its ability to feel lasting joy*? ""]",,,your_mindset,
105,11,"🧠 Clarity and Potency  ","What’s Changing Without Weed  ","If mental clarity is your goal, _CLIENTNAME_, think about how high-potency weed might have shaped your experience. With strains being **so much stronger** than before, it’s not just the high that’s amplified—it’s the subtle after-effects that linger.  

*Did you find yourself needing extra time to gather your thoughts? Did focus feel harder to maintain, even after the high was gone?* These aren’t small impacts—they’re signs of how high-potency cannabis can weigh on mental clarity.  

Now, during this break, notice the shifts. *Are decisions feeling smoother? Is focus coming more naturally?* These moments of sharpness are your brain recalibrating, finding its rhythm without the strain of stronger weed. This isn’t just about stepping back—it’s about stepping into a clearer, more focused version of yourself. 🌟",clear30,Break-Reason,Gain Mental Clarity,,"{""🧠 Can You Help Me Notice Changes in My Clarity Without Weed?"":""Hey Claire, I’ve been stepping back from high-potency cannabis and want to reflect on how it affected my focus and clarity. Can you ask me questions to help me notice shifts—like smoother decision-making or sharper thinking—that show my brain is recalibrating?""}","[""What’s one **moment of clarity** you’ve noticed during this break, and how does it show your mind is *recalibrating without high-potency weed*? ""]",,,your_mindset,
106,11,"🧠 Breaking Free from Overthinking  ","Seeing Weed’s Role in the Noise  ","If your goal is to feel less stuck in your head, consider how the strength of today’s cannabis might have shaped your thought patterns. With weed becoming increasingly potent, *what starts as quiet reflection can quickly spiral into overthinking.* Instead of calming the noise, it often magnifies it—making your mind work harder to untangle itself.  

Now, during this break, _CLIENTNAME_, notice what’s shifting. *Are your thoughts starting to feel lighter, less tangled? Are you catching moments of mental quiet that didn’t come as easily before?* These are signs your brain is finding balance, free from the overstimulation stronger cannabis can create.  

This isn’t just a break—it’s an opportunity to explore what your mind feels like when it isn’t being pulled into the loops that potency can amplify. **You’re not just stepping away—you’re stepping into mental clarity that feels steady and real.** 🌟",clear30,Break-Reason,Reduce Being Stuck in Own Head,,"{""🧠 Can You Help Me Reflect on How Weed Affected My Overthinking?"":""Hey Claire, I’ve been noticing changes in my thought patterns since stepping back from cannabis, and I want to explore how it shaped my overthinking. Can you ask me questions to help me notice moments of mental quiet or clarity that are emerging during this break?""}","[""What’s one **moment of mental quiet** you’ve experienced during this break, and how does it show you’re *breaking free from overthinking*? ""]",,,your_mindset,
107,12,"💬 Day 12: Navigating Friendships  "," Strengthening Connections, Supporting Growth  ","Taking a break from weed, _CLIENTNAME_, can feel tricky when it’s tied to your social life, but it’s also a chance to see which friendships truly **support your growth.**  

Be upfront: *“I’m taking a break—thanks for understanding.”* True friends won’t push. If someone does, a clear, **“No thanks, I’m sticking to my break,”** is enough.  

Explore new ways to connect—**hikes, movies, or meals** that don’t revolve around smoking. These moments can deepen relationships and show who’s truly in your corner.  

This isn’t about losing friendships—it’s about building connections that align with the person you’re becoming. 🌟",clear30,,,"{""🚬 Quitting while all your friends smoke"":"""",""🌿 Don't throw your “weed friends” away !"":"""",""🤔 My Friends Smoke Weed, But I QUIT smoking (now what??)"":""https://youtu.be/z0zOpVcGZHw?si=H3L964GB4LAZOQBi"",""🚭 Dealing with being the only one in a friend group who doesn't smoke"":""""}","{""💬 Navigating Friendships During My Break"":""Hey Claire, taking a break from weed is making me reflect on my friendships, and I want to strengthen the ones that support my growth. Can you ask me questions to help me handle conversations about my break and find new ways to connect that don’t involve smoking?""}","[""How have your friendships been influenced by your break, and which connections feel the most **supportive** of the person you’re becoming?""]","{""Social Support Meditation"":""https://m.clear30.org/friends.mp3""}",,your_mindset,friends
108,12," 💬 Friends and Habits  "," Redefining How You Connect  ","When smoking is part of your daily life, _CLIENTNAME_, it can shape how you relate to your friends. This break isn’t just about stepping back from weed—it’s a chance to see how those relationships feel without it.

Ask yourself, _CLIENTNAME_: *How do these connections hold up when weed isn’t involved?* Are your conversations meaningful? Do you still enjoy their company, or does it feel tied to smoking? These reflections can show you which relationships truly align with your goals.

Try something new—show up for your friendships in a way that doesn’t center around smoking. It’s not about pulling away—it’s about reconnecting on deeper, healthier terms. 🌟",clear30,Days-Using,6-7 days a week,,"{""💬 Can You Help Me Redefine My Friendships Without Smoking?"":""Hey Claire, I’m taking a break from weed and want to explore how it’s affecting my friendships. Can you ask me questions to help me reflect on which connections feel meaningful without smoking and guide me toward ways to deepen those relationships?""}","[""What’s one **way** you’ve connected with friends without smoking, and how has it helped you see the *strength* of those relationships? ""]",,,your_mindset,
109,12,"💬 Social Time in Your 30s  ","Redefining Connection  ","In your 30s, social time feels different—it’s no longer endless, and what you share with others matters more. This break is a chance to focus on connection that feels intentional. Instead of falling into old patterns, _CLIENTNAME_, try framing your time differently: *“Let’s do something we’ll actually remember.”* Whether it’s cooking together or diving into a long-overdue conversation, these moments can remind you why connection matters.

This isn’t just about spending time—it’s about making it meaningful. 🌟",clear30,LO-Age,31-40,,"{""🎉 Can You Help Me Make My Social Time More Meaningful?"":""Hey Claire, I’m realizing that social time in my 30s feels more important, and I want to focus on making those moments intentional. Can you ask me questions to help me reframe my time with friends—like suggesting activities or starting deeper conversations that leave an impact?""}","[""What’s one **intentional way** you’ve spent time with others recently, and how did it make your connection feel more *meaningful*? ""]",,,your_mindset,
110,12," 💬 Friendship Beyond the Routine  ","Building Deeper Connections  ","By 41, _CLIENTNAME_, friendships often fall into routines—catch-ups over drinks or familiar group dynamics. If weed has been part of those patterns, this break is a chance to see those connections differently. *What happens when the haze is gone?*  

Think about the friendships that have grown stronger over the years. Were they built on shared habits, or on trust, honesty, and real moments of connection? Use this time to lean into those bonds. A thoughtful check-in or saying, *“I’d love to connect outside of what we usually do,”* can open up new ways to spend time together.  

Friendships in your 40s aren’t about the habits—they’re about the depth. Take this break as an opportunity to build something more meaningful. 🌟",clear30,LO-Age,41-50,,"{""🌱 Can You Help Me Deepen My Friendships Without Weed?"":""Hey Claire, I’ve realized some of my friendships have been tied to routines, and I want to explore how to connect on a deeper level. Can you ask me questions to help me reflect on which relationships feel meaningful and guide me toward ways to build stronger connections during this break?""}","[""What’s one **friendship** you’d like to deepen during this break, and how can connecting in a new way strengthen your *bond*? ""]",,,your_mindset,
111,13,"💛 Day 13: The Quiet Power of Positivity  ","Building Joy, One Moment at a Time  ","This journey isn’t just about stepping away—it’s about what you’re creating in its place. Positivity might seem simple, but it’s one of your most powerful tools.  

Here’s the incredible part: **gratitude rewires your brain.** Every time _CLIENTNAME_ focuses on a small win—a craving resisted, a laugh shared, or a quiet moment—you’re teaching your mind to find joy without shortcuts. Weed may have given instant dopamine, but these intentional moments build a deeper, lasting happiness.  

When things feel heavy, pause and ask: *What’s one good thing about today?* A kind word, a sunny sky, or even the act of showing up—these small moments prove you’re moving forward.  

Each step, no matter how small, is shaping something meaningful. Keep going—you’re building something real. ✨",clear30,,,"{""⚡ The Power of Positive Thinking"":""https://youtu.be/M2tgKZLRq3s?si=SW4odfh67HsXKqrN"",""🌟 How to have a positive mindset"":""https://www.reddit.com/r/IWantToLearn/comments/o708e4/iwtl_how_to_have_a_more_positive_mindset/"",""💪 Positive thinking for self improvement"":""https://www.reddit.com/r/selfimprovement/comments/bj2qo4/can_small_positive_habits_and_positive_thinking/"",""😊 How To Start Thinking Only Positive Thoughts"":""https://www.reddit.com/r/selfhelp/comments/elya94/how_to_start_thinking_only_positive_thoughts/"",""🔍 Enhance your life with applied positive psychology"":""https://lpsonline.sas.upenn.edu/features/enhance-your-life-applied-positive-psychology""}","{""🔍 Finding the Positives in My Journey"":""Hey Claire, I want to use positivity as a tool during this break, but it’s not always easy to see the wins. Can you ask me questions to help me reflect on small moments—like a craving resisted or a kind interaction—that show I’m moving forward?""}","[""What’s one *small win* or moment of joy you’ve noticed today, and how does it remind you of the **positivity** you’re creating in this journey?""]","{""Positive Focus Meditation"":""https://m.clear30.org/positivity.mp3""}",,your_mindset,positivity
112,13,"💛 Positivity and Your Break  ","Finding Joy Beyond Weed  ","Weed may have felt like it gave you calm, creativity, or a sense of connection, _CLIENTNAME_. Those moments weren’t meaningless—they mattered. But this break gives you the chance to ask: *Was it really the weed, or was it already in you all along?*  

Notice what’s unfolding now. *Do you feel more present, more clear, even in small moments?* Maybe it’s pride after a craving passed or a laugh that feels unforced. These aren’t replacements—they’re reminders of what’s possible without relying on the haze.  

This break isn’t about rejecting what weed brought you—it’s about discovering what’s been yours all along. Keep going—you’re creating something stronger, moment by moment. ✨",clear30,Help-Harm,Mostly helping more than harming,,"{""💛 Can You Help Me See What Joy Looks Like Without Weed?"":""Hey Claire, I’m starting to notice small moments of joy during this break, and I want to reflect on what’s unfolding. Can you ask me questions to help me explore how I’m feeling—like being more present or proud of myself—and connect those moments to what’s been within me all along?""}","[""What’s one **moment of joy or clarity** you’ve experienced during this break, and how does it remind you that those feelings were *always within you*? ""]",,,your_mindset,
113,13,"💛 Positivity and Your Break  ","Finding Joy Beyond Weed  ","Weed may have felt like it gave you calm, creativity, or a sense of connection. Those moments weren’t meaningless—they mattered. But this break gives you the chance to ask: *Was it really the weed, or was it already in you all along?*  

Notice what’s unfolding now. _CLIENTNAME_, *do you feel more present, more clear, even in small moments?* Maybe it’s pride after a craving passed or a laugh that feels unforced. These aren’t replacements—they’re reminders of what’s possible without relying on the haze.

This break isn’t about rejecting what weed brought you—it’s about discovering what’s been yours all along. Keep going—you’re creating something stronger, moment by moment. ✨",clear30,Help-Harm," Somewhat helping more than harming",,"{""💛 Can You Help Me See What Joy Looks Like Without Weed?"":""Hey Claire, I’m starting to notice small moments of joy during this break, and I want to reflect on what’s unfolding. Can you ask me questions to help me explore how I’m feeling—like being more present or proud of myself—and connect those moments to what’s been within me all along?""}","[""What’s one **moment of joy or clarity** you’ve experienced during this break, and how does it remind you that those feelings were *always within you*? ""]",,,your_mindset,
114,13,"💛 Positivity and Your Break  ","Rebuilding Joy  ","If weed was holding you back—fogging your mind or adding to your struggles—_CLIENTNAME_, this break is your chance to see how positivity can help you rebuild. *What happens when you start finding joy in the small moments again?*  

**Gratitude rewires your brain.** Each time you focus on a small win—a craving resisted, a quiet moment of calm, or even a clearer thought—you’re teaching your mind to find joy without the shortcuts weed once offered.  

Pause and notice: *What’s one good thing about today?* A deep breath, a brighter moment of clarity—these are the signs you’re moving forward. Each moment of positivity is a step toward lasting, unfiltered happiness. ✨",clear30,Help-Harm," Somewhat harming more than helping",,"{""🧘‍♀️ Can You Help Me Rebuild Joy Without Weed?"":""Hey Claire, I’m working on finding joy in the small moments during this break, and I want to focus on the positives. Can you ask me questions to help me reflect on wins—like calmer thoughts or moments of clarity—and guide me toward noticing the good things in each day?""}","[""What’s one **small moment of joy** you’ve noticed today, and how does it remind you that *positivity* is rebuilding your happiness? ""]",,,your_mindset,
115,13,"💛 Positivity and Your Break  ","Rebuilding Joy  ","If weed was holding you back—fogging your mind or adding to your struggles—this break is your chance to see how positivity can help you rebuild. *What happens when you start finding joy in the small moments again?*  

**Gratitude rewires your brain, _CLIENTNAME_.** Each time you focus on a small win—a craving resisted, a quiet moment of calm, or even a clearer thought—you’re teaching your mind to find joy without the shortcuts weed once offered.  

Pause and notice: *What’s one good thing about today?* A deep breath, a brighter moment of clarity—these are the signs you’re moving forward. Each moment of positivity is a step toward lasting, unfiltered happiness. ✨",clear30,Help-Harm," Mostly harming more than helping",,"{""🧘‍♀️ Can You Help Me Rebuild Joy Without Weed?"":""Hey Claire, I’m working on finding joy in the small moments during this break, and I want to focus on the positives. Can you ask me questions to help me reflect on wins—like calmer thoughts or moments of clarity—and guide me toward noticing the good things in each day?""}","[""What’s one **small moment of joy** you’ve noticed today, and how does it remind you that *positivity* is rebuilding your happiness? ""]",,,your_mindset,
116,13,"💛 Positivity and Small Wins  ","Building Commitment Along the Way  ","You might have started Clear30, _CLIENTNAME_, unsure of how committed you were—and that’s okay. Commitment doesn’t happen all at once. It’s **built through action, one small win at a time.**  

Here’s the powerful part: **positivity helps solidify that commitment.** Every craving resisted, every mindful moment, every step you’ve taken so far is proof that you’re capable of showing up. Weed might have given quick dopamine hits, but these intentional wins create something more lasting—real confidence in yourself.  

Pause today and reflect: *What’s one thing I’ve done that I’m proud of?* By focusing on those wins, _CLIENTNAME_, you’re turning uncertainty into momentum. **Commitment isn’t a starting point—it’s something you build, day by day.** ✨",clear30,Commitment,Not,,"{""🌟 Can You Help Me Build Commitment Through Positivity?"":""Hey Claire, I started this journey unsure of how committed I was, but I’m realizing that small wins are helping me stay on track. Can you ask me questions to help me notice what I’ve done well—like resisting cravings or showing up—and how those moments are building my confidence?""}","[""What’s one **small win** you’re proud of during this break, and how has it helped you *build commitment* to your journey? ""]",,,your_mindset,
117,13,"💛 Positivity and Connection  ","Gratitude Builds Bridges  ","Gratitude has the power to transform relationships. A simple “thank you” or kind word doesn’t just make someone feel valued—it deepens trust and strengthens your bond. **It’s a two-way gift, releasing feel-good chemicals like dopamine and serotonin for both you and _CLIENTNAME_.**  

Today, think of someone who’s made a difference for you—big or small—and let them know. Maybe it’s a kind gesture they offered, or simply the comfort of their presence. **Those words of appreciation aren’t fleeting—they create lasting warmth and connection.**  

Gratitude isn’t just something you feel—it’s something you share. ✨",clear30,Break-Reason,Improve Current Relationships,,"{""💛 Can You Help Me Strengthen Connections Through Gratitude?"":""Hey Claire, I want to use gratitude to deepen my relationships and show appreciation to the people who matter to me. Can you ask me questions to help me reflect on who’s made a difference and guide me on how to express my thanks in a meaningful way?""}","[""Who’s one **person** you’re grateful for, and how can sharing your appreciation with them deepen your *connection*? ""]",,,your_mindset,
118,14,"✨ Day 14: The Magic of Shaping Who You Are  ","Crafting Your Future, One Choice at a Time  ","Your identity, _CLIENTNAME_, isn’t set in stone—it’s something you create, choice by choice. Every action you take is a **vote for the person you’re becoming.** It’s not about perfection; it’s about showing up consistently and building momentum.

**Imagine your future self**, _CLIENTNAME_. How do they think, act, and feel? Each decision you make today—saying no to a craving, pausing to reflect—is a step toward that vision. These small, repeated actions add up, forming the foundation of a new narrative.

Who you’re becoming isn’t distant or unreachable—it’s happening now, in every moment you choose to align with your values. Let today be one of those moments.",clear30,,,"{""🔄 How To Reinvent Yourself"":""https://youtu.be/s7MyoeyBjjY?si=oTsEWoCiulavVUDe"",""✨ Identity Shifting: The ONE thing that changed my life"":""https://www.youtube.com/watch?v=SEGqHSXjCuo"",""🎯 Identity-Based Habits: How to Actually Stick to Your Goals This Year"":""https://jamesclear.com/identity-based-habits"",""🔄 Identity Shifting: Your New Way to Reinvent Yourself (in 3-6 months)"":""https://www.youtube.com/watch?v=hmDUePZNxGc"",""📖 Be Careful of the Story You Tell Yourself Because It Will Become Your Identity"":""https://introvertdear.com/news/story-tell-yourself-identity/""}","{""✨ Shaping the Person I Want to Be"":""Hey Claire, I want to focus on the choices I’m making today and how they’re shaping the person I want to be. Can you ask me questions to help me reflect on how my actions—like resisting cravings or aligning with my values—are building my future self?""}","[""Who is the **future self** you’re working toward, and what’s one choice you’ve made today that brings you closer to them?""]",,,your_mindset,identitiy
119,14,"🚀 Reinventing Productivity  ","Prove It to Yourself  ","Productivity isn’t about big leaps—it’s about **small, deliberate actions** that build trust in yourself. Today, pick one task and finish it completely. **Block out distractions for 30 focused minutes**, _CLIENTNAME_, and see what changes when your energy stays directed.

Each time you follow through, you’re telling yourself: *This is who I am now.* It’s not about doing everything—it’s about doing one thing with intention. The more you show up, the clearer the shift becomes: **Productivity isn’t a struggle—it’s alignment.** 💼✨",clear30,Increase Productivity,goal - productivity,,"{""🧠 Can You Help Me Focus on One Task Today?"":""Hey Claire, I want to rebuild my productivity and prove to myself that I can follow through. Can you ask me questions to help me choose one task to focus on and guide me toward staying intentional and distraction-free for 30 minutes?""}","[""What’s one **task** you’ve completed with focus recently, and how did it help you *rebuild trust* in yourself? ""]",,,your_mindset,
120,14,"🎯 Self-Control and Intention  ","Becoming the Person Who Chooses  ","Self-control isn’t about willpower in the moment, _CLIENTNAME_—it’s about becoming someone who naturally makes deliberate choices. Every decision you make, no matter how small, is a step toward that identity.

Start by pausing. **When you feel the pull of a craving or impulse, take 10 seconds to reflect before acting.** That brief pause gives you the space to choose intentionally. Each time you do this, _CLIENTNAME_, you’re proving to yourself that you’re in control—not the impulse.

**Here’s the shift:** Self-control isn’t about resisting—it’s about realigning. Every action aligned with your goals is a vote for the version of you who acts with clarity and purpose. The more you choose, the more it becomes who you are. 🎯",clear30,Break-Reason,improve sense of self control,,"{""🎯 Can You Help Me Strengthen My Self-Control?"":""Hey Claire, I want to focus on becoming someone who makes intentional choices, especially when cravings or impulses hit. Can you ask me questions to help me reflect on moments where I’ve paused and chosen differently, and guide me toward making these choices feel more natural?""}","[""What’s one **choice** you’ve made intentionally during this break, and how does it reflect the *person you’re becoming*? ""]",,,your_mindset,
121,14,"✨ Reinventing After Setbacks  ","Redefining Your Path Forward  ","If your last break didn’t go the way you hoped, that’s not the final word on who you are. **Growth isn’t linear—it’s built in the moments you decide to try again.**  

Think about this break differently. Instead of focusing on what didn’t work before, ask yourself: *What can I adjust now? What choices feel more aligned with who I want to become, _CLIENTNAME_?* Setbacks don’t define you—they refine your approach.  

**This is your reset.** Each choice you make now isn’t about erasing the past—it’s about shaping your future with clarity and intention. What you do today matters. ✨",clear30,Previous-Break," Did not maintain",,"{""✨ Can You Help Me Reset After a Setback?"":""Hey Claire, my last break didn’t go as planned, but I want to approach this one differently. Can you ask me questions to help me reflect on what I can adjust and how my choices today align with the future I want to build?""}","[""What’s one **lesson** you’ve learned from a past setback, and how are you using it to *reshape your path forward*? ""]",,,your_mindset,
122,14,"✨ Reinventing How You Think  ","Stepping Out of Your Own Head  ","When your thoughts feel like they’re circling endlessly, _CLIENTNAME_, it’s easy to believe that’s just who you are—someone who overthinks, gets stuck, or can’t move forward. But that’s not a fixed part of your identity—it’s a habit you can reshape.  

What if, instead of spiraling, you started naming your thoughts for what they are? *“This is doubt,”* or *“This is fear of failure.”* By labeling them, _CLIENTNAME_, you’re creating space between you and the noise. **Each time you step back from the loop, you’re rewriting the story: I’m someone who can break free.**  

This isn’t about silencing your mind—it’s about guiding it. With every moment of clarity, _CLIENTNAME_, you’re proving to yourself that you’re capable of thinking differently. That’s where the shift begins. ✨",clear30,Break-Reason,Reduce Being Stuck in Own Head,,"{""🌟 Can You Help Me Rethink How I Handle My Thoughts?"":""Hey Claire, my thoughts can feel like they’re circling endlessly, but I want to learn how to step back and guide them differently. Can you ask me questions to help me label what I’m feeling—like doubt or fear—and reflect on how I can start breaking free from the loop?""}","[""What’s one **thought pattern** you’ve noticed during this break, and how has naming it helped you *create space* to think differently? ""]",,,your_mindset,
123,14,"✨ Reinventing Yourself at Any Age  "," Identity Is Always Evolving  ","By 65, it can feel like your identity is fully settled, but it’s not. **Who you are isn’t fixed—it’s a story you can still shape.**

Think back to the times you’ve already transformed: starting a career, overcoming challenges, or learning something new. _CLIENTNAME_, reinvention isn’t unfamiliar—it’s part of you. The question now is: *Who do you want to be next?*

Every small action—exploring a passion, trying something new, or pursuing purpose—reminds you that growth doesn’t stop. Reinvention isn’t about changing who you are—it’s about stepping fully into who you want to become. ✨",clear30,LO-Age,65+,,"{""✨ Can You Help Me Explore Who I Want to Be Next?"":""Hey Claire, I’ve been thinking about how my identity isn’t fixed, even now, and I want to explore who I want to become. Can you ask me questions to help me reflect on past transformations and guide me toward small actions that align with my next chapter?""}","[""What’s one **moment of reinvention** you’ve experienced in the past, and how can it inspire the *next chapter* of who you want to become? ""]",,,your_mindset,
124,15,"💪 Day 15: Embracing a Growth Mindset  "," Learning Through Every Moment  ","You’ve made it halfway through Clear30, _CLIENTNAME_—*that’s progress worth recognizing.* Whether it’s been smooth sailing or full of obstacles, what matters is you’ve stuck with it.  

This is where your mindset plays a huge role. A *fixed mindset* might say, *“This is too hard. I’m not cut out for this.”* But a *growth mindset* reframes it: *“This is tough, but I can learn something here.”* It’s about seeing challenges not as walls but as stepping stones.  

Slip-ups? Not the end—just feedback. Feeling stuck? An invitation to get curious: *What can I adjust? How can I make my next step easier?*  

**Your future self depends on how you respond now, _CLIENTNAME_.** Keep going. With every mindful choice, you’re shaping a stronger, more resilient version of you. 🌟",clear30,,,"{""🔄 Changing from a fixed mindset to a growth mindset."":""https://www.reddit.com/r/getdisciplined/comments/3efgvn/needadvice_changing_from_a_fixed_mindset_to_a/"",""📚 Carol Dweck: A Summary of Growth and Fixed Mindsets"":""https://fs.blog/carol-dweck-mindset/"",""🧠 Adults that have ACTUALLY developed a growth mindset, how?"":""https://www.reddit.com/r/getdisciplined/comments/14jkxho/method_adults_that_have_actually_developed_a/"",""📈 Dr. David Yeager: How to Master Growth Mindset to Improve Performance"":""https://www.youtube.com/watch?v=etEJrznE-c0"",""🎥 How Your Thoughts Can Affect Your Life - Fixed Mindset VS Growth Mindset (Animated video)"":""https://www.youtube.com/watch?v=GwLcOuSefqA""}","{""💪 Can You Help Me Reflect on My Growth?"":""Hey Claire, I’ve had some ups and downs during this break, and I want to focus on what I’m learning from the process. Can you ask me questions to help me understand what triggered certain moments and how I can use those lessons to keep moving forward?""}","[""What’s one moment from the past weed you could reframe with a **growth mindset**, seeing it not as a setback but as a step toward learning and progress?""]",,,your_mindset,growth-mindset
125,15,"💪 Growth Mindset and Depression  "," Small Wins That Shift the Weight   ","Depression can make progress feel distant, but it starts small. Resisting a craving, completing a simple task—these aren’t just moments; they’re your brain’s way of rebuilding its ability to feel balance. Without cannabis, you’re giving your mind the space to recalibrate.

Dopamine rises with every small win, no matter how subtle. Even a setback can reveal something valuable: *What triggered that moment? What’s one thing I can adjust today to feel just a little better?* And remember, _CLIENTNAME_, these insights are stepping stones in your journey.

Progress with depression isn’t linear, but it’s real. These small wins? They’re proof that your mind is moving forward, even if it doesn’t feel obvious yet. Keep noticing. Keep moving. The change is already happening. 🌟",clear30,Break-Reason,Reduce Depression,,"{""🌈 Can You Help Me See My Progress With Depression?"":""Hey Claire, depression makes progress feel subtle, but I want to focus on the small wins that show I’m moving forward. Can you ask me questions to help me reflect on what I’m learning from setbacks and notice the shifts—like moments of balance or calm—that are happening during this break?""}","[""What’s one **small win** you’ve experienced recently, and how does it remind you that *progress* is happening, even if it feels subtle? ""]",,,your_mindset,
126,15,"💪 Growth Mindset and Anxiety  ","Turning Pressure Into Progress  ","Anxiety can feel like a relentless loop for many, _CLIENTNAME_—stress triggering more stress. But **what if each setback wasn’t failure, but a chance to adapt?** Reframing challenges as opportunities for growth can reduce anxiety symptoms by nearly 8%.

Without cannabis, you’re facing that loop head-on, _CLIENTNAME_. Each moment of stress is a chance to ask, *What triggered this? How can I approach it differently next time?* Growth doesn’t erase anxiety—it changes your relationship with it.

Each time you lean into discomfort and learn from it, _CLIENTNAME_, you’re proving that anxiety doesn’t define you. You’re growing beyond it. 🌟",clear30,Break-Reason,Reduce Anxiety,,"{""💪 Can You Help Me Reframe Anxiety as Growth?"":""Hey Claire, anxiety has been tough during this break, but I want to see it as a chance to learn and adapt. Can you ask me questions to help me reflect on what triggers my stress and guide me toward small steps I can take to handle it differently next time?""}","[""What’s one **moment of stress** you’ve reframed during this break, and how has it helped you *change your relationship* with anxiety? ""]",,,your_mindset,
127,15,"💪 Growth Mindset for 18–20-Year-Olds  ","Building More Than a Break  ","Your late teens and early twenties are about shaping what’s next—not about having all the answers. **Here’s the edge a growth mindset gives you:** In a global study, students with a growth mindset scored up to 31 points higher across subjects and reported a stronger sense of meaning in their lives.

This break is part of that mindset. Every craving you resist, _CLIENTNAME_, every tough moment you reflect on, isn’t just about today—it’s about building self-awareness and emotional resilience for what comes next.

You’re not just taking a break from weed—you’re practicing the skills that will carry you forward. Stay curious. The tools you’re sharpening now will make all the difference in who you become. 🌟",clear30,LO-Age,18-20,,"{""🌱 Can You Help Me See How This Break Is Shaping My Growth?"":""Hey Claire, I’m starting to see this break as more than just a pause—it’s a chance to build skills that will carry me forward. Can you ask me questions to help me reflect on how resisting cravings or handling tough moments is helping me grow and prepare for what’s next?""}","[""What’s one **skill or insight** you’ve gained during this break, and how can it shape the *next chapter* of your life? ""]",,,your_mindset,
128,15,"💪 Growth Mindset and Withdrawal  ","Breaking the Cycle, Building Resilience  ","When withdrawal hits, _CLIENTNAME_, smoking can feel like the only relief. That’s the cycle: discomfort builds, you smoke, and the withdrawal fades—*for a moment.* But each time you smoke, **you’re reinforcing the very loop you’re trying to escape.**  

This break is your chance to approach withdrawal differently. **A growth mindset isn’t about perfection—it’s about learning through challenge.** Each craving resisted teaches your brain something new: *withdrawal doesn’t control me.* It’s not about avoiding discomfort; it’s about building resilience through it.  

Ask yourself, _CLIENTNAME_: *What small action can I take right now—breathing deeply, hydrating, moving my body—to ease this moment without smoking?* Each time you choose progress over the cycle, you’re proving to yourself that real, lasting relief comes from breaking free, not giving in. 🌟",clear30,Trigger,Reduce/stop withdrawal symptoms,,"{""💪 Can You Help Me Handle Withdrawal With a Growth Mindset?"":""Hey Claire, withdrawal feels overwhelming at times, but I want to use this as a chance to build resilience. Can you ask me questions to help me reflect on what I’m learning from cravings and guide me toward small actions I can take right now to move through this without smoking?""}","[""What’s one **small action** you’ve taken to manage withdrawal, and how has it helped you *build resilience* instead of reinforcing the cycle? ""]",,,your_mindset,
129,15,"💪 Growth Mindset and Better Sleep  "," Learning Through Restless Nights  ","Improving your sleep isn’t always a smooth journey—there might be nights where rest feels just as elusive as before. But here’s the shift: **every adjustment, every restless night, is teaching you something about what your body needs.**  

A growth mindset means seeing these moments not as failures, but as feedback. Struggling to fall asleep? *What might help tomorrow—a consistent bedtime, less screen time, or a mindfulness practice?* Waking up too early? _CLIENTNAME_, *what can you adjust—your evening routine or your environment?*  

Each night, whether restful or not, is part of the process. **You’re learning how to reconnect with your natural rhythm**—without shortcuts. That’s the real growth: giving yourself time and space to rebuild sleep as something steady and natural.  

Keep experimenting, keep noticing. Even the restless nights are steps toward the restorative sleep you’re working toward. 🌟",clear30,Break-Reason,Improve Sleep Quality,,"{""💤 Can You Help Me Learn From Restless Nights?"":""Hey Claire, some nights feel tougher than others, but I want to see them as part of the process of improving my sleep. Can you ask me questions to help me reflect on what’s working and what adjustments I can try—like routines or environment changes—to build better rest naturally?""}","[""What’s one **adjustment** you’ve tried to improve your sleep, and how has it helped you *learn* what your body needs? ""]",,,your_mindset,
130,16,"🫡 Day 16: The Power of Persistence  ","Showing Up, No Matter What  ","By now, _CLIENTNAME_, motivation might feel thin. You might be asking yourself: *“Why am I even doing this?”* or *“Was this a bad idea?”* But here’s the truth—this journey isn’t just about weed. It’s about proving to yourself that you can follow through, even when it’s hard.  

Persistence isn’t about always feeling motivated. It’s about **showing up anyway.** Each time you choose to stay committed, even when the spark feels gone, you’re strengthening something bigger—the ability to trust yourself and the promises you make.  

Keep going, _CLIENTNAME_. Every step you take is building a foundation for the challenges and triumphs ahead. 🚀",clear30,,,"{""💪 Discipline Over Motivation"":""https://youtu.be/ymhnN2SbQdc?si=uFeAS8_kq9Fnldi3"",""🔄 Lack of Consistency Comes from...."":""https://www.reddit.com/r/getdisciplined/comments/d2qkbf/advice_your_lack_of_consistency_comes_from_your/"",""😞 Stopping for 3 months - lost motivation"":""https://www.reddit.com/r/leaves/comments/19dy9f/stopped_smoking_weed_for_3_months_nowlost/"",""🚀 How to Stay Persistent with Sustained Motivation"":""https://devoutly.org/journal/how-to-stay-persistent-with-sustained-motivation/"",""🔥 What keeps you guys motivated to stay on your T-break/stay sober?"":""https://www.reddit.com/r/Petioles/comments/8p5apl/what_keeps_you_guys_motivated_to_stay_on_your/""}","{""🏋️‍♂️ Can You Help Me Stay Persistent When Motivation Feels Low?"":""Hey Claire, I’m feeling less motivated right now, but I want to focus on staying persistent. Can you ask me questions to help me reflect on why I started this journey and guide me toward small actions that remind me I’m building trust in myself?""}","[""What’s one promise you’ve kept to yourself during this journey, and how has it strengthened your trust in your **ability to follow through**?""]","{""Commitment and Persistence Meditation"":""https://m.clear30.org/persistence.mp3""}",,lock_it_in,motivation-discipline
131,16,"🫡 Persistence and the Long Game  ","Mastering the Quiet Work  ","Quitting weed for good isn’t about feeling motivated every day—it’s about **making persistence automatic.** Motivation fades, but systems keep you steady.

Here’s the angle: **turn your goal into routines.** When cravings hit, don’t rely on willpower alone. Replace that moment with something planned—a walk, a call to a friend, a mindfulness practice. _CLIENTNAME_, when the urge fades, the routine stays.

Think of this like brushing your teeth. It’s not glamorous, but you do it because it’s part of your day. **Persistence is about creating habits so automatic, you don’t need motivation to keep going.**

This is how the long game is won—not with bursts of effort, but with steady systems that make quitting a natural part of your life. 🌟",clear30,Goal30,"I want to completely stop
","{""🚭 needadvice I want to stop smoking weed but I don’t know how to stay motivated"":""https://www.reddit.com/r/getdisciplined/comments/10xw0jh/needadvice_i_want_to_stop_smoking_weed_but_i_dont/""}","{""🫡 Can You Help Me Build Routines for Persistence?"":""Hey Claire, I want to make quitting feel steady and automatic, even when motivation fades. Can you ask me questions to help me reflect on what routines I can create—like replacing cravings with mindful habits—that make persistence feel natural?""}","[""What’s one **routine** you’ve created during this break, and how has it helped you make *persistence feel automatic*? ""]",,,lock_it_in,
132,16,"🫡 Persistence and Self-Control  "," Building Intention Through Practice  ","Self-control doesn’t come from a single big decision, _CLIENTNAME_—it’s built in the micro-moments, the ones where you pause and choose differently. **Here’s the truth:** Every time you resist an urge, you’re reshaping how your brain processes temptation. It’s not about willpower—it’s about retraining your instincts.

Here’s a strategy for you, _CLIENTNAME_: **label the urge.** When you feel the pull to act impulsively—whether it’s reaching for weed or reacting without thinking—name it: *“This is a craving” or “This is just habit.”* Studies show that labeling urges activates your brain’s decision-making centers, giving you back control.

Persistence in these moments doesn’t just help you say no—it builds a foundation for intentional living. Over time, those labels become automatic, and the space between impulse and action grows wider. That’s where real control lives. 🌟",clear30,Break-Reason,Improve Self-Control and Intention,"{""🛑 LPT Request: how to handle strong physical urges without giving in (e.g., drugs, alcohol, food, sex, porn, etc.)"":""https://www.reddit.com/r/LifeProTips/comments/17n5slm/lpt_request_how_to_handle_strong_physical_urges/""}","{""🫡 Can You Help Me Strengthen Self-Control in the Moment?"":""Hey Claire, I want to focus on building self-control by pausing and choosing differently when urges hit. Can you ask me questions to help me reflect on how labeling cravings or habits can give me more control and guide me toward practicing this in small, everyday moments?""}","[""What’s one **urge** you’ve labeled during this break, and how has it helped you create more *intentional control* over your actions? ""]",,,lock_it_in,
133,17,"🗣️ Day 17: Outsmarting Cravings  ","Quieting the Monkey Mind  ","Cravings can be relentless, _CLIENTNAME_, chattering away like the *monkey mind*—that restless inner voice pulling you toward old habits. But here’s the truth: **that voice isn’t you.** It’s just a leftover echo of routines you’re leaving behind.

Listen closely to what it says: *“One time won’t hurt.”* or *“You’ve been good—take a break.”* These aren’t your thoughts. They’re the addiction voice trying to pull you back.

**Outsmart it.** Pause and ask, *“Is this me, _CLIENTNAME_, or the monkey mind?”* Label it. Give it a name—*“There goes Sneaky Steve again.”* And then respond with clarity: *“I hear you, but I’m choosing differently.”*

Each time you resist, the voice quiets. The monkey gets less restless. You’re not just silencing it—you’re proving that you’re the one in charge. Keep practicing—this is how you grow stronger, step by step. 🚀",clear30,,,"{""🐒 Monkey Mind? Stop it!"":""https://www.reddit.com/r/Meditation/comments/x6ag7r/monkey_mind_stop_it/"",""🐒 Monkey mind, what is it?"":""https://www.reddit.com/r/Buddhism/comments/7xz16w/monkey_mind_what_is_it/"",""📜 The Buddhist Story of the Monkey Mind"":""https://www.namchak.org/community/blog/the-buddhist-story-of-the-monkey-mind/"",""🧘 Training the Monkey Mind | Headspace | Meditation"":""https://youtu.be/qxyVCjp48S4?si=ooV8KUcQzh95wRNJ"",""💡 Personification: What it is and Why it works. [Method]"":""https://www.reddit.com/r/getdisciplined/comments/iehp3m/personification_what_it_is_and_why_it_works_method/"",""🧠 Understanding the Monkey Mind with Yongey Mingyur Rinpoche"":""https://www.youtube.com/watch?v=t-JiQubfMPg"",""🤔 Is there anyway to calm the monkey mind? I'm really frustrated with overthinking"":""https://www.reddit.com/r/Buddhism/comments/15olvts/is_there_anyway_to_calm_the_monkey_mind_im_really/"",""🚫 How to STOP Drinking, taking drugs, Alcohol - Your addictive voice - AVRT - Addiction technique"":""https://www.youtube.com/watch?v=0CNM3MEmWRQ""}","{""🧘 Can You Help Me Quiet My Monkey Mind?"":""Hey Claire, cravings feel like that restless inner voice pulling me back, but I want to take control. Can you ask me questions to help me label and understand the monkey mind when it shows up and guide me toward choosing clarity over old habits?""}","[""When the *monkey mind* starts chattering, what’s one phrase or reminder you can use to ground yourself and take back control in that moment? ""]",,,lock_it_in,the-monkey-mind
134,17," 🤔 Outsmarting Cravings  ","Breaking Free From the Harm  ","When weed was doing more harm than good, cravings can feel like betrayal—pulling you back to the very thing that held you down. Here’s the truth: **cravings are just signals—your brain’s way of seeking comfort, not clarity.**  

The addiction voice whispers things like, *“You need this to feel okay,”* or *“It’s just one time.”* But ask yourself, _CLIENTNAME_: *What does that craving really want?* Is it relief? Escape? Something deeper? Cravings aren’t needs—they’re habits. When you pause to identify what you actually need—calm, connection, rest—you can choose something that truly helps.  

Each time you resist, you’re not just saying no—you’re teaching yourself that you don’t have to live at the mercy of the past. The cravings will fade, and what you’ll find is control, confidence, and the clarity to move forward. **What will you choose instead today?** 🌟",clear30,Help-Harm," Somewhat harming more than helping",,"{""🗣️ Can You Help Me Outsmart My Cravings?"":""Hey Claire, cravings feel like they’re pulling me back, but I want to understand what they’re really about. Can you ask me questions to help me reflect on what my cravings might actually be asking for—like calm or connection—and guide me toward choosing something that truly helps?""}","[""What’s one **need** you’ve uncovered behind a craving, and how has choosing differently helped you feel more *in control*? ""]",,,lock_it_in,
135,17," 🤔 Outsmarting Cravings  ","Breaking Free From the Harm  ","When weed was doing more harm than good, _CLIENTNAME_, cravings can feel like betrayal—pulling you back to the very thing that held you down. Here’s the truth: **cravings are just signals—your brain’s way of seeking comfort, not clarity.**

The addiction voice whispers things like, *“You need this to feel okay,”* or *“It’s just one time.”* But ask yourself, _CLIENTNAME_: *What does that craving really want?* Is it relief? Escape? Something deeper? Cravings aren’t needs—they’re habits. When you pause to identify what you actually need—calm, connection, rest—you can choose something that truly helps.

Each time you resist, you’re not just saying no—you’re teaching yourself that you don’t have to live at the mercy of the past. The cravings will fade, and what you’ll find is control, confidence, and the clarity to move forward. **What will you choose instead today?** 🌟",clear30,Help-Harm," Mostly harming more than helping",,"{""🗣️ Can You Help Me Outsmart My Cravings?"":""Hey Claire, cravings feel like they’re pulling me back, but I want to understand what they’re really about. Can you ask me questions to help me reflect on what my cravings might actually be asking for—like calm or connection—and guide me toward choosing something that truly helps?""}","[""What’s one **need** you’ve uncovered behind a craving, and how has choosing differently helped you feel more *in control*? ""]",,,lock_it_in,
136,17,"🗣️ Outsmarting Cravings  ","Untangling the Anxiety Loop  ","When anxiety strikes, _CLIENTNAME_, cravings often feel like the solution—a quick way to quiet the noise. But cravings don’t calm the storm; they feed the cycle. **What if that craving isn’t a need, but a sign?** A signal that your mind is searching for relief in the only way it knows.  

Pause and ask: *What is this craving really about?* Is it the tension in your chest? The thoughts racing through your mind? The craving isn’t the fix—it’s a habit masking the discomfort. Instead of reaching for weed, reach for the root: *What small step can ease this moment?* A breath. A stretch. A moment of stillness.

Each time you choose differently, you’re not just resisting—you’re breaking the loop. Anxiety won’t disappear overnight, but you’re teaching your mind that calm doesn’t have to come from the haze. Each decision moves you closer to relief that’s real, not fleeting. 🌟",clear30,Break-Reason,Reduce Anxiety,"{""😰 The Causes of Anxiety and Suffering"":""https://youtu.be/pJs9Y2eqLuE?si=QnePIMld5gs3CCHn"",""🐒 Understand & Manage Your Monkey Mind - Part 1| Anxiety, Anger, Depression Explained"":""https://youtu.be/fTrfsnlk2Ks?si=_aaKzLz5HMy2xmIh""}","{""🌀 Can You Help Me Untangle Cravings and Anxiety?"":""Hey Claire, cravings hit hardest when I feel anxious, but I want to break that cycle. Can you ask me questions to help me figure out what my cravings are really about and guide me toward small steps—like breathing or stretching—that could ease the moment instead?""}","[""What’s one **step** you’ve taken to address the root of a craving, and how has it helped you break the *anxiety loop*? ""]",,,lock_it_in,
137,18,"🧗‍♀️ Day 18: Strength Through Discomfort "," Finding Growth in the Hard Moments  ","By now, you might be wondering—*shouldn’t this feel easier?* Discomfort can make progress feel frustrating, but it’s actually **a sign that change is happening.** Each craving you resist, every tough moment you face, _CLIENTNAME_, is *teaching your mind to adapt* and building your resilience.  

Think of it as **mental weightlifting.** Every time you pause during a craving or tackle a difficult task, you’re adding to your strength. These aren’t just fleeting wins—they’re shaping your ability to handle stress with clarity and control.  

*The growth happens here.* In the stretch, in the effort. These moments are proof you’re creating something stronger—step by step. Keep going. 🚀",clear30,,,"{""😣 Accepting Pain"":""https://www.reddit.com/r/Stoicism/comments/mxfzt4/accepting_pain/"",""🔄 Reversal of Desire Tool"":""https://www.youtube.com/watch?v=K2aTl3NVciQ"",""🎙️ Embracing Discomfort | Joe Rogan"":""https://www.youtube.com/watch?v=nDJwSjhpJUI"",""🤔 Does Embracing Discomfort Help or Hurt Your Life?"":""https://www.psychologytoday.com/us/blog/the-new-resilience/202206/does-embracing-discomfort-help-or-hurt-your-life"",""🎤 Embracing Discomfort | Corey Rich | TEDxCarsonCity"":""https://youtu.be/GlozTwHtW5s?si=-cyYYXIDWZHuxw2S"",""🧘 How to embrace discomfort and the unpleasant things in life?"":""https://www.reddit.com/r/Stoicism/comments/lpcwfb/how_to_embrace_discomfort_and_the_unpleasant/"",""📽️ Get comfortable with being uncomfortable | Luvvie Ajayi Jones | TED"":""https://www.youtube.com/watch?v=QijH4UAqGD8"",""💬 [Advice] More you seek the uncomfortable, the more comfortable you become"":""https://www.reddit.com/r/getdisciplined/comments/103w4io/advice_more_you_seek_the_uncomfortable_the_more/""}","{""🧗‍♀️ Can You Help Me Find Strength in Discomfort?"":""Hey Claire, this journey feels tough, and I want to focus on how these hard moments are helping me grow. Can you ask me questions to help me reflect on what I’m learning from cravings or challenges and how they’re building my resilience?""}","[""What’s one **uncomfortable thing** you’ve been avoiding that could help you *grow*, and how can you take the *first step* toward it today? ""]",,,lock_it_in,accepting-discomfort
138,19,"🌊 Day 19: Mindfulness for Cravings  "," Ride the Wave, Don’t Get Swept Away  ","Cravings feel overwhelming because they demand your attention, but mindfulness offers a way through. Think of it as riding a wave—observing the rise and fall instead of letting it pull you under.  

When a craving hits, _CLIENTNAME_, *pause.* Breathe in for 4 counts, hold for 4, and exhale for 6. Notice what you feel: **“There’s tension in my chest” or “restlessness in my hands.”** Label it without judgment and remind yourself, *“This craving will pass, and I’m in control.”*  

Mindfulness isn’t about eliminating cravings—it’s about facing them with clarity. Savor the small moments today, like noticing the warmth of your coffee or taking a few deep breaths before opening your phone.  

Each mindful choice keeps you grounded, helping you navigate challenges with more ease and strength. 🌟",clear30,,,"{""🌿 Mindfulness and Weed"":""https://www.reddit.com/r/Mindfulness/comments/azit4w/mindfulness_and_weed/"",""🍃 Marijuana and Meditation"":""https://www.youtube.com/watch?v=MtZmR6oK9tg&feature=youtu.be"",""🔍 How to Tackle Your Cravings with Mindfulness"":""https://greatergood.berkeley.edu/article/item/how_to_tackle_your_cravings_with_mindfulness"",""🧘 Experiences on using meditation to stop smoking"":""https://www.reddit.com/r/Meditation/comments/rplucw/have_you_experience_with_using_meditation_to_stop/"",""🧠 Turn Off Mental Cravings Using This Mindfulness Technique"":""https://youtu.be/7Lkw6fEZ3IA?si=KrmrffP-4HfsXS6l"",""🧘 Have you experience with using meditation to stop smoking weed (or other substance)?"":""https://www.reddit.com/r/Meditation/comments/rplucw/have_you_experience_with_using_meditation_to_stop/""}","{""🌊 Can You Help Me Practice Mindfulness During Cravings?"":""Hey Claire, cravings feel intense, but I want to learn how to observe them instead of letting them take over. Can you ask me questions to help me reflect on what I’m feeling and guide me through mindfulness techniques, like breathing or labeling sensations, to ride the wave?""}","[""Think back to a recent craving—what did it teach you about your *body* or *mind*, and how might observing it with curiosity instead of judgment reveal something unexpected? ""]","{""Mindfulness & Savoring Meditation"":""https://m.clear30.org/mindfulness.mp3""}",,lock_it_in,mindfulness
139,19,"🌊 Mindfulness and Stress Relief  ","Redefining Calm  ","If stress led you to smoke, _CLIENTNAME_, it wasn’t the weed you were after—it was the relief. But here’s the truth: **calm doesn’t come from a shortcut—it comes from how you meet the moment.**  

When stress rises, notice how your body reacts, _CLIENTNAME_. *Is it the tension in your shoulders? The rush to escape? The looping thoughts?* Instead of pushing it away, meet it differently: close your eyes, unclench your jaw, and focus on the sensation of your breath filling and leaving your body.  

Each time you choose to respond instead of react, _CLIENTNAME_, you’re building something stronger—your ability to relax without relying on the haze. This isn’t about rejecting what worked before—it’s about discovering what your mind and body are capable of on their own. 🌟",clear30,Trigger,Stress relief / relax,"{""😌 What is the most effective technique for stress relief?"":""https://www.reddit.com/r/Meditation/comments/1guz0ek/what_is_the_most_effective_technique_for_stress/"",""🧘 How can I practice Mindfulness in real life stressful situations? E.g. Work, family, occasional critical life events. Mindfulness seems to work well in good and \""normal\"" situations in life but I struggle in stressful situations. Thank you."":""https://www.reddit.com/r/Mindfulness/comments/pz9rbe/how_can_i_practice_mindfulness_in_real_life""}","{""💡 Can You Help Me Meet Stress Without Smoking?"":""Hey Claire, I used to turn to weed for stress relief, but now I want to explore how to handle it differently. Can you ask me questions to help me notice how stress shows up in my body and guide me toward mindful ways—like breathing or unclenching my jaw—that can bring real calm?""}","[""What’s one **moment of stress** you’ve met with mindfulness instead of reacting, and how has it helped you *redefine calm*? ""]",,,lock_it_in,
140,19,"🌊 Mindfulness and Mental Clarity  ","Clearing the Fog, One Breath at a Time  ","If your goal is mental clarity, cravings might feel like a tug back into the haze—clouding the progress you’re making. But here’s the interesting part: **your brain is already relearning how to find focus without shortcuts.**  

Clarity isn’t just about what you remove—it’s about what you notice. Next time your thoughts feel scattered, _CLIENTNAME_, try this: *focus on just one detail around you.* The feel of your chair, the sound of the wind, the way light shifts in the room. By anchoring your attention to the present, you’re retraining your mind to stay clear, even when distractions pull.  

Every moment of mindfulness isn’t just grounding—it’s practice. You’re not just resisting the haze; you’re proving that clarity is something you can create, not something you need to chase. Each breath, each choice, sharpens that skill. 🌟",clear30,Break-Reason,Gain Mental Clarity,"{""🌿 Are there ways to find clarity in life and reduce anxiety naturally ?"":""https://www.reddit.com/r/Meditation/comments/14e1d8e/are_there_ways_to_find_clarity_in_life_and_reduce/"",""🧘 What meditation would you recommend for clarity and focus? Question ❓"":""https://www.reddit.com/r/Meditation/comments/u4vmzm/what_meditation_would_you_recommend_for_clarity/""}","{""🧘‍♀️ Can You Help Me Practice Mindfulness for Clarity?"":""Hey Claire, I’m working on clearing mental fog and staying focused without shortcuts. Can you ask me questions to help me anchor my attention to the present—like noticing small details or using my breath—and guide me toward sharpening my clarity?""}","[""What’s one **moment of mindfulness** you’ve practiced recently, and how did it help you feel more *grounded and clear*? ""]",,,lock_it_in,
141,19,"🌊 Mindfulness and Weed’s Role  ","Understanding What Helped  ","If weed felt like it was helping more than harming, _CLIENTNAME_, it’s worth asking: *What exactly was it giving you?* Was it calm during stress, focus in chaos, or just a way to pause? The break you’re taking now isn’t about erasing those benefits—it’s about understanding them.  

Here’s something to think about: **Was it the weed itself, _CLIENTNAME_, or the act of stepping back from the moment that helped?** Often, it’s not the substance but the pause it created—the chance to reset your mind, even briefly.  

Try creating that pause intentionally. When you feel the pull, stop and ask: *What am I seeking right now? Calm? Space? Focus?* Instead of reacting, take a small action that matches that need—breathe deeply, step outside, or close your eyes for a moment.  

This isn’t about rejecting what worked before. It’s about seeing how much of that clarity or calm came from *you* all along. 🌟",clear30,Help-Harm,"Mostly helping more than harming
",,"{""🌊 Can You Help Me Understand What I Needed From Weed?"":""Hey Claire, I’m reflecting on how weed seemed to help me in the past, and I want to explore what it was really giving me—calm, focus, or something else. Can you ask me questions to help me identify what I’m seeking now and guide me toward creating those moments intentionally without weed?""}","[""What’s one **need** you’ve identified during this break, and how has creating intentional pauses helped you meet it *without weed*? ""]",,,lock_it_in,
142,19,"🌊 Mindfulness and Weed’s Role  ","Understanding What Helped  ","If weed felt like it was helping more than harming, it’s worth asking: *What exactly was it giving you?* Was it calm during stress, focus in chaos, or just a way to pause? The break you’re taking now isn’t about erasing those benefits—it’s about understanding them.  

Here’s something to think about: **Was it the weed itself, _CLIENTNAME_, or the act of stepping back from the moment that helped?** Often, it’s not the substance but the pause it created—the chance to reset your mind, even briefly.  

Try creating that pause intentionally. When you feel the pull, stop and ask: *What am I seeking right now? Calm? Space? Focus?* Instead of reacting, take a small action that matches that need—breathe deeply, step outside, or close your eyes for a moment.  

This isn’t about rejecting what worked before. It’s about seeing how much of that clarity or calm came from *you* all along. 🌟",clear30,Help-Harm,Somewhat helping more than harming,,"{""🌊 Can You Help Me Understand What I Needed From Weed?"":""Hey Claire, I’m reflecting on how weed seemed to help me in the past, and I want to explore what it was really giving me—calm, focus, or something else. Can you ask me questions to help me identify what I’m seeking now and guide me toward creating those moments intentionally without weed?""}","[""What’s one **need** you’ve identified during this break, and how has creating intentional pauses helped you meet it *without weed*? ""]",,,lock_it_in,
143,19,"🌊 Mindfulness and Breaking Free  ","Seeing Through the Harm  ","If weed was harming more than helping, _CLIENTNAME_, it’s worth asking: *What did you believe it was giving you?* Was it calm? Focus? A way to escape? Now, with space to reflect, consider what it actually left behind. **Did it truly ease your anxiety, or did it amplify it later?** Did it offer clarity, or did it leave you feeling stuck?

This isn’t about erasing those moments—it’s about understanding them. By stepping back, _CLIENTNAME_, you’re starting to see what wasn’t working and making room to rebuild with tools that truly support you. That clarity is where real growth begins. 🌟",clear30,Help-Harm,"Mostly harming more than helping
",,"{""💭 Can You Help Me Reflect on What Weed Was Really Giving Me?"":""Hey Claire, I’m stepping back from weed and want to explore what I thought it was helping with—like calm or clarity—and what it might have left behind. Can you ask me questions to help me reflect on how it impacted me and guide me toward tools that truly support my growth?""}","[""What’s one **belief** you’ve challenged about weed during this break, and how has it helped you see its *true impact* on your life? ""]",,,lock_it_in,
144,19,"🌊 Mindfulness and Breaking Free  ","Seeing Through the Harm  ","If weed was harming more than helping, it’s worth asking: *What did you believe it was giving you?* Was it calm? Focus? A way to escape? Now, _CLIENTNAME_, with space to reflect, consider what it actually left behind. **Did it truly ease your anxiety, or did it amplify it later?** Did it offer clarity, or did it leave you feeling stuck?

This isn’t about erasing those moments—it’s about understanding them. By stepping back, you’re starting to see what wasn’t working and making room to rebuild with tools that truly support you. That clarity is where real growth begins. 🌟",clear30,Help-Harm,Somewhat helping more than harming,,"{""💭 Can You Help Me Reflect on What Weed Was Really Giving Me?"":""Hey Claire, I’m stepping back from weed and want to explore what I thought it was helping with—like calm or clarity—and what it might have left behind. Can you ask me questions to help me reflect on how it impacted me and guide me toward tools that truly support my growth?""}","[""What’s one **belief** you’ve challenged about weed during this break, and how has it helped you see its *true impact* on your life? ""]",,,lock_it_in,
145,20,"🌬️ Day 20: New Tools, New Strength  ","Rebuilding Comfort, One Step at a Time   ","When weed was your go-to for stress, _CLIENTNAME_, quitting can feel like losing a safety net. But it’s also a chance to build healthier, lasting ways to cope—tools you can carry with you far beyond Clear30.

**Start with your breath.** Try **4-7-8 breathing** (_CLIENTNAME_, inhale for 4, hold for 7, exhale for 8) to calm your mind or a long, intentional sigh to release tension. These simple techniques ground you in the moment.  

**Engage your senses.** Name 5 things you see, 4 you touch, 3 you hear, 2 you smell, and 1 you taste. Or dive into something creative—painting, journaling, or even a puzzle. These distractions don’t just fill time—they help you reset.

Replace old habits with rituals that bring comfort, like brewing tea or lighting a candle. Each time you use these tools,_CLIENTNAME_, you're proving to yourself that you can thrive without relying on weed. You’re creating strength that lasts. 🌟",clear30,,,"{""💪 Deal Better with Hard Times"":""https://www.mhanational.org/deal-better-hard-times"",""🌿 Weed addiction and coping with emotion"":""https://www.reddit.com/r/infp/comments/195nwqs/weed_addiction_and_coping_with_emotion/""}","{""🌱 Can You Help Me Find New Tools for Comfort Without Weed?"":""Hey Claire, quitting weed has made me realize I need new ways to manage stress and find comfort. Can you ask me questions to help me try tools like mindful breathing, engaging my senses, or building rituals that ground me in the moment?""}","[""What’s one *new tool or ritual* you’ve discovered during this break that brings you comfort, and how could it become a lasting part of your life? ""]",,,lock_it_in,coping
146,20,"🌬️ Tools for Creativity  "," Finding Your Flow Without Weed  ","If weed felt like your creativity’s fuel, here’s a thought: **the spark was never in the smoke—it was in the space weed created.** Now, you get to reclaim that space intentionally.

Here’s a trick: *switch up your environment.* Creativity thrives on novelty. Rearrange your workspace, take a different route on your walk, or try brainstorming in a coffee shop or park. Shifting your surroundings can shift your perspective and provide fresh insights for _CLIENTNAME_.

Another tool? **Set constraints.** Tell yourself, *“I’ll write five lines,”* or, *“I’ll sketch with only one color.”* Research shows that limitations can ignite creativity by forcing your mind to think differently.

The truth is, weed wasn’t the source of your ideas—it was a tool. Now you’re learning to create without it, and the ideas that come? They’ll feel even more like your own. 🌟",clear30,Trigger,Enhance creativity,,"{""🌬️ Can You Help Me Reclaim My Creativity Without Weed?"":""Hey Claire, I’m realizing that creativity doesn’t need weed, but I want to explore tools to spark my ideas. Can you ask me questions to help me shift my environment, try constraints, or discover new ways to find my creative flow?""}","[""What’s one **creative tool or change** you’ve tried during this break, and how has it helped you *reclaim your creative spark*? ""]",,,lock_it_in,
147,20,"🌬️ Exploring Life Without Weed  ","Finding Depth in the Everyday  ","Without weed, _CLIENTNAME_, life might feel quieter—but that quiet isn’t emptiness. **It’s space.** Space to notice, to explore, to connect with the world in ways you might have overlooked before.

Here’s something to try: *focus on the firsts.* The first time you laugh fully, the first time you feel truly present in a conversation, the first time a moment feels rich without the haze. These are milestones, proof that life without weed isn’t smaller—it’s deeper.

Exploration isn’t about grand gestures; it’s about paying attention. The more you lean into those moments, _CLIENTNAME_, the more you’ll see what’s been waiting for you all along. 🌟",clear30,Trigger,Explore Life Without Cannabis,,"{""🌬️ Can You Help Me Find Depth in Life Without Weed?"":""Hey Claire, life feels quieter without weed, but I want to explore what’s unfolding in that space. Can you ask me questions to help me notice the “firsts” and reflect on moments that feel richer or more present without the haze?""}","[""What’s one **first moment** you’ve noticed during this break that felt richer or more present, and how has it shown you the *depth* life can offer? ""]",,,lock_it_in,
148,20,"🌬️ Tools for Pain Relief  ","Rethinking How You Feel  ","When pain is constant, weed might have felt like the only way to cope. But here’s something interesting: **pain isn’t just physical—it’s how your brain interprets the signals.** By changing how you respond, _CLIENTNAME_, you can change how you feel.

Try this: *interrupt the signal.* Research shows that engaging your senses—like humming, tapping your fingers rhythmically, or even chewing gum—can rewire how your brain processes pain. These small actions distract the neural pathways that amplify discomfort.

Pain is real, but your ability to influence it is just as real. By exploring these tools, you’re proving to yourself that relief doesn’t have to come from the haze—it can come from the way you reclaim control. 🌟",clear30,Trigger,Relieve pain,,"{""🌬️ Can You Help Me Find New Ways to Manage Pain?"":""Hey Claire, I used to rely on weed for pain relief, but now I want to explore other tools. Can you ask me questions to help me reflect on how I’m feeling and guide me toward small actions—like engaging my senses or trying mindfulness—that might help interrupt the pain signal?""}","[""What’s one **new tool** you’ve tried for managing pain, and how has it helped you feel more *in control* of your relief? ""]",,,lock_it_in,
149,20,"🌬️ Enhancing Without the Haze  "," Rediscovering the Magic  ","If weed helped make chores tolerable or music transcendent, _CLIENTNAME_, here’s the truth: **it wasn’t the weed—it was your brain noticing the details.** Without it, you can still rediscover that magic.

Try this: **add novelty.** Play a new genre of music while cleaning, or rearrange your workspace. Novelty wakes up your brain, turning the ordinary into something fresh.

The richness you’re seeking isn’t tied to weed—it’s tied to your attention. The more you notice, _CLIENTNAME_, the more vivid life becomes. 🌟",clear30,Trigger,Wanting to enhance things chores work or movies or music,,"{""🌬️ Can You Help Me Enhance Everyday Moments Without Weed?"":""Hey Claire, I used to turn to weed to make things more enjoyable, but now I want to rediscover that magic on my own. Can you ask me questions to help me find ways—like adding novelty or noticing details—to make everyday moments feel richer and more engaging?""}","[""What’s one **ordinary moment** you’ve made more vivid during this break, and how has paying attention helped you *rediscover the magic*? ""]",,,lock_it_in,
150,21,"🪞 Day 21: Reflecting on Your Past  ","Clarity Through Curiosity  ","Reflection isn’t about labeling weed as “good” or “bad”—it’s about **understanding** its role in your life. *What did it give you?* Stress relief? Social connection? A way to unwind? And *what did it take away,* _CLIENTNAME_? Focus? Clarity? Opportunities?

**Write it down.** No judgment, just curiosity. *Reflection isn’t about regret; it’s about alignment.* Use these insights to reconnect with your “why” and the person you’re becoming.

Every discovery is a step forward. *Growth begins when you understand where you’ve been—and where you’re going.* 🌟",clear30,,,"{""📈 Simon Sinek on How Reflection Informs Personal Growth"":""https://youtu.be/_Ky-mKuhKgU?si=CQ1PSIWVXZDYF86Y"",""🔍 Get to know yourself through the act of self-reflection"":""https://www.betterup.com/blog/self-reflectionn"",""💡 What was your deepest realization during self reflection?"":""https://www.reddit.com/r/AskOldPeople/comments/1ddyl4p/what_was_your_deepest_realization_during_self/""}","{""🪞 Can You Help Me Reflect on My Relationship With Weed?"":""Hey Claire, I want to explore what weed gave me and what it might have taken away. Can you ask me questions to help me reflect on how it shaped my life and guide me toward reconnecting with my “why” and the person I’m becoming?""}","[""What’s one thing weed added to your life and one thing it *held you back* from, and how does that shape your journey now? ""]",,,reflection,reflecting-on-past-use
151,21,"🪞 Reflecting on Your Past  "," Weed and Your Relationships  ","If your goal, _CLIENTNAME_, is to strengthen your relationships, take a closer look at how weed shaped the way you connected. Here’s a question to sit with: **Did it help you show up, or did it let you disappear?** Maybe it softened your edges in a conversation, but did it also dull your ability to listen deeply or respond fully?  

Here’s something to try: **revisit one moment where weed played a role in your connection with someone.** What did it add to that moment, and what might it have taken away? Clarity, focus, or a deeper understanding of the other person?  

This isn’t about regret—it’s about insight. Relationships thrive on presence, and this break is your chance to rebuild that presence without distraction. What might it feel like to show up for someone now, fully here, fully you? 🌟",clear30,Break-Reason,Improve Current Relationships,,"{""🪞 Can You Help Me Reflect on How Weed Affected My Relationships?"":""Hey Claire, I want to explore how weed shaped the way I connected with others—what it added and what it might have taken away. Can you ask me questions to help me reflect on moments where it played a role and guide me toward rebuilding deeper, more present connections?""}","[""What’s one **moment** where weed shaped a connection, and how does reflecting on it help you show up more *fully present* now? ""]",,,reflection,
152,21,"🪞 Reflecting on Motivation  ","Weed’s Role in Your Drive  ","If your goal is to feel more motivated, take a moment to examine how weed shaped your drive. **Did it give you ideas but keep you from acting on them? Did it ease pressure, or make it easier to delay starting?**  

Think back: *What did motivation feel like before weed?* Was it the excitement of a fresh idea or the satisfaction of finishing something important? And now, _CLIENTNAME_, without weed, what sparks of drive are starting to return?

This isn’t about judgment—it’s about understanding. By reflecting on how weed influenced your ambition, you’re learning what truly fuels your motivation—and what might have been holding it back. 🌟",clear30,Break-Reason,Increase Motivation,,"{""🪞 Can You Help Me Reflect on How Weed Affected My Motivation?"":""Hey Claire, I want to explore how weed shaped my drive—what it might have added and what it held back. Can you ask me questions to help me reflect on how motivation felt before and during my use, and guide me toward noticing what’s sparking now without it?""}","[""What’s one **way** weed influenced your motivation, and how has this break helped you reconnect with your *natural drive*? ""]","{""Weed and Motivation Meditation"":""https://m.clear30.org/slowchange.mp3""}",,reflection,
153,21,"🪞 Reflecting on Weed’s Impact  ","Seeing Through What Held You Back  ","If weed was holding you back more than helping, _CLIENTNAME_, take a moment to explore what it truly added—and what it took away. **Was it offering moments of ease, or quietly slowing your progress, focus, or connection to what matters?**  

Think of a time when weed may have kept you from showing up fully. *What could that moment have looked like without it?* Would you have been clearer, more present, or more intentional?  

Each reflection gives you insight into how those choices shaped where you are now—and how you can move forward with intention. 🌟",clear30,Help-Harm,Somewhat harming more than helping,,"{""🪞 Can You Help Me Reflect on How Weed Held Me Back?"":""Hey Claire, I want to explore how weed may have shaped my life—what it added, what it took away, and how it influenced my ability to show up. Can you ask me questions to help me reflect on those moments and guide me toward building more intentional choices moving forward?""}","[""What’s one **moment** where weed might have held you back, and how does reflecting on it help you move forward with *clarity and intention*? ""]",,,reflection,
154,21,"🪞 Reflecting on Weed’s Impact  ","Seeing Through What Held You Back  ","If weed was holding you back more than helping, take a moment to explore what it truly added—and what it took away. **Was it offering moments of ease, or quietly slowing your progress, focus, or connection to what matters?**

Think of a time when weed may have kept you from showing up fully, _CLIENTNAME_. *What could that moment have looked like without it?* Would you have been clearer, more present, or more intentional?

Each reflection gives you insight into how those choices shaped where you are now—and how you can move forward with intention. 🌟",clear30,Help-Harm,Mostly harming more than helping,,"{""🪞 Can You Help Me Reflect on How Weed Held Me Back?"":""Hey Claire, I want to explore how weed may have shaped my life—what it added, what it took away, and how it influenced my ability to show up. Can you ask me questions to help me reflect on those moments and guide me toward building more intentional choices moving forward?""}","[""What’s one **moment** where weed might have held you back, and how does reflecting on it help you move forward with *clarity and intention*? ""]",,,reflection,
155,21,"🪞 Reflecting Before You Return  "," Redefining Your Relationship With Weed  ","If you plan to return to weed after Clear30, _CLIENTNAME_, take a moment to consider: **What do you want that relationship to look like?** Instead of falling back into old patterns, this is your chance to create something intentional.  

Think of your past use, _CLIENTNAME_. *What worked for you, and what didn’t?* Were there moments when it enhanced your experience—or times when it got in the way? Use what you’ve learned during this break to define clear boundaries: **When, why, and how will weed serve your goals, not distract from them?**  

This isn’t just about starting again—it’s about starting smarter. By reflecting now, _CLIENTNAME_, you’re shaping a relationship with weed that works for you, not the other way around. 🌟",clear30,I want to use the same,smoking after c30,,"{""🪞 Can You Help Me Redefine My Relationship With Weed?"":""Hey Claire, I’m thinking about how I want to approach weed after Clear30, and I want to be intentional about it. Can you ask me questions to help me reflect on what worked, what didn’t, and how I can set boundaries that align with my goals?""}","[""What’s one **boundary** you want to set if you return to weed, and how will it help you create a *healthier, more intentional* relationship with it? ""]",,,reflection,
156,21,"🪞 Reflecting on the Balance  "," Understanding Both Sides of Weed  ","If weed felt like it helped and harmed in equal measure, take a moment to explore both sides. **What was it giving you, and at what cost?** Maybe it brought moments of calm but left you feeling foggy. Perhaps, _CLIENTNAME_, it eased social situations but dulled your focus afterward.  

Here’s an exercise: **Imagine your life split into two columns—what weed helped you gain and what it might have held you back from.** Are there ways to keep the benefits while avoiding the downsides? For instance, did it help you unwind, but at the expense of clarity? Could a new habit—like evening walks or journaling—offer that same release without the haze?  

This break isn’t about choosing one side over the other—it’s about understanding the full picture. By reflecting on what worked and what didn’t, you’re learning how to create a life that feels balanced, clear, and truly yours. 🌟",clear30,Help-Harm,"Equally Helping and Harming (but in different ways)
",,"{""🪞 Can You Help Me Explore the Balance of Weed’s Impact?"":""Hey Claire, I’m reflecting on how weed both helped and held me back, and I want to understand the full picture. Can you ask me questions to help me identify what it gave me, what it cost me, and how I might find balance moving forward?""}","[""What’s one **benefit** weed gave you and one **cost** it carried, and how can this reflection help you find *balance* moving forward? ""]",,,reflection,
157,22,"👁️ Day 22: Revealing Your Blind Spots  ","Seeing What You Might Be Missing  ","Self-reflection is powerful, _CLIENTNAME_, but it has its limits—we all have blind spots. Sometimes, **the perspective of others** can reveal truths we can’t see on our own.

**Ask someone you trust:**  
*“Do you think weed makes me better, worse, or both? Why?”* Choose people with different perspectives to get a clearer, more balanced view.  

**Look for patterns** in their feedback. What themes keep coming up? These insights can show how weed has shaped your life and where growth is waiting.  

Let others’ reflections add depth to your own, _CLIENTNAME_. *Growth often begins where self-awareness meets outside perspective.* 🪞",clear30,,,"{""🔍 How to self-examine life daily."":""https://www.reddit.com/r/Stoicism/comments/115sas7/how_to_selfexamine_life_daily/"",""🛑 How to stop your blind spots from tripping you up"":""https://www.listeningpartnership.com/insight/how-to-stop-your-blind-spots-from-tripping-you-up/"",""💭 How has realising your most harmful negative core belief changed you/your life?"":""https://www.reddit.com/r/AskWomenOver30/comments/168t5lm/how_has_realising_your_most_harmful_negative_core/""}","{""👁️ Using Feedback to See What I Might Be Missing"":""Hey Claire, I want to understand how weed has shaped my life from perspectives I might not see myself. Can you ask me questions to help me reflect on the feedback I’ve received—or plan to ask for—and guide me toward finding patterns or insights I might be missing?""}","[""What’s one piece of feedback you’ve received about your relationship with weed, and how has it helped you see something you might have missed? ""]","{""Feedback from Others Meditation"":""https://m.clear30.org/feedback.mp3""}",,reflection,blind-spots
158,22,"👁️ Escaping the Loop  ","Getting Unstuck from Your Own Head  ","When you’re stuck in your own head, it’s easy to spiral—replaying the same thoughts, questions, and doubts. But here’s the insight: **the mind isn’t built to untangle itself alone.**  

Try this: **shift your focus outward.** Spend time observing the world instead of analyzing yourself. Notice the details in a conversation, _CLIENTNAME_, the sounds in a room, or the way light changes throughout the day. Breaking the internal loop starts with anchoring yourself to what’s happening outside of it.

Here’s another angle: **ask someone what they notice about you when you seem most present or most distracted.** Their perspective might reveal patterns you’re too close to see.

Getting unstuck isn’t about silencing your thoughts—it’s about giving them space to quiet on their own. The answers you’re searching for often emerge when you stop digging for them. 🌟",clear30,Break-Reason,Reduce Being Stuck in Own Head,,"{""👁️ Can You Help Me Break Free From Overthinking?"":""Hey Claire, I feel stuck in my own head sometimes and want to explore ways to get unstuck. Can you ask me questions to help me focus outward—on my surroundings or conversations—and guide me toward noticing patterns or feedback that could help me find clarity?""}","[""What’s one **external detail** you’ve noticed recently that helped you break an internal loop, and how did it shift your *perspective*? ""]",,,reflection,
159,22,"👁️ Dependency and Blind Spots  ","What Are You Not Seeing?  ","When it comes to dependency, _CLIENTNAME_, the hardest truths are often the ones we can’t see ourselves. Weed might have become your go-to for stress or habit, but **what’s it truly filling—or hiding?** Blind spots aren’t just about what you don’t know—they’re about what you avoid noticing.

Here’s something bold: **ask someone you trust, “_CLIENTNAME_, when do you think I turn to weed the most? What do you think I’m trying to avoid or cope with?”** These aren’t easy questions, but their answers might uncover patterns you’ve been too close to see.

And here’s the twist: **start asking yourself the same thing.** Next time the urge hits, pause and ask, *What am I really looking for here? Is it escape, calm, or something deeper?* Dependency thrives in the shadows, but clarity pulls it into the light.

Breaking free starts with seeing clearly. The more _CLIENTNAME_ uncovers, the more they can meet those needs in ways that don’t hold them back. 🌟",clear30,Break-Reason,Reduce Dependency on Cannabis,,"{""🧩 Can You Help Me See What I’m Missing About My Dependency?"":""Hey Claire, I want to explore the patterns behind when and why I turned to weed. Can you ask me questions to help me reflect on what I might be avoiding or coping with and guide me toward uncovering insights I’ve been too close to see?""}","[""What’s one **pattern** you’ve uncovered about your dependency, and how has bringing it into the light helped you meet your *true needs*? ""]",,,reflection,
160,22,"👁️ Finding Clarity  "," Seeing Beyond the Break  ","If you started Clear30 unsure about what’s next, you’re exactly where you need to be. Deciding whether weed fits into your future starts with uncovering **what you might not be seeing.**  

Here’s something to try: **ask someone who knows you well how they see you during this break.** _CLIENTNAME_, are you more focused? More connected? Do they notice things you might not? Their perspective could reveal patterns you haven’t considered—moments where weed helped, and moments where it held you back.  

Now, turn inward: *What have you noticed during this time? Do you feel clearer, more present, or maybe even more challenged without it?* These reflections aren’t about pressure—they’re about giving _CLIENTNAME_ the full picture to decide intentionally.  

Sometimes clarity isn’t about what you add—it’s about what you uncover. Use what _CLIENTNAME_ has learned to shape the relationship with weed that feels true to them. 🌟",clear30,Goal30,I don't know right now,,"{""🔮 Can You Help Me Reflect on What’s Next After My Break?"":""Hey Claire, I’m thinking about how weed might fit into my future, but I want to reflect on what this break has taught me. Can you ask me questions to help me notice what I’ve gained—like clarity or connection—and explore feedback from others that might show me what I’m missing?""}","[""What’s one **insight** you’ve gained about yourself during this break, and how does it help you see the *role weed might play* in your future? ""]",,,reflection,
161,23,"🌱 Day 23: Growth Takes Time  ","Small Steps, Big Changes  ","Big changes don’t happen all at once, _CLIENTNAME_—they’re built **one mindful choice at a time.** Each craving you resist and each moment of reflection adds another layer to the stronger, clearer version of you.  

Progress might feel slow, but *this is where transformation begins.* The journey itself—learning new habits, managing cravings, and staying connected to your “why”—is the real reward.  

**Celebrate the small wins**, _CLIENTNAME_. The craving you resisted, the moment you paused before reacting, the healthier coping mechanism you chose last night. These aren’t just tiny victories—they’re proof that change is happening.  

Trust the process. Every small step today is building something remarkable for tomorrow. 🌟",clear30,,,"{""⌛ Real Change Takes Time"":""https://possibilitychange.com/real-change-takes-time/"",""⏳ Accepting slow progress"":""https://www.reddit.com/r/getdisciplined/comments/c46waw/advice_3_ways_to_be_more_accepting_of_slow/"",""🐢 Slow progress is better than no progress"":""https://www.reddit.com/r/selfimprovement/comments/mtwksm/slow_progress_is_better_than_no_progress/"",""🌱 Embracing the Slow Journey of Real Change"":""https://www.psychologytoday.com/us/blog/your-emotional-meter/202407/embracing-the-slow-journey-of-real-change"",""🧠 The mindset that changed my life IMMEDIATELY"":""https://youtu.be/Vp-TVkqaCrQ?si=BuQjNJT4GBJi6HHL"",""💪 Self Improvement when you feel like you’re getting worse"":""https://www.reddit.com/r/selfimprovement/comments/rgztkm/why_is_it_that_since_ive_started_trying_to/""}","{""🌱 Noticing the Small Wins in My Growth"":""Hey Claire, progress feels slow sometimes, but I know it’s the small steps that matter. Can you ask me questions to help me reflect on the cravings I’ve resisted, the habits I’m building, and the moments that show I’m transforming, even if it feels subtle?""}","[""What’s one *small win* you’ve had recently, and how does it remind you that even tiny steps are building something **meaningful**? ""]",,,reflection,big-changes-takes-time
162,23,"🌱 Growth Takes Time  "," Breaking the Daily Cycle  ","If you, _CLIENTNAME_, smoked most days, this break is a big shift. Weed shaped your routines, and now you’re rebuilding them piece by piece. **Change takes time because you’re not just breaking habits—you’re rewiring how your brain seeks reward.**  

Notice one thing today that feels different without weed, _CLIENTNAME_. Maybe time feels fuller, or focus comes a little easier. These small shifts are proof that progress is happening—even if it’s slow. Each step you take is building something stronger. 🌟",clear30,Days-Using,"4-5 days a week ",,"{""🌱 Can You Help Me Reflect on Breaking Old Habits?"":""Hey Claire, this break has been a big shift, and I’m working on rebuilding my routines. Can you ask me questions to help me notice small changes—like feeling more focused or having fuller days—and guide me toward seeing how these steps are shaping my progress?""}","[""What’s one **small shift** you’ve noticed in your daily routine during this break, and how does it show that *progress is taking root*? ""]",,,reflection,
163,23,"🌱 Growth Takes Time  "," Breaking the Daily Cycle  ","If you, _CLIENTNAME_, smoked most days, this break is a big shift. Weed shaped your routines, and now you’re rebuilding them piece by piece. **Change takes time because you’re not just breaking habits—you’re rewiring how your brain seeks reward.**  

Notice one thing today that feels different without weed, _CLIENTNAME_. Maybe time feels fuller, or focus comes a little easier. These small shifts are proof that progress is happening—even if it’s slow. Each step you take is building something stronger. 🌟",clear30,Days-Using,6-7 days a week,,"{""🌱 Can You Help Me Reflect on Breaking Old Habits?"":""Hey Claire, this break has been a big shift, and I’m working on rebuilding my routines. Can you ask me questions to help me notice small changes—like feeling more focused or having fuller days—and guide me toward seeing how these steps are shaping my progress?""}","[""What’s one **small shift** you’ve noticed in your daily routine during this break, and how does it show that *progress is taking root*? ""]",,,reflection,
164,23,"🌱 Rewriting Your Start  ","Growth Without Certainty  ","You didn’t come into Clear30 fully committed—and that’s not a failure. **It’s part of the process.** Growth doesn’t require a perfect start—it takes time, small steps, and the willingness to keep moving forward, even when you’re unsure.

Here’s the shift: **every small action adds up.** A craving resisted, a reflection made, or a habit questioned—all of these moments are proof that growth is happening, _CLIENTNAME_, even if it feels slow or uncertain.

It’s not about how sure you were on Day 1—it’s about showing up today, and tomorrow, and the",clear30,Commitment," Not",,"{""🌱 Can You Help Me Reflect on My Progress Without Certainty?"":""Hey Claire, I didn’t start this journey fully committed, but I’m realizing that each small action matters. Can you ask me questions to help me notice how my choices—like resisting cravings or reflecting on habits—are adding up and shaping my growth, even if I’m still figuring it out?""}","[""What’s one **small action** you’ve taken during this break that reminds you growth doesn’t need certainty—it just needs *consistency*? ""]",,,reflection,
165,24,"🧠✨ Day 24: Unlocking Curiosity and Creativity  "," Ask Better Questions, Find New Paths  ","Albert Einstein once said, *“I have no special talents. I am only passionately curious.”* _CLIENTNAME_, during your Clear30, curiosity can be your secret superpower—helping you break patterns, explore new ideas, and see challenges in a new light.

**Get creative with your break.** Swap your usual smoke time for something new: paint, write, take a morning walk, or brew a calming cup of tea. Treat challenges as puzzles—*“How can I approach this differently? What can I learn here?”*

Curiosity isn’t just about discovery—it’s about staying open to the possibilities in every moment. Einstein didn’t have all the answers—he just asked better questions. What will you explore today? 🔑",clear30,,,"{""🎨 Creativity without marijuana?"":""https://www.reddit.com/r/leaves/comments/sf636k/creativity_without_marijuana/"",""💪 How to Strengthen Your Curiosity Muscle"":""https://hbr.org/2023/11/how-to-strengthen-your-curiosity-muscle"",""🔍 How to be a more curious person, who is always seeking to learn more?"":""https://www.reddit.com/r/getdisciplined/comments/t13hfn/need_advice_how_to_be_a_more_curious_person_who/"",""📅 Daily Habits to Foster Creativity: Building a Routine that Encourages Fresh Ideas"":""https://jennarainey.com/daily-habits-to-foster-creativity-building-a-routine-that-encourages-fresh-ideas/"",""🧠 IWTL How to train myself to want mental stimulation as I’m not a very curious person?"":""https://www.reddit.com/r/IWantToLearn/comments/yc8jgj/iwtl_how_to_train_myself_to_want_mental/""}","{""✨Exploring New Paths with Curiosity"":""Hey Claire, I want to approach this break with curiosity and creativity, but I’m not sure where to start. Can you ask me questions to help me find new ways to fill my time—like trying a hobby, asking better questions, or seeing challenges as opportunities?""}","[""What’s one area of your life you could approach with more **curiosity**, and how might asking different questions open new paths for you? ""]","{""Curiosity Meditation"":""https://clear30.io/46I0Rvz""}",,reflection,curiosity-and-creativity
166,24,"🧠✨ Exploring Life Without Cannabis  ","Turning Curiosity Into Discovery  ","If your goal is to explore life without cannabis, start with this question: **What does life look like when you remove the filter?** Without the haze, you’re not just stepping away from something—you’re stepping toward clarity, creativity, and connection that’s fully yours.  

Here’s an exercise for you, _CLIENTNAME_: **pick something you’ve always done with cannabis and try it sober.** Maybe it’s watching a favorite movie, listening to music, or even having a conversation. Notice what feels different. Is there a sharper edge to the experience? A new layer of depth you hadn’t seen before?  

Curiosity isn’t about replacing what you’ve lost—it’s about finding what’s been waiting underneath. Life without cannabis isn’t smaller—it’s more vivid, more real. The more you explore, the more you discover what’s been there all along. 🌟",clear30,Break-Reason,Explore Life Without Cannabis,,"{""✨ Can You Help Me Rediscover Life Without Cannabis?"":""Hey Claire, I want to explore what life feels like without the filter of cannabis. Can you ask me questions to help me reflect on how familiar activities—like music or conversations—feel different now and guide me toward noticing new layers of depth or clarity?""}","[""What’s one **activity** you’ve rediscovered without cannabis, and how has experiencing it sober added more *depth or clarity*? ""]",,,reflection,
167,24,"🧠✨ Curiosity Never Ages  "," Rediscovering What’s Yours  ","At 65 and beyond, _CLIENTNAME_, curiosity is less about finding the new and more about **seeing the familiar in a fresh light.** This break isn’t just about stepping away—it’s about stepping back into life with sharper focus.  

Try this: **revisit something you haven’t done in years.** Maybe it’s music you loved, a favorite walk, or an old hobby. Experience it fully—without distraction—and notice the details that stand out now.  

The magic isn’t in adding something new—it’s in rediscovering what’s already yours, clearer than ever. 🌟",clear30,LO-Age,65+,"{""🎨 How do you keep life meaningful as you age?"":""https://www.reddit.com/r/RedditForGrownups/comments/1ew5elt/how_do_you_keep_life_meaningful_as_you_age/""}","{""🔍 Can You Help Me Rediscover What I’ve Always Loved?"":""Hey Claire, I want to use this break to see the familiar in a fresh light. Can you ask me questions to help me revisit things I used to enjoy—like music, walks, or hobbies—and guide me toward experiencing them with sharper focus and curiosity?""}","[""What’s one **familiar activity** you’ve revisited during this break, and how has experiencing it with fresh focus brought *new meaning*? ""]",,,reflection,
168,24,"🧠✨ Curiosity and Depression  "," Rediscovering What Brings Light  ","When your goal is to reduce depression, curiosity can be a powerful guide. It’s not about forcing happiness—it’s about asking, **What still sparks my interest? What feels worth exploring?**  

Try this: **find one small thing to approach differently today.** It could be as simple as taking a different route on a walk, listening to a new piece of music, or asking someone a question you’ve never thought to ask. _CLIENTNAME_, these small acts of curiosity shift your focus outward, creating room for light to seep into the heavy moments.  

Depression can feel like it dulls everything, but curiosity reminds you there’s still more to see, more to notice, and more to rediscover. Every small question you ask leads to something brighter. 🌟",clear30,Break-Reason,Reduce Depression,,"{""🔦 Can You Help Me Find Light Through Curiosity?"":""Hey Claire, depression makes things feel heavy, but I want to use curiosity to shift my focus outward. Can you ask me questions to help me explore small things—like a new perspective, activity, or conversation—that might spark interest or bring a moment of light?""}","[""What’s one **small act of curiosity** you’ve tried recently, and how has it helped you find *light in the heavy moments*? ""]",,,reflection,
169,24,"🧠✨ Curiosity and Connection  "," Redefining Loneliness Through Exploration  ","Loneliness isn’t just about the lack of people, _CLIENTNAME_—it’s about the lack of meaningful experiences with others. **What if curiosity wasn’t just a tool to overcome loneliness, but a way to connect deeply with the world around you?**  

Try this: **become an explorer of moments.** Go somewhere new—a park, a class, a local event—and observe the rhythms of people. Notice their interactions, their laughter, their quiet moments. Let your curiosity guide you: *What stories are unfolding here? What do these moments say about the connections waiting to happen?*  

Here’s the shift for you, _CLIENTNAME_: **instead of seeking company, seek understanding.** The more you observe, the more natural connection becomes—whether it’s striking up a conversation, joining a shared activity, or simply feeling part of the bigger picture.  

Loneliness doesn’t disappear in one big moment—it fades as you immerse yourself in curiosity about the world around you. Each step outward invites connection inward. 🌟",clear30,Break-Reason,Enhance Social Connections,,"{""✨ Can You Help Me Use Curiosity to Build Connection?"":""Hey Claire, loneliness feels tough, but I want to explore how curiosity can help me connect with others and the world around me. Can you ask me questions to help me notice the rhythms of people, find opportunities for connection, and feel part of something bigger?""}","[""What’s one **moment you’ve observed** during this break that sparked curiosity about others, and how has it helped you feel more *connected to the world around you*? ""]",,,reflection,
170,24,"🧠✨ Curiosity and Everyday Moments  ","Creating Your Own Spark   ","If weed helped you find joy in chores, work, or music, ask yourself: **Was it the weed—or was it the way you allowed yourself to immerse in the experience?** This break is your chance to explore how much of that spark was always yours.  

Here’s an experiment: **flip the script on the task.** Turn something repetitive into something playful—like doing chores to an album you’ve never heard, _CLIENTNAME_, or tackling work by setting a timer and challenging yourself to beat the clock. With music or movies, lean into contrast—watch a genre you’ve never explored or listen for an instrument you’d usually miss.  

The point isn’t to replace weed—it’s to see how creativity and curiosity can turn even the mundane into something vivid and alive. The spark isn’t gone; you’re learning how to ignite it yourself. 🌟",clear30,Trigger,Wanting to enhance things chores work or movies or music,"{""🎉 How do you make your mundane tasks enjoyable?"":""https://www.reddit.com/r/simpleliving/comments/1b4qwkx/how_do_you_make_your_mundane_tasks_enjoyable/""}","{""✨ Can You Help Me Find Joy in Everyday Moments Without Weed?"":""Hey Claire, I used to rely on weed to make things like chores or music more enjoyable, but now I want to explore how curiosity can bring that spark back. Can you ask me questions to help me flip the script on everyday tasks and find ways to immerse myself fully in the experience?""}","[""What’s one **everyday task** you’ve made more engaging during this break, and how has it helped you rediscover your *natural spark*? ""]",,,reflection,
171,25,"🔑 Day 25: Clear30 Beyond Weed  ","A Foundation for Intentional Living  ","Clear30 wasn’t just about taking a break from weed, _CLIENTNAME_—it was about learning how to **recognize patterns, face discomfort, and respond with intention.** These tools don’t stop here.  

Think about your other habits, _CLIENTNAME_. Does sugar sneak into your routine when you’re stressed? Does endless scrolling leave you feeling drained? The same strategies you’ve mastered—*pausing, reflecting, leaning into discomfort*—can help you tackle them.  

This isn’t just a break; it’s a shift. The mindfulness you’ve cultivated and the choices you’ve refined are a **blueprint for change** in every part of your life. The question is: *What will you take on next?* 🚀",clear30,,,"{""⚠️ What actually is “vice” and why should it be avoided?"":""https://www.reddit.com/r/Stoicism/comments/1bs3dcu/what_actually_is_vice_and_why_should_it_be_avoided/""}","{""🔑Applying What I’ve Learned to Other Habits"":""Hey Claire, Clear30 has taught me a lot about recognizing patterns and responding with intention, and I want to apply those lessons to other habits. Can you ask me questions to help me reflect on areas—like stress eating or endless scrolling—where I could use the same strategies to make positive changes?""}","[""What’s one habit outside of weed you’d like to approach with the same **intentionality** you’ve developed during Clear30, and what’s your first step? ""]",,,reflection,clear30-past-weed
172,26,"🔁 Day 26: Navigating Life’s Toughest Moments  ","Resilience in the Face of Setbacks  ","Life’s hardest moments—stress, loss, or overwhelming uncertainty—can pull you toward old habits. Weed might feel like the easy fix, but it’s not the only way to cope. **These moments aren’t where progress ends—they’re where resilience begins.**  

When a slip happens, pause and reflect without judgment: *What led me here? What can I learn?* Use what you uncover to make one small change, _CLIENTNAME_, one healthy choice to rebuild your momentum.  

Lean into discomfort—it’s temporary, but the strength you gain lasts. Focus on what you can control: your actions, your mindset, your next step.  

**Setbacks don’t define you—they shape you.** Each time you rise after a fall, you’re proving to yourself just how capable you are. 🌟",clear30,,,"{""🌿 I Relapsed Quitting Weed !"":""https://www.youtube.com/watch?v=KFAwb0py9ro"",""🔄 So I relapsed after 4 months...here's what I learned :)"":""https://www.reddit.com/r/leaves/comments/raphbx/so_i_relapsed_after_4_monthsheres_what_i_learned/""}","{""😶‍🌫️ Learning from Setbacks and Rebuilding Momentum"":""Hey Claire, tough moments sometimes pull me toward old habits, but I want to focus on building resilience. Can you ask me questions to help me reflect on what I can learn from slip-ups and guide me toward small, healthy choices that help me move forward?""}","[""What’s one tough moment you’ve faced recently, and how did it shape your understanding of **resilience** and your ability to keep moving forward? ""]",,,reflection,dealing-with-setbacks
173,26,"🔁 Resilience in Familiar Spaces  "," Finding Strength When Weed Is Around  ","When weed is part of your environment, _CLIENTNAME_, navigating setbacks can feel even harder. **But resilience isn’t about removing every trigger—it’s about learning how to face them.**  

Ask yourself, _CLIENTNAME_: *When I slip, is it because weed is easy to access, or because the habit feels automatic?* These aren’t failures—they’re insights. Reflect on what led you there: *What moment could I approach differently next time?*  

Lean into these challenges—they’re temporary, but the clarity and control you’re building will last. Every time you pause, reflect, and choose a new path, you’re proving to yourself that progress doesn’t stop where temptation begins. 🌟",clear30,Trigger,It is available around me generally,,"{""🔁  Can You Help Me Stay Resilient Around Weed?"":""Hey Claire, being around weed feels challenging, but I want to focus on building strength instead of avoiding triggers. Can you ask me questions to help me reflect on what leads to slip-ups and guide me toward strategies to pause, reflect, and make intentional choices in those moments?""}","[""What’s one **trigger** you’ve faced in your environment, and how has reflecting on it helped you build *resilience and control*? ""]",,,reflection,
174,26,"🔁 Resilience in Life’s Toughest Moments  ","Rethinking Stress Relief  ","When life feels overwhelming, turning to weed for relief can feel like the only way to breathe. But here’s something to sit with: **what if it’s not the weed that’s helping, but the pause it creates?** That moment of stepping away is where the real calm begins—it’s just been tied to the habit.  

Next time stress feels unbearable, _CLIENTNAME_, try this: **create the pause without the smoke.** Step outside, rinse your hands under cold water, or sit quietly with your eyes closed. Focus on what your body feels—your feet on the ground, the tension in your chest easing as you breathe.  

Here’s the shift: the relief isn’t in the weed—it’s in the act of resetting. The more you practice stepping into that space, the more resilient you’ll feel, even in life’s hardest moments. 🌟",clear30,Trigger,Stress relief / relax,,"{""🔁 Can You Help Me Find Relief Without Weed?"":""Hey Claire, stress sometimes makes me want to turn to weed, but I want to explore how to create that sense of calm without it. Can you ask me questions to help me reflect on how to pause and reset—like stepping outside or grounding myself—and guide me toward building resilience in tough moments?""}","[""What’s one **moment of stress** you’ve faced recently, and how did creating a pause without weed help you find *relief and resilience*? ""]",,,reflection,
175,27,"🌀 Day 27: Seeing Weed Clearly  ","Breaking Free from Nostalgia  ","Looking back, _CLIENTNAME_, you might think, *“Was it really that bad?”* That’s **Fading Affect Bias (FAB)** at work—your brain holding onto the good times while letting the hard parts fade. It’s why weed might feel more appealing in hindsight than it truly was.  

Think about it: the laughs and creative sparks stay vivid, but the anxiety, fog, and missed opportunities fade into the background. **FAB blurs the truth, but reflection sharpens it.**  

Take a moment to write down what weed gave you and what it took away—no judgment, just honesty. Let these reflections remind you why you started Clear30 and why you're building something better.  

**Nostalgia doesn’t get to rewrite your story—you do**, _CLIENTNAME_. Stay grounded, stay clear. 🌟",clear30,,,"{""🧑‍⚕️ Dr. Fred's Presentation"":""https://www.youtube.com/watch?v=QVUrMXJ3wZ8"",""🌿 100 Days Without Marijuana. Here is What I Learned"":""https://www.youtube.com/watch?v=nXnr1eWP_uQ""}","{""🌀 Seeing Weed Clearly: The Good and the Hard Parts"":""Hey Claire, I’ve been looking back at my time with weed and want to reflect on what it truly gave me and what it took away. Can you ask me questions to help me explore both the good and the hard parts, so I can stay grounded in the reasons I started Clear30?""}","[""What’s one *memory* of weed that feels better in hindsight, and how might reflecting on the *full picture* keep you grounded in your journey? ""]","{""Fading Affect Bias Meditation"":""https://m.clear30.org/fadingaffect.mp3""}",,reflection,fab
176,27,"🌀 Seeing Sleep Clearly  ","Unpacking the Nostalgia  ","When your goal is better sleep, _CLIENTNAME_, weed can feel like it was the perfect solution. The nights where it helped you drift off might stand out, but ask yourself: **What about the mornings after? What about the nights it didn’t truly help?**  

This is Fading Affect Bias (FAB) at work—your brain holding onto the relief while letting the foggy mornings, restless sleep cycles, or grogginess fade into the background. Take a moment to reflect: *Was it really restful sleep, or was it just numbing the discomfort of trying to fall asleep?*  

Here’s something to try: **notice what your sleep feels like now**, _CLIENTNAME_. Even if it’s not perfect yet, are there moments where rest feels more natural or mornings where you feel clearer? This break isn’t just about stepping away—it’s about rediscovering sleep as something your body can create, not something you have to chase. 🌟",clear30,Break-Reason,Improve Sleep Quality,,"{""💤 Can You Help Me Reflect on How Weed Affected My Sleep?"":""Hey Claire, I’m realizing that weed seemed to help me sleep, but I want to understand if it was truly restful. Can you ask me questions to help me compare how my sleep feels now versus then and guide me toward noticing the natural progress I’m making?""}","[""What’s one **difference** you’ve noticed in your sleep during this break, and how has it helped you see rest as something your body can *naturally create*? ""]",,,reflection,
177,27,"🌀 Reframing the Past  ","Weed’s Hidden Costs  ","When weed was harming more than helping, it’s easy to forget the full picture. **Your brain naturally clings to the good moments—those sparks of creativity, the ease of escape—while the harder truths fade into the background.** That’s Fading Affect Bias (FAB) at work.

Here’s an angle to consider, _CLIENTNAME_: **what didn’t happen because of weed?** Were there conversations you avoided, goals you postponed, mornings where your mind felt foggy instead of clear? Sometimes the real cost isn’t what weed brought, but what it quietly took away.

This reflection isn’t about blame—it’s about clarity. By recognizing what was missing, you’re reclaiming the space to move forward without those invisible losses holding you back. 🌟",clear30,Help-Harm,Somewhat harming more than helping,,"{""🌀 Can You Help Me See What Weed Took Away?"":""Hey Claire, I want to reflect on what weed gave me but also what it quietly took away. Can you ask me questions to help me uncover the moments or opportunities I might have missed and guide me toward seeing how I can reclaim those now?""}","[""What’s one **opportunity or moment** weed may have taken from you, and how does reflecting on it help you reclaim space for *growth and clarity*? ""]",,,reflection,
178,27,"🌀 Reframing the Past  ","Weed’s Hidden Costs  ","When weed was harming more than helping, _CLIENTNAME_, it’s easy to forget the full picture. **Your brain naturally clings to the good moments—those sparks of creativity, the ease of escape—while the harder truths fade into the background.** That’s Fading Affect Bias (FAB) at work.  

Here’s an angle to consider: **what didn’t happen because of weed?** Were there conversations you avoided, goals you postponed, mornings where your mind felt foggy instead of clear? Sometimes the real cost isn’t what weed brought, _CLIENTNAME_, but what it quietly took away.  

This reflection isn’t about blame—it’s about clarity. By recognizing what was missing, you’re reclaiming the space to move forward without those invisible losses holding you back. 🌟",clear30,Help-Harm,Mostly harming more than helping,,"{""🌀 Can You Help Me See What Weed Took Away?"":""Hey Claire, I want to reflect on what weed gave me but also what it quietly took away. Can you ask me questions to help me uncover the moments or opportunities I might have missed and guide me toward seeing how I can reclaim those now?""}","[""What’s one **opportunity or moment** weed may have taken from you, and how does reflecting on it help you reclaim space for *growth and clarity*? ""]",,,reflection,
179,27,"🌀 Reclaiming Motivation  ","Unpacking the Stories You’ve Told Yourself  ","If motivation has been your struggle, it’s easy to look back on weed and think, *“It helped me relax enough to get started”* or *“It gave me the focus I needed.”* But here’s the question: **did it really spark motivation, or was it a way to avoid the discomfort of beginning?**  

Think about this, _CLIENTNAME_: **what’s the smallest thing you didn’t do because weed made it easier to delay?** Maybe it was sending that email, starting that workout, or even cleaning the space around you. Motivation often hides in these small actions—the ones that feel too minor to matter but quietly build momentum.  

Here’s something tangible: *pick the tiniest task on your list today and finish it.* Notice what shifts—was it the task itself, or the energy it unlocked afterward? The truth about motivation is that it’s rarely about feeling ready—it’s about proving to yourself, action by action, that progress is possible. 🌟",clear30,Break-Reason,Increase Motivation,,"{""🌀 Can You Help Me Reclaim My Motivation Without Weed?"":""Hey Claire, I’ve been reflecting on how weed might have impacted my motivation—both what it gave me and what it held back. Can you ask me questions to help me notice the small actions I’ve delayed and guide me toward taking one tiny step to unlock momentum today?""}","[""What’s one **small task** you’ve completed during this break, and how has taking action helped you *rebuild motivation*? ""]",,,reflection,
180,27,"🌀 Reducing Anxiety  "," Separating Relief from Reality  ","If your goal, _CLIENTNAME_, is to ease anxiety, it’s tempting to look back on weed as a safety net—a way to calm the storm. But here’s the truth: **Fading Affect Bias (FAB)** can make you remember the moments of ease while forgetting how anxiety often crept back stronger.  

Here’s something for you to reflect on, _CLIENTNAME_: **did weed truly calm your mind, or did it pause the noise for a while, only to leave you feeling more on edge later?** Think about the cycle—how it felt to reach for relief, only to feel the unease build again once the high faded.  

Now, without it, what moments of real calm are starting to show up? They may feel smaller and quieter, but they’re lasting longer because they’re real. This break isn’t just about stepping away from the haze—it’s about teaching your mind to find steady ground, no shortcuts required. 🌟",clear30,Break-Reason,Reduce Anxiety,,"{""🌀 Can You Help Me Reflect on Weed’s Role in My Anxiety?"":""Hey Claire, I want to explore how weed affected my anxiety—whether it truly helped or just paused the noise temporarily. Can you ask me questions to help me notice moments of real calm during this break and guide me toward understanding how I’m finding steady ground without it?""}","[""What’s one **moment of real calm** you’ve noticed during this break, and how does it show you’re finding *lasting relief* without shortcuts? ""]",,,reflection,
181,27,"🌀 Reducing Dependency  "," Seeing the Cycle Clearly  ","If your goal is to reduce dependency, _CLIENTNAME_, Fading Affect Bias (FAB) might make you look back and think, *“Was it really that bad?”* The ease weed brought to tough moments stands out, while the harder truths—the reliance, the cravings, the need—fade into the background.  

Here’s a question for you to consider: **Was weed helping, or was it keeping you in the loop?** Did it really solve the stress, boredom, or cravings—or did it just quiet them until the next hit? Reflect on what weed gave you, but also on what it demanded in return—your time, your focus, your energy.",clear30,Break-Reason,Reduce Dependency on Cannabis,,"{""🌀 Can You Help Me Reflect on My Dependency on Weed?"":""Hey Claire, I’ve been thinking about how weed seemed to help but also kept me in a cycle. Can you ask me questions to help me explore what it gave me, what it took, and how I can step out of that loop to regain my time, focus, and energy?""}","[""What’s one **demand** weed placed on your life, and how does reflecting on it help you *break free from the cycle*? ""]",,,reflection,
182,28,"🛤️ Day 28: What’s Next?  ","Your Journey, Your Choice  ","Clear30 was never just about the break—it was about clarity. Now’s the time to decide: **What role does weed play in your life from here?**

Will you embrace **moderation,** commit to **abstinence,** or approach weed with **mindful intention**? There’s no single right answer—only the one that aligns with *your* goals, _CLIENTNAME_.

Look back on what you’ve learned. What surprised you? What felt like growth? Let those reflections guide your next step.

This is your journey. You’ve built the tools—now it’s time to use them. 🌱",clear30,,,"{""🍹 How to decide between sobriety and moderation"":""https://www.reddit.com/r/Petioles/comments/epez3l/how_to_decide_between_sobriety_and_moderation/"",""🌿 New system for moderating cannabis use: not moderating"":""https://www.reddit.com/r/Petioles/comments/1fzrymw/new_system_for_moderating_cannabis_use_not/""}","{""🛤️ Planning My Next Steps After Clear30"":""Hey Claire, I’ve learned so much during this break, and now I want to reflect on what role weed should play in my life moving forward. Can you ask me questions to help me explore my goals, what I’ve grown through, and how I can align my next steps with what feels right for me?""}","[""What’s one *lesson* from Clear30 that will shape how you choose to approach weed moving **forward**? ""]",,,moving_forward,moderation-vs-abstienece
183,28,"🛤️ Smoking with Intention  ","Reflecting on the Role of Weed  ","If your goal, _CLIENTNAME_, is to return to smoking the same after Clear30, this break is still an opportunity to reflect: **What does your current relationship with weed offer, and what does it take?**  

Ask yourself: *Are there moments where weed truly adds value—helping you unwind or connect? Are there moments where it feels more like habit than choice?* Use what you’ve learned during this break to fine-tune your approach.  

Returning to smoking doesn’t mean going back to autopilot. **By staying intentional, you can make each choice align with the life you’re working to build—where weed supports your goals, not steers them.** 🌟",clear30,Then-What,I want to use the same,,"{""🛤️ Can You Help Me Reflect on Smoking With Intention?"":""Hey Claire, I’m considering returning to smoking after Clear30, but I want to make sure it aligns with my goals. Can you ask me questions to help me reflect on when weed adds value, when it feels like habit, and how I can stay intentional about my choices?""}","[""What’s one **way** you want to make your relationship with weed more intentional, and how will it help align with the *life you’re building*? ""]",,,moving_forward,
184,28,"🛤️ Smoking Less, Living More  ","Redefining Moderation  ","If your goal is to smoke less after Clear30, the question isn’t just *“How much?”*—it’s *“How does smoking fit into the life I want to live?”* Moderation isn’t about strict rules; it’s about clarity and balance.  

Here’s an exercise for you, _CLIENTNAME_: **define your limits with purpose.** When do you feel smoking adds value—creativity, calm, connection—and when does it pull you away from what matters? Reflect on the times during your break when you felt clearer or more present without it. Use those insights to guide when and why you smoke going forward.  

Moderation works best when it’s intentional. **By choosing when weed fits into your life—not the other way around—you’re creating space for a relationship with it that enhances, rather than takes away.** 🌟",clear30,Then-What,I want to use less or use differently,,"{""🛤️ Can You Help Me Redefine Moderation With Weed?"":""Hey Claire, I want to smoke less after Clear30, but I also want to make sure it aligns with the life I’m building. Can you ask me questions to help me reflect on when smoking adds value and when it doesn’t, so I can create clear, intentional limits for myself?""}","[""What’s one **insight** from this break that will help you define your limits with weed, and how will it support a *balanced and intentional* relationship? ""]",,,moving_forward,
185,28,"🛤️ Living Without Weed  ","Defining the Path Ahead  ","You started Clear30 with the plan to quit weed entirely, _CLIENTNAME_—now it’s about defining what that life looks like for you. **What does a day without weed give you that it couldn’t?** Clearer mornings? Focus that’s fully yours? Freedom from the cycle?

Take a moment to reflect, _CLIENTNAME_: *What surprised you during this break? What habits or moments felt like progress?* Use those lessons to shape the routines and mindset you’ll carry forward.

Quitting isn’t just about leaving weed behind—it’s about creating a life where the clarity, energy, and control you’ve built become your new normal. 🌟",clear30,Then-What,"I want to stop cannabis/weed use entirely
",,"{""🛤️ Can You Help Me Define My Life Without Weed?"":""Hey Claire, I’ve committed to living without weed, and I want to reflect on what this break has taught me. Can you ask me questions to help me explore the surprises, habits, and moments of progress that I can carry forward to shape my new routines and mindset?""}","[""What’s one **surprising benefit** you’ve noticed during this break, and how will it help you create a *new normal* without weed? ""]",,,moving_forward,
186,29,"🫶 Day 29: The Power of Acceptance  ","Embracing Yourself Fully  ","Acceptance isn’t about giving up—it’s about meeting yourself where you are. **No judgment, no frustration.** It’s acknowledging the present without trying to fight it and letting go of the “what ifs” holding you back.

Acceptance means saying, *“This is me—my strengths, my flaws, my progress—and that’s okay.”* It's not settling; it's self-love. When _CLIENTNAME_, you accept yourself fully, you create space for growth, for change, for moving forward.

**Today, when frustration creeps in, pause.** Say to yourself, *“I see where I am, and I’m enough.”* That moment of recognition is where freedom begins.

The good, the messy, the growing—it’s all part of you. And it’s all enough. 🌟",clear30,,,"{""🌟 Acceptance Motivation"":""https://www.youtube.com/watch?v=-lc3EDum9sc"",""🔄 The paradox of control"":""https://www.youtube.com/watch?v=koo59KK43YA"",""❤️ Self-Love brings freedom"":""https://www.youtube.com/watch?v=vj0JDwQLof4"",""🤗 How to Embrace Self-Acceptance"":""https://www.verywellmind.com/self-acceptance-characteristics-importance-and-tips-for-improvement-6544468"",""🎯 Prioritize self-acceptance over self-improvement"":""https://www.reddit.com/r/selfimprovement/comments/lekofw/prioritize_selfacceptance_over_selfimprovement/"",""💙 A practical way to practice self-acceptance 💙"":""https://www.reddit.com/r/DecidingToBeBetter/comments/175qvzf/a_practical_way_to_practice_selfacceptance/"",""🙌 Accept Yourself Unconditionally (Even When You’re Struggling)"":""https://tinybuddha.com/blog/accept-unconditionally-even-youre-struggling/""}","{""🫶 Practicing Acceptance and Self-Love Today"":""Hey Claire, I want to work on fully accepting where I am—my strengths, my flaws, and my progress. Can you ask me questions to help me reflect on moments of growth and guide me toward letting go of judgment and embracing self-love?""}","[""What’s one part of yourself you’ve come to **accept** during this journey, and how has that acceptance created space for *growth*? ""]","{""Acceptance Meditation"":""https://m.clear30.org/acceptance.mp3""}",,moving_forward,acceptance
187,30,"🎉 Day 30: YOU DID IT!!!  ","Reflect, Celebrate, and Carry It Forward  ","**🎉🥳 Congratulations, _CLIENTNAME_, on completing Clear30!** Whether you approached it with intensity or took it day by day, you committed to disrupting old patterns and exploring something new. That’s powerful—and worth celebrating. 👏  

Take a moment to reflect:  
- What strength did you uncover in yourself?  
- How have you grown in ways you didn’t expect?  
- What resilience are you taking forward from this journey?  

This isn’t just about these past 30 days without weed—it’s about what you’ve proven to yourself: that you can show up, face challenges, and create meaningful change.  

Take pride in what you've accomplished, _CLIENTNAME_, and carry it with you. The tools, clarity, and growth you've gained are yours to keep. 🌟🤍💚",clear30,,,"{""🎉 How do you celebrate!"":""https://www.reddit.com/r/simpleliving/comments/1hkbv8z/how_do_you_celebrate/""}","{""🎉 Celebrating and Reflecting on My Clear30 Journey"":""Hey Claire, I’ve completed Clear30, and I want to take a moment to celebrate and reflect. Can you ask me questions to help me uncover the strengths I’ve built, the unexpected growth I’ve experienced, and the resilience I’m carrying forward?""}","[""What’s one **strength** you uncovered during Clear30, and how will you carry it forward into the next chapter of your life? ""]","{""Completion Meditation!"":""https://m.clear30.org/finalpage.mp3""}",,moving_forward,celebration