id,day,title,subtitle,body,program,question_id,question_response,resources,claire_prompts,journal_prompts,meditation,page_info,stage,guide_id,notification_body,notification_title,thumbnail_url,video_url,instagram_videos,carousel_images,member_perks
112,0,🚀 Welcome to Your Weed Free Journey,Building healthy habits and staying accountable.,"This program is here to support you as you commit to a weed-free lifestyle, focusing on building healthy habits and staying accountable. 
 

 🌱 You’ll receive daily tips and strategies to guide you through life’s ups and downs, with a focus on growth beyond just quitting weed. 🧠
 

 If you ever feel the need for a more structured break, you can always start a Clear30. But for now, this program will help you stay consistent and motivated as you move forward every day. 💡
 

 Expect:
 🕒 Routines to keep you grounded
 💪 Mindset shifts for continuous growth
 🌍 Real stories and insights to inspire you
 

 Let’s keep pushing forward, one day at a time. You’ve got this!",life,LO-Use-State,I want to stop entirely,"{""21 Tiny Habits to Improve Your Life"":""https://www.youtube.com/watch?v=ZXTy_dKwMa0&feature=youtu.be"",""📜 A short guide to a better life."":""https://www.reddit.com/r/selfimprovement/comments/oenml0/a_short_guide_to_a_better_life/""}","{""🔑 Start Your Path to Progress"":""Hey Claire, I want to make some changes and improve, but I’m not sure where to start. Can you help me figure out what might be holding me back and what small habit I could work on first?""}","[""What is one small habit or action you could start today that would have a big positive impact on your life over time?""]",,"[{""body"":""Imagine this: You’re standing at the edge of a life you know you could be living—the healthier, more focused, more fulfilled version of yourself. But something’s holding you back. Maybe it’s your daily routine, your comfort zone, or even just the idea that it’s too late to start. Sound familiar?.\nHere’s the truth: most people fall short not because they lack potential, but because they get stuck in the rhythm of their everyday lives. Habits and distractions keep us playing small, when deep down, we all want more."",""title"":""Unlock Your Potential: Why Getting Better Matters""},{""body"":""It’s natural to struggle with this stuff. It’s what makes us human. The odds are often not in our favor. The gap between knowing what you need to do and actually taking action is part of the human experience.\n💡 Why?\nBecause evolution programs us to conserve energy, and today’s world takes advantage of that. Companies have leveraged our biological wants—sex, comfort, calories—to capture our attention and money, using our instincts against us.\nBut here’s where you come in: it takes consistent focus and intention to swim against the tide of these forces. And that’s exactly what this program is here to help you with"",""title"":""The Struggle is Real—and Human""},{""body"":""There are a few common traps that people fall into when they try to improve:\n🛋️ Comfort zones: Our routines feel safe, but they often prevent us from growing.\n⏳ Short-term thinking: People get caught up in immediate gratification and miss out on long-term progress.\n🏆 Perfectionism: Many quit because they think the journey is about perfection, not improvement.\n😨 Fear of failure: The idea of trying and not succeeding can be paralyzing.\n⚠️ But you don’t have to fall into these traps! This program will give you the tools and insights you need to make small, meaningful progress every day."",""title"":""Why Do So Many Fail?""},{""body"":""We’ve gathered wisdom from all over—from philosophers thousands of years ago to Reddit users in 2024 sharing their real-life experiences on what works for them.\nOur goal is simple:\nWe want to give you timeless, practical tools that can make a real difference in your life.\nHere’s what to expect:\n🕒 Routines that work: How to structure your day for success without feeling overwhelmed.\n💡 Mindset shifts: From ancient philosophies to modern psychological insights.\n🌍 Real stories from real people: What works in the real world, from people just like you.\n🗝️ You don’t need to be the best. You just need to start—and commit to improving little by little."",""title"":""What You’ll Get from This Program""},{""body"":""If you ever want to take a structured 30-day break from weed, you can start a Clear30. Otherwise, this program (either weed-free or moderation mode) will help you with your goals, and the messages will be more geared around you and less about getting through a weed break."",""title"":""How to Use This Program""}]",foundations,,,,,,,,
113,0,🚀 Welcome to The Life Program,Building healthy habits,"This program is here to help you moderate your weed use while focusing on staying accountable and building healthy habits. 🌱 
 

 You’ll receive daily tips and strategies to guide you through life’s ups and downs, with a focus on overall growth—not just weed. 🧠
 

 If you ever want a structured break, you can always start a Clear30. But for now, this program will keep you motivated and moving forward every day. 💡
 

 Expect:
 🕒 Routines to keep you grounded
 💪 Mindset shifts for continuous growth
 🌍 Real stories and insights to inspire you
 

 Let’s keep moving forward, one day at a time. You’ve got this",life,LO-Use-State,I want to moderate my use,"{""21 Tiny Habits to Improve Your Life"":""https://www.youtube.com/watch?v=ZXTy_dKwMa0&feature=youtu.be"",""📜 A short guide to a better life."":""https://www.reddit.com/r/selfimprovement/comments/oenml0/a_short_guide_to_a_better_life/""}","{""🔑 Start Your Path to Progress"":""Hey Claire, I want to make some changes and improve, but I’m not sure where to start. Can you help me figure out what might be holding me back and what small habit I could work on first?""}","[""What is one small habit or action you could start today that would have a big positive impact on your life over time?""]",,"[{""body"":""Imagine this: You’re standing at the edge of a life you know you could be living—the healthier, more focused, more fulfilled version of yourself. But something’s holding you back. Maybe it’s your daily routine, your comfort zone, or even just the idea that it’s too late to start. Sound familiar?.\nHere’s the truth: most people fall short not because they lack potential, but because they get stuck in the rhythm of their everyday lives. Habits and distractions keep us playing small, when deep down, we all want more."",""title"":""Unlock Your Potential: Why Getting Better Matters""},{""body"":""It’s natural to struggle with this stuff. It’s what makes us human. The odds are often not in our favor. The gap between knowing what you need to do and actually taking action is part of the human experience.\n💡 Why?\nBecause evolution programs us to conserve energy, and today’s world takes advantage of that. Companies have leveraged our biological wants—sex, comfort, calories—to capture our attention and money, using our instincts against us.\nBut here’s where you come in: it takes consistent focus and intention to swim against the tide of these forces. And that’s exactly what this program is here to help you with"",""title"":""The Struggle is Real—and Human""},{""body"":""There are a few common traps that people fall into when they try to improve:\n🛋️ Comfort zones: Our routines feel safe, but they often prevent us from growing.\n⏳ Short-term thinking: People get caught up in immediate gratification and miss out on long-term progress.\n🏆 Perfectionism: Many quit because they think the journey is about perfection, not improvement.\n😨 Fear of failure: The idea of trying and not succeeding can be paralyzing.\n⚠️ But you don’t have to fall into these traps! This program will give you the tools and insights you need to make small, meaningful progress every day."",""title"":""Why Do So Many Fail?""},{""body"":""We’ve gathered wisdom from all over—from philosophers thousands of years ago to Reddit users in 2024 sharing their real-life experiences on what works for them.\nOur goal is simple:\nWe want to give you timeless, practical tools that can make a real difference in your life.\nHere’s what to expect:\n🕒 Routines that work: How to structure your day for success without feeling overwhelmed.\n💡 Mindset shifts: From ancient philosophies to modern psychological insights.\n🌍 Real stories from real people: What works in the real world, from people just like you.\n🗝️ You don’t need to be the best. You just need to start—and commit to improving little by little."",""title"":""What You’ll Get from This Program""},{""body"":""If you ever want to take a structured 30-day break from weed, you can start a Clear30. Otherwise, this program (either weed-free or moderation mode) will help you with your goals, and the messages will be more geared around you and less about getting through a weed break."",""title"":""How to Use This Program""}]",foundations,,,,,,,,
114,1,Setting Goals 🌱,Using The GROW Model,"**Hi _CLIENTNAME_! 🌟**
 

 **Big Goals, Clear Path:** Ready to set a goal you can actually achieve? Today, we’ll use the GROW model (Goal, Reality, Options, Will) to create a meaningful goal for your long term program.
 

 **Here’s how:**
 

 1. **Goal:** Define your goal clearly.
  - **Example:** ""I will limit my cannabis use to weekends only.""
 

 2. **Reality:** Assess your current situation.
  - **Example:** ""I currently use cannabis daily.""
 

 3. **Options:** Explore different strategies to achieve your goal.
  - **Example:** ""I can replace weekday use with other activities like exercise or hobbies.""
 

 4. **Will:** Commit to your goal and make a plan.
  - **Example:** ""I will track my usage in a journal and review my progress weekly.""
 

 ⭐️ By following the GROW model, you can set clear and achievable goals that support your journey. Having a concrete plan makes it easier to stay on track and see real progress.",life,,,"{""🎓How to use the GROW Model Coaching Demonstration"":""https://www.youtube.com/watch?v=7JM1gXkzrnk"",""🎯How to Use The GROW Coaching Model to Achieve Your Goals"":""https://www.youtube.com/watch?v=D7U0p-JIqcw"",""🎯 What's a goal setting system you have used that actually works?"":""https://www.reddit.com/r/productivity/comments/10044jo/whats_a_goal_setting_system_you_have_used_that/""}","{""📅 Commitment Plan"":""How can I create a concrete plan to commit to my goal and track progress effectively?"",""💡 Exploring Options"":""Can you suggest strategies to replace my weekday cannabis use with healthier activities?"",""🔍 Assessing Reality"":""What steps can I take to honestly assess my current cannabis use?"",""🌱 Goal Setting with GROW"":""How can I clearly define my cannabis moderation goal using the GROW model?""}","[""What's one habit you want to change, and why?""]",,,foundations,,,,,,,,
115,2,Identifying Your Leverage Points 🌟,"Small Changes, Big Impact","**Hi _CLIENTNAME_! 🌟**
 

 Small Changes, Big Impact: Did you know that people who make their bed every morning are 19% more likely to get a good night’s sleep?
 

 Today, let’s find small leverage points in your life where changes can lead to big improvements in motivation and well-being.
 

 **Consider these examples:**
 

 🌅 **Morning Routine:** A glass of water and a 5-minute stretch can boost your energy.
 📱 **Social Connections:** An encouraging text to a friend can strengthen your bond.
 🧹 **Physical Environment:** Tidying up your workspace for 10 minutes can reduce stress and increase productivity.
 

 By making these small changes, you can boost your motivation and stay committed to your cannabis goals. Remember, the little things often make the biggest difference.",life,,,"{""🚀Personal Leverage: How to Truly 10x Your Productivity"":""https://www.youtube.com/watch?time_continue=357&v=9hdDNBB75fQ"",""✨ What improved your life so much, you wished you did sooner?"":""https://www.reddit.com/r/AskReddit/comments/vhki66/what_improved_your_life_so_much_you_wished_you/"",""🎯How to Set Goals: 80/20 Rule for Goal Setting | Brian Tracy"":""https://www.youtube.com/watch?v=cdiApKj3QPg""}","{""🧹 Tidy Workspace"":""How can organizing my workspace help reduce stress and improve productivity?"",""🌅 Morning Routine"":""How can I enhance my morning routine to boost my energy and well-being?"",""🔍 Leverage Points"":""What small changes can I make to create significant improvements in my daily life and cannabis goals?"",""📱 Social Connections"":""What small actions can I take to strengthen my social bonds and motivation?""}","[""What's one tiny change you could make that might have a big impact?""]",,,foundations,,,,,,,,
116,3,Environment Over Willpower 🌟,Your Surroundings Influence You,"**Hi _CLIENTNAME_! 🌟**
 

 **Environment Over Willpower:** Ever feel like you lack willpower? The truth is, environment often matters more. Studies show that changing your surroundings can significantly influence your behavior, sometimes more than motivation itself.
 

 **Here’s how:**
 

 1. **Automate Good Decisions 🥗:** Design your environment to make good habits easier.
  - **Example:** Place healthy snacks at eye level and keep junk food out of sight.
 

 2. **Reduce Friction 🛑:** Make bad habits harder to perform.
  - **Example:** Unplug your TV after each use to reduce mindless watching.
 

 3. **Create Visual Cues 👟:** Prime your environment for success.
  - **Example:** Lay out your workout clothes the night before to encourage morning exercise.
 

 By adjusting your surroundings, you can make it easier to stick to good habits and harder to fall into bad ones. Your environment can be a powerful ally in your journey to achieve your cannabis goals. 🚀",life,,,"{""🎉 My #1 Productivity Hack: Celebrate Small Wins!"":""https://www.reddit.com/r/productivity/comments/1am420n/my_1_productivity_hack_celebrate_small_wins/""}","{""🔄 Automate Good Habits"":""Can you help me identify ways to automate good decisions in my daily routine?"",""👀 Visual Cues for Success"":""What are some effective visual cues I can use to encourage positive habits?"",""🛑 Reduce Bad Habit Friction"":""How can I make it harder to engage in unwanted habits by adjusting my environment?"",""🏡 Environment Over Willpower"":""How can I change my surroundings to better support my cannabis moderation goals?""}","[""How does your environment currently support or hinder your goals?""]",,,foundations,,,,,,,,
117,4,Create a Stimulating Environment 🏃‍♂️,The Rat Park,"**Hi _CLIENTNAME_! 🌟**
 

 Building on the idea that environment is key, let’s look at how a stimulating environment can impact your habits, inspired by the Rat Park Experiment.
 

 **The Rat Park Experiment:** In the 1970s, psychologist Bruce Alexander created a stimulating environment for rats with toys, tunnels, and social interactions. Rats in this enriched environment chose plain water over drug-laced water, demonstrating the power of a positive environment on the brain's reward system.
 

 **Here’s how:**
 

 1. **Enhance Your Space 🌟:** Create a stimulating environment that supports healthy habits.
  - **Example:** Add elements to your space that encourage activity and relaxation, like workout equipment or a cozy reading nook.
 

 2. **Social Engagement 🤝:** Surround yourself with supportive people.
  - **Example:** Join a fitness group or spend time with friends who support your weed-free goals.
 

 By enhancing your environment, you can create a space that naturally supports your commitment to fitness and well-being.",life,LO-Use-State,I want to stop entirely,"{""🤔 What Causes Addiction"":""https://www.youtube.com/watch?v=sbQFNe3pkss"",""🐀 TIL about the Rat Park experiment by Canadian psychologist Bruce K. Alexander"":""https://www.reddit.com/r/todayilearned/comments/l4ojum/til_about_the_rat_park_experiment_by_canadian/""}","{""🤝 Social Engagement"":""How can I involve supportive people in my journey towards better habits?"",""🌟 Enhance Your Space"":""What are some elements I can add to my environment to encourage activity and relaxation?"",""🔄 Inspired by Rat Park"":""What lessons from the Rat Park Experiment can I apply to my own life to create a positive environment?"",""🏃‍♂️ Stimulating Environment"":""How can I enhance my space to better support healthy habits?""}","[""How does your current environment impact your daily habits?""]",,,foundations,,,,,,,,
118,4,Create a Stimulating Environment 🏃‍♂️,The Rat Park,"**Hi _CLIENTNAME_! 🌟**
 

 Building on the idea that environment is key, let’s look at how a stimulating environment can impact your habits, inspired by the Rat Park Experiment.
 

 **The Rat Park Experiment:** In the 1970s, psychologist Bruce Alexander created a stimulating environment for rats with toys, tunnels, and social interactions. Rats in this enriched environment chose plain water over drug-laced water, demonstrating the power of a positive environment on the brain's reward system.
 

 **Here’s how:**
 

 1. **Enhance Your Space 🌟:** Create a stimulating environment that supports healthy habits.
  - **Example:** Add elements to your space that encourage activity and relaxation, like workout equipment or a cozy reading nook.
 

 2. **Social Engagement 🤝:** Surround yourself with supportive people.
  - **Example:** Join a fitness group or spend time with friends who support your weed-free goals.
 

 By enhancing your environment, you can create a space that naturally supports your commitment to fitness and well-being.",life,LO-Use-State,I want to moderate my use,"{""🤔 What Causes Addiction"":""https://www.youtube.com/watch?v=sbQFNe3pkss"",""🐀 TIL about the Rat Park experiment by Canadian psychologist Bruce K. Alexander"":""https://www.reddit.com/r/todayilearned/comments/l4ojum/til_about_the_rat_park_experiment_by_canadian/""}","{""🤝 Social Engagement"":""How can I involve supportive people in my journey towards better habits?"",""🌟 Enhance Your Space"":""What are some elements I can add to my environment to encourage activity and relaxation?"",""🔄 Inspired by Rat Park"":""What lessons from the Rat Park Experiment can I apply to my own life to create a positive environment?"",""🏃‍♂️ Stimulating Environment"":""How can I enhance my space to better support healthy habits?""}","[""How does your current environment impact your daily habits?""]",,,foundations,,,,,,,,
119,5,No Zero Days,The Power of One Percent 🌟,"**Hi _CLIENTNAME_! 🌟**
 

 Welcome to Clear30! Today, we’re exploring “No Zero Days” and the power of one percent improvements. These small, consistent steps lead to significant growth over time.
 

 **The Power of One Percent:**
 In *Atomic Habits*, James Clear explains that becoming 1% better each day for a year makes you 37.78 times better. Focus on continuous, small improvements.
 

 **No Zero Days:**
 This concept, popularized by Reddit user u/ryans01, emphasizes doing something, no matter how small, daily towards your goals. Avoid zero days by accomplishing at least one small task.
 

 **Action Steps:**
 

 1. **Start Small 📝:** Commit to tiny actions daily.
  - Example: Whatever your goal, make sure you move towards it every single day. Write one sentence, do one pushup, read one page.
  - Even at 11:58 PM, do something to keep the day non-zero.
 

 2. **Be Consistent 📅:** Make daily progress a habit.
  - Example: Set a reminder to complete your non-zero task.
  - Continuity is key; small actions lead to big improvements.
 

 3. **Celebrate Small Wins 🎉:** Recognize and celebrate daily efforts.
  - Example: Reflect on your progress weekly.
  - Acknowledge that every small step counts.
 

 ⭐️ Embrace the No Zero Days mindset and commit to one percent improvements each day. This keeps you motivated and steadily moving towards your goals. Remember, every small step counts! 🌟",life,,,"{""✅ The Productivity System That Actually Works"":""https://www.youtube.com/watch?v=aWYL-Z8gEa4"",""🙅‍♂️ No Zero Days, the one percent rule"":""https://www.reddit.com/r/getdisciplined/comments/sxjqmp/advice_1_better_every_day/"",""🚀 What Happens if You Get 1% Better Every Day?"":""https://www.youtube.com/watch?v=GeFjP5sMXr0""}","{""📆 Maintain Consistency"":""How can I ensure I stick to my new routine and make it a lasting habit?"",""🏆 Building Strong Habits"":""How can I create a daily routine that supports my goals?"",""🗓️ Establish a Routine"":""What are some activities I should include in my morning routine to set a positive tone for the day?"",""💡 Reduce Decision Fatigue"":""What are some ways I can minimize decision fatigue in my daily life to stay focused on my goals?""}","[""What's something small you can do to make sure you never have another Zero Day?""]",,,foundations,,,,,,,,
120,6,Embracing Fitness Commitment 🏃‍♂️,Find Your Motivation,"**Hi _CLIENTNAME_! 🌟**
 

 **Marathon Monks of Mount Hiei:** Did you know these monks undertake a 1,000-day challenge running 52.5 miles a day for 100 days straight as part of their spiritual practice? Today, let’s channel that dedication into our own fitness goals.
 

 **Here’s how:**
 

 1. **Check Your Routine 🏋️:** Reflect on your current exercise habits. Are you getting enough physical activity?
 2. **Incorporate Activity 🏃:** Aim for at least 30 minutes of physical exercise daily.
  - **Example:** Go for a run, take a brisk walk, or do a home workout.
 

 Regular exercise can boost your mood, improve your health, and help reduce reliance on cannabis for relaxation. By staying active, you're building strong habits that support your overall well-being. 🌟",life,,,"{""🔥 How I Transformed My Body in 100 days."":""https://www.youtube.com/watch?v=wCXYST7y3-E"",""😷 Why do you care about your physical health?"":""https://www.reddit.com/r/NoStupidQuestions/comments/151suxc/why_do_you_care_about_your_physical_health/"",""💪 You CAN get JACKED from home. | Beginners Homeworkout Guide"":""https://www.youtube.com/watch?v=kq9a4G7FBzY"",""🏋️ The Most Realistic Advice on How To Get Fit (No Bullsh*t)"":""https://www.youtube.com/watch?v=VlDwk7x_Jz0"",""🚀 If I Was Starting My Journey in 2023, This Is What I Would Do (3 Steps)"":""https://www.youtube.com/watch?v=QChOtdS1Wc0"",""💪 Step by Step Beginner Gym Guide (Full Training Plan + All You Need To Know)"":""https://www.youtube.com/watch?v=U9ENCvFf9yQ"",""🏃‍♂️ START RUNNING IN 2024 | how to start, must have gear, tips to get FASTER."":""https://www.youtube.com/watch?v=KdYogQTrkWs""}","{""🌟 Motivation Boost"":""How does regular exercise positively impact my mood and overall health?"",""🏋️ Check Your Routine"":""What are my current exercise habits and how can I improve them?"",""🚶‍♂️ Daily Activity"":""What simple activities can I start doing today to meet my exercise goals?"",""🏃‍♂️ Fitness Commitment"":""How can I incorporate at least 30 minutes of physical exercise into my daily routine?""}","[""What drives your commitment to fitness?""]",,,foundations,,,,,,,,
121,7,Getting Things Done 📝,GTD in Action,"Ready to Boost Your Productivity? 🚀
 

 Get Things Done: Dive into the GTD method by David Allen—a powerful system to clear your mind and supercharge your productivity.
 

 Here's how:
 

 **Capture 📋:** Jot down everything on your mind.
 

 - 📝 Example: Use a notebook or an app to list tasks, ideas, and reminders.
 

 **Clarify 🤔:** Process what you’ve written. Decide what action is needed.
 

 - 🔍 Example: Is it actionable? If yes, define the next step. If not, trash it, delegate it, or file it for reference.
 

 **Organize 🗂️:** Categorize tasks based on their nature and urgency.
 

 - 🗃️ Example: Create lists for immediate tasks, future projects, and ongoing responsibilities.
 

 **Reflect 🔄:** Regularly review your lists to stay on top of your commitments.
 

 - 📆 Example: Schedule a weekly review to update and prioritize your tasks.
 

 **Engage 🎯:** Focus on what’s most important right now.
 

 - ⚡ Example: Use your organized lists to guide your daily actions and decisions.
 

 By following the GTD method, you can streamline your tasks, reduce stress, and improve your productivity, helping you stay on track with your cannabis goals. Small steps lead to big changes. 🌟",life,,,"{""🎯 Learning how to follow through on goals"":""https://www.reddit.com/r/IWantToLearn/comments/dtdket/iwtl_how_to_follow_through_with_goals_and/"",""🎤The Art of Stress-Free Productivity: David Allen at TEDxClaremontColleges"":""https://www.youtube.com/watch?v=CHxhjDPKfbY"",""📚Getting Things Done (GTD) by David Allen - Animated Book Summary And Review"":""https://www.youtube.com/watch?v=gCswMsONkwY""}","{""🔍 Clarify and Act"":""How do I decide the next steps for the items I've captured in my GTD list?"",""📆 Reflect Regularly"":""What strategies can I use to ensure I review and update my task lists consistently?"",""📝 Capture Everything"":""What are effective ways to capture all my tasks and ideas efficiently?"",""🚀 Boost Your Productivity"":""How can I start implementing the GTD method to enhance my productivity?""}","[""What's a cluttered task you need to clarify today?""]",,,foundations,,,,,,,,
122,8,Affirm Your Path to Success 🌟,Empower Your Mind,"**Hi _CLIENTNAME_! 🌟**
 

 **Affirmations Matter:** Positive self-talk can be a powerful tool in achieving your goals. Research shows that affirmations can boost your confidence and help you stay focused on your objectives.
 

 **Here’s how:**
 

 1. **Create Affirmations 📝:** Develop three affirmations that resonate with your goals.
  - **Example:** ""I am in control of my choices.""
  - **Example:** ""I am committed to my well-being.""
  - **Example:** ""I make decisions that support my goals.""
 

 2. **Repeat Daily 🔄:** Make it a habit to say these affirmations every day.
  - **Example:** In the morning, before meals, or whenever you need a boost.
 

 3. **Believe in Your Words 💪:** Speak them with conviction and truly believe in what you're saying.
  - **Example:** Visualize the success and positive outcomes as you say your affirmations.
 

 By consistently using positive affirmations, you can strengthen your mindset and stay focused on your weed-free goals. Remember, the key to effective affirmations is repetition and emotional engagement. 🌟
 

 You've got this! 🚀",life,LO-Use-State,I want to moderate my use,"{""🎯 Advice: How to Use Visualization to Help Reach Your Goals"":""https://www.reddit.com/r/getdisciplined/comments/ymy4ra/advice_how_to_use_visualization_to_help_reach/"",""20 Min Morning Affirmation For Self-Healing & Prosperity | Louise Hay"":""https://www.youtube.com/watch?v=0AagQ65N7hQ"",""💰 Best 'I AM' Affirmations for Abundance, Success, Wealth & Confidence - 8 HOURS Positive Affirmations"":""https://www.youtube.com/watch?v=9x8U_EQf85w""}","{""🔄 Daily Repetition"":""What are some effective times or methods to incorporate daily affirmations into my routine?"",""🌟 Affirmations Matter"":""How can affirmations boost my confidence and help me achieve my goals?"",""📝 Create Affirmations"":""Can you help me develop three affirmations that align with my personal goals?"",""💪 Believe in Your Words"":""How can I enhance the emotional impact and belief in my affirmations?""}","[""What affirmation resonates most with your current life's goals?""]",,,foundations,,,,,,,,
123,8,Affirm Your Path to Success 🌟,Empower Your Mind,"**Hi _CLIENTNAME_! 🌟**
 

 **Affirmations Matter:** Positive self-talk can be a powerful tool in achieving your goals. Research shows that affirmations can boost your confidence and help you stay focused on your objectives.
 

 **Here’s how:**
 

 1. **Create Affirmations 📝:** Develop three affirmations that resonate with your goals.
  - **Example:** ""I am in control of my choices.""
  - **Example:** ""I am committed to my well-being.""
  - **Example:** ""I make decisions that support my goals.""
 

 2. **Repeat Daily 🔄:** Make it a habit to say these affirmations every day.
  - **Example:** In the morning, before meals, or whenever you need a boost.
 

 3. **Believe in Your Words 💪:** Speak them with conviction and truly believe in what you're saying.
  - **Example:** Visualize the success and positive outcomes as you say your affirmations.
 

 By consistently using positive affirmations, you can strengthen your mindset and stay focused on your weed-free goals. Remember, the key to effective affirmations is repetition and emotional engagement. 🌟
 

 You've got this! 🚀",life,LO-Use-State,I want to stop entirely,"{""🎯 Advice: How to Use Visualization to Help Reach Your Goals"":""https://www.reddit.com/r/getdisciplined/comments/ymy4ra/advice_how_to_use_visualization_to_help_reach/"",""20 Min Morning Affirmation For Self-Healing & Prosperity | Louise Hay"":""https://www.youtube.com/watch?v=0AagQ65N7hQ"",""💰 Best 'I AM' Affirmations for Abundance, Success, Wealth & Confidence - 8 HOURS Positive Affirmations"":""https://www.youtube.com/watch?v=9x8U_EQf85w""}","{""🔄 Daily Repetition"":""What are some effective times or methods to incorporate daily affirmations into my routine?"",""🌟 Affirmations Matter"":""How can affirmations boost my confidence and help me achieve my goals?"",""📝 Create Affirmations"":""Can you help me develop three affirmations that align with my personal goals?"",""💪 Believe in Your Words"":""How can I enhance the emotional impact and belief in my affirmations?""}","[""What affirmation resonates most with your current life's goals?""]",,,foundations,,,,,,,,
124,9,Embracing Relaxation Techniques 🌿,Find Your Calm,"**Hi _CLIENTNAME_! 🌟**
 

 **Find Your Calm:** Did you know the Japanese art of **Forest Bathing (Shinrin-Yoku)** involves spending time in forests for its calming effects? Or that **Bubble Wrap Popping Therapy** is a real thing for stress relief? Let's explore how to incorporate some real relaxation techniques into your routine.
 

 **Here’s how:**
 

 1. **Deep Breathing 🌬️:** Try diaphragmatic breathing, like the 4-7-8 technique (inhale for 4 seconds, hold for 7, exhale for 8).
 2. **Progressive Muscle Relaxation 🧘:** Tense and relax different muscle groups, starting from your toes to your head.
 3. **Guided Imagery 🏝️:** Visualize peaceful scenes, such as a serene beach.
 

 Experiment with these methods to see which one helps you relax the most. Incorporating relaxation into your daily routine can enhance your focus, mood, and overall well-being. 🌟",life,,,"{""🌳 Forest bathing!"":""https://www.reddit.com/r/todayilearned/comments/9487p3/til_that_shinrinyoku_meaning_forest_bathing_is/"",""😇I want to learn how to relax"":""https://www.reddit.com/r/IWantToLearn/comments/jx3l2b/i_want_to_learn_how_to_relax/"",""🌬️ Guided Wim Hof Method Breathing"":""https://www.youtube.com/watch?v=tybOi4hjZFQ"",""😴 Breathing Exercises to Relax or Fall Asleep Fast | 478 Mindfulness Breathing | TAKE A DEEP BREATH"":""https://www.reddit.com/r/Buddhism/comments/15as5m/what_are_your_most_successful_relaxation/""}","{""🏝️ Guided Imagery Tips"":""Can you help me create a guided imagery session for stress relief?"",""🌳 Forest Bathing Benefits"":""How can spending time in nature help me reduce stress and improve my well-being?"",""🌬️ Deep Breathing Techniques"":""Could you guide me through the 4-7-8 breathing method to enhance relaxation?"",""🧘 Progressive Muscle Relaxation"":""What are the steps for practicing progressive muscle relaxation effectively?""}","[""What unusual relaxation technique works best for you? Why?""]",,,foundations,,,,,,,,
125,10,The Stoic Way 🧘‍♂️,Control vs. Acceptace,"**Hi _CLIENTNAME_! 🌟**
 

 

 **Ever feel like you're battling against the tide? ** Today, let’s draw from the wisdom of Stoicism. Focus on what you can control (your actions) and accept what you cannot (external events). **What You Can Control:**
 - 🧠 Your decision to use or abstain. - 🏋️‍♂️ Your daily routines supporting well-being. **What You Cannot Control:**
 - 🌪 External pressures. - 🕰 Past regrets. Control what you can. Celebrate what you can. You’ve got this. 🚀
 

 

 By focusing on what you can control, you can celebrate your successes and stay committed to your journey without getting distracted by past setbacks or things beyond your influence.",life,LO-Use-State,I want to moderate my use,"{""🧘‍♂️ What is the Stoic way to deal with situations?"":""https://www.reddit.com/r/Stoicism/comments/vdg9cc/what_is_the_stoic_way_to_deal_with_situations/"",""🌿 Stop Wanting, Start Accepting | The Philosophy of Marcus Aurelius"":""https://www.youtube.com/watch?v=KDsdLKDHIWI"",""🛡️ When Life Hurts, Care Less About It | The Philosophy of Marcus Aurelius"":""https://www.youtube.com/watch?v=LGXRpbDuDGE""}","{""🕰 Past Regrets"":""How can I practice acceptance of past regrets to move forward with my goals?"",""🌪 External Pressures"":""How can I better handle external pressures that might impact my decision to use or abstain?"",""🧘‍♂️ The Stoic Way"":""How can focusing on what I can control help me stay committed to my cannabis moderation goals?"",""🏋️‍♂️ Daily Routines"":""What daily routines can I establish to support my well-being and moderation habits?""}","[""What's one thing you can control that you're overlooking?""]",,,foundations,,,,,,,,
126,10,The Stoic Way 🧘‍♂️,Control vs. Acceptace,"**Hi _CLIENTNAME_! 🌟**
 

 

 **Ever feel like you're battling against the tide? ** Today, let’s draw from the wisdom of Stoicism. Focus on what you can control (your actions) and accept what you cannot (external events). **What You Can Control:**
 - 🧠 Your decision to use or abstain. - 🏋️‍♂️ Your daily routines supporting well-being. **What You Cannot Control:**
 - 🌪 External pressures. - 🕰 Past regrets. Control what you can. Celebrate what you can. You’ve got this. 🚀
 

 

 By focusing on what you can control, you can celebrate your successes and stay committed to your journey without getting distracted by past setbacks or things beyond your influence.",life,LO-Use-State,I want to stop entirely,"{""🧘‍♂️ What is the Stoic way to deal with situations?"":""https://www.reddit.com/r/Stoicism/comments/vdg9cc/what_is_the_stoic_way_to_deal_with_situations/"",""🌿 Stop Wanting, Start Accepting | The Philosophy of Marcus Aurelius"":""https://www.youtube.com/watch?v=KDsdLKDHIWI"",""🛡️ When Life Hurts, Care Less About It | The Philosophy of Marcus Aurelius"":""https://www.youtube.com/watch?v=LGXRpbDuDGE""}","{""🕰 Past Regrets"":""How can I practice acceptance of past regrets to move forward with my goals?"",""🌪 External Pressures"":""How can I better handle external pressures that might impact my decision to use or abstain?"",""🧘‍♂️ The Stoic Way"":""How can focusing on what I can control help me stay committed to my weed-free goals?"",""🏋️‍♂️ Daily Routines"":""What daily routines can I establish to support my well-being and weed-free habits?""}","[""What's one thing you can control that you're overlooking?""]",,,foundations,,,,,,,,
127,11,Overcoming Murphy's Law 🛠️,Stay Prepared,"**Hi _CLIENTNAME_! 🌟**
 

 **Ever notice how toast always lands butter-side down?** That’s Murphy’s Law: ""Anything that can go wrong will go wrong."" Today, let’s identify potential obstacles and find strategies to mitigate them.
 

 **Here’s how:**
 

 1. **Identify Risks 📝:**
  - ""I might feel cravings during social events.""
 

 2. **Analyze Risks 🧐:**
  - ""Cravings could lead to unplanned cannabis use.""
 

 3. **Develop Mitigation Strategies 🥤:**
  - ""Bring a non-cannabis drink to social events and have an exit plan if cravings become too strong.""
 

 Anticipate challenges and prepare strategies to navigate your path better. You’ve got this! 🚀",life,LO-Use-State,I want to stop entirely,"{""😆 What if Murphy's Law was a real person?"":""https://www.youtube.com/watch?v=2i7PiXSgbwg"",""🎨 MURPHY'S LAW | Draw My Life 'Anything that can go wrong will go wrong'"":""https://www.youtube.com/watch?v=L1pRE0Ykbbg"",""🤔 Murphy's Law: How to deal with life when it all of a sudden goes wrong?"":""https://www.reddit.com/r/AskReddit/comments/uf0nlk/murphys_law_how_to_deal_with_life_when_it_all_of/""}","{""📝 Identify Risks"":""What potential obstacles might I encounter in social settings regarding cannabis use?"",""🛠️ Be Prepared"":""How can I better prepare for unplanned challenges related to my weed-free goals?"",""🧐 Analyze Cravings"":""How could cravings during social events affect my goals?"",""🥤 Mitigate Cravings"":""Can you suggest strategies to handle cravings during social events?""}","[""What's a small, recurring problem you could prepare for better?""]",,,foundations,,,,,,,,
128,11,Overcoming Murphy's Law 🛠️,Stay Prepared,"**Hi _CLIENTNAME_! 🌟**
 

 **Ever notice how toast always lands butter-side down?** That’s Murphy’s Law: ""Anything that can go wrong will go wrong."" Today, let’s identify potential obstacles and find strategies to mitigate them.
 

 **Here’s how:**
 

 1. **Identify Risks 📝:**
  - ""I might feel cravings during social events.""
 

 2. **Analyze Risks 🧐:**
  - ""Cravings could lead to unplanned cannabis use.""
 

 3. **Develop Mitigation Strategies 🥤:**
  - ""Bring a non-cannabis drink to social events and have an exit plan if cravings become too strong.""
 

 Anticipate challenges and prepare strategies to navigate your path better. You’ve got this! 🚀",life,LO-Use-State,I want to moderate my use,"{""😆 What if Murphy's Law was a real person?"":""https://www.youtube.com/watch?v=2i7PiXSgbwg"",""🎨 MURPHY'S LAW | Draw My Life 'Anything that can go wrong will go wrong'"":""https://www.youtube.com/watch?v=L1pRE0Ykbbg"",""🤔 Murphy's Law: How to deal with life when it all of a sudden goes wrong?"":""https://www.reddit.com/r/AskReddit/comments/uf0nlk/murphys_law_how_to_deal_with_life_when_it_all_of/""}","{""📝 Identify Risks"":""What potential obstacles might I encounter in social settings regarding cannabis use?"",""🛠️ Be Prepared"":""How can I better prepare for unplanned challenges related to cannabis moderation?"",""🧐 Analyze Cravings"":""How could cravings during social events affect my goals?"",""🥤 Mitigate Cravings"":""Can you suggest strategies to handle cravings during social events?""}","[""What's a small, recurring problem you could prepare for better?""]",,,foundations,,,,,,,,
129,12,Affirmations and Positive Self-Talk,More than just words,"**Hi _CLIENTNAME_! 🌟**
 

 **Affirmations Matter:** Positive self-talk can be a powerful tool in achieving your goals. Research shows that affirmations can boost your confidence and help you stay focused on your objectives.
 

 **Here’s how:**
 

 1. **Create Affirmations 📝:** Develop three affirmations that resonate with your goals.
  - **Example:** ""I am in control of my choices.""
  - **Example:** ""I am committed to my well-being.""
  - **Example:** ""I make decisions that support my goals.""
 

 2. **Repeat Daily 🔄:** Make it a habit to say these affirmations every day.
  - **Example:** In the morning, before meals, or whenever you need a boost.
 

 3. **Believe in Your Words 💪:** Speak them with conviction and truly believe in what you're saying.
  - **Example:** Visualize the success and positive outcomes as you say your affirmations.
 

 By consistently using positive affirmations, you can strengthen your mindset and stay focused on your weed-free goals. Remember, the key to effective affirmations is repetition and emotional engagement. 🌟
 

 You've got this! 🚀",life,LO-Use-State,I want to moderate my use,"{""💬 Discussion: Do Affirmations Work?"":""https://www.reddit.com/r/GetMotivated/comments/17erfrq/discussion_do_affirmations_work/"",""📖 Why the Stories We Tell Ourselves Shape Us"":""https://www.youtube.com/watch?v=hQ2XMKHsg9I"",""🌞 Positive Morning Affirmations to Start the Day - LISTEN EVERY MORNING"":""https://www.youtube.com/watch?v=sfZoD1DREY0"",""🌙 I Am Affirmations for Sleep and Positive Self-Talk and Personal Growth"":""https://www.youtube.com/watch?v=b1BivnnidMU""}","{""💪 Believe and Achieve"":""Why is it important to truly believe in the affirmations I use?"",""💬 Power of Affirmations"":""How can creating affirmations help me achieve my goals?"",""📝 Crafting Affirmations"":""Can you help me create three affirmations that support my goals?"",""🔄 Daily Affirmations Routine"":""What are some practical ways to incorporate affirmations into my daily life?""}","[""What affirmation makes you feel most empowered right now?""]",,,foundations,,,,,,,,
130,12,Affirmations and Positive Self-Talk,More than just words,"**Hi _CLIENTNAME_! 🌟**
 

 **Affirmations Matter:** Positive self-talk can be a powerful tool in achieving your goals. Research shows that affirmations can boost your confidence and help you stay focused on your objectives.
 

 **Here’s how:**
 

 1. **Create Affirmations 📝:** Develop three affirmations that resonate with your goals.
  - **Example:** ""I am in control of my choices.""
  - **Example:** ""I am committed to my well-being.""
  - **Example:** ""I make decisions that support my goals.""
 

 2. **Repeat Daily 🔄:** Make it a habit to say these affirmations every day.
  - **Example:** In the morning, before meals, or whenever you need a boost.
 

 3. **Believe in Your Words 💪:** Speak them with conviction and truly believe in what you're saying.
  - **Example:** Visualize the success and positive outcomes as you say your affirmations.
 

 By consistently using positive affirmations, you can strengthen your mindset and stay focused on your weed-free goals. Remember, the key to effective affirmations is repetition and emotional engagement. 🌟
 

 You've got this! 🚀",life,LO-Use-State,I want to stop entirely,"{""💬 Discussion: Do Affirmations Work?"":""https://www.reddit.com/r/GetMotivated/comments/17erfrq/discussion_do_affirmations_work/"",""📖 Why the Stories We Tell Ourselves Shape Us"":""https://www.youtube.com/watch?v=hQ2XMKHsg9I"",""🌞 Positive Morning Affirmations to Start the Day - LISTEN EVERY MORNING"":""https://www.youtube.com/watch?v=sfZoD1DREY0"",""🌙 I Am Affirmations for Sleep and Positive Self-Talk and Personal Growth"":""https://www.youtube.com/watch?v=b1BivnnidMU""}","{""💪 Believe and Achieve"":""Why is it important to truly believe in the affirmations I use?"",""💬 Power of Affirmations"":""How can creating affirmations help me achieve my goals?"",""📝 Crafting Affirmations"":""Can you help me create three affirmations that support my goals?"",""🔄 Daily Affirmations Routine"":""What are some practical ways to incorporate affirmations into my daily life?""}","[""What affirmation makes you feel most empowered right now?""]",,,foundations,,,,,,,,
131,13,Harnessing the Power of Visualization ✨,See yourself improve,"**Did You Know?** 🌟 An NBA study showed players who visualized making free throws improved almost as much as those who practiced physically! Why not use this powerful tool to achieve your own goals?
 

 **Here’s how:**
 

 1. **Visualize Success**: Spend a few minutes picturing yourself achieving your goal.
  - 🎯 Example: Imagine the confidence and satisfaction you’ll feel once you reach your cannabis moderation goal.
 

 2. **Capture the Vision**: Draw or write down your visualization.
  - 📝 Example: Create a vision board or jot down a vivid description.
 

 3. **Keep it Visible**: Place your visualization somewhere you can see it daily.
  - 📌 Example: On your fridge, desk, or as your phone background.
 

 By clearly picturing your success, you reinforce your commitment and motivation. Visualize the feelings and internal states that come with success, and remember to put in the work to bring those visions to life. 🌟
 

 Small steps lead to big changes. 🚀",life,LO-Use-State,I want to moderate my use,"{""🏊 Visualization used by Michael Phelps"":""https://www.youtube.com/watch?v=3-mm90LFPqU"",""🎙️ Joe Rogan - The Benefits of Visualization"":""https://www.youtube.com/watch?v=TAbOgtYO97Q"",""🔥 Advice, Habit Forming, Goals, and How I Did It"":""https://www.reddit.com/r/getdisciplined/comments/304qdf/advice_habit_forming_goals_and_how_i_did_it/"",""🧠 The Neurobiology of Visualization & HOW TO DO IT RIGHT | Andrew Huberman"":""https://www.youtube.com/watch?v=r5_9RuUOtSI""}","{""📌 Keep It Visible"":""Where can I place my visualizations to reinforce my commitment daily?"",""🎯 Visualize Success"":""Can you guide me through a visualization exercise to picture achieving my goals?"",""📝 Capture Your Vision"":""What are some creative ways to document my visualizations effectively?"",""✨ Power of Visualization"":""How can I use visualization to support my cannabis moderation goals?""}","[""How can visualization shape your daily actions towards goals?""]",,,building_habits,,,,,,,,
132,13,Harnessing the Power of Visualization ✨,See yourself improve,"**Did You Know?** 🌟 An NBA study showed players who visualized making free throws improved almost as much as those who practiced physically! Why not use this powerful tool to achieve your own goals?
 

 **Here’s how:**
 

 1. **Visualize Success**: Spend a few minutes picturing yourself achieving your goal.
  - 🎯 Example: Imagine the confidence and satisfaction you’ll feel once you reach your cannabis moderation goal.
 

 2. **Capture the Vision**: Draw or write down your visualization.
  - 📝 Example: Create a vision board or jot down a vivid description.
 

 3. **Keep it Visible**: Place your visualization somewhere you can see it daily.
  - 📌 Example: On your fridge, desk, or as your phone background.
 

 By clearly picturing your success, you reinforce your commitment and motivation. Visualize the feelings and internal states that come with success, and remember to put in the work to bring those visions to life. 🌟
 

 Small steps lead to big changes. 🚀",life,LO-Use-State,I want to stop entirely,"{""🏊 Visualization used by Michael Phelps"":""https://www.youtube.com/watch?v=3-mm90LFPqU"",""🎙️ Joe Rogan - The Benefits of Visualization"":""https://www.youtube.com/watch?v=TAbOgtYO97Q"",""🔥 Advice, Habit Forming, Goals, and How I Did It"":""https://www.reddit.com/r/getdisciplined/comments/304qdf/advice_habit_forming_goals_and_how_i_did_it/"",""🧠 The Neurobiology of Visualization & HOW TO DO IT RIGHT | Andrew Huberman"":""https://www.youtube.com/watch?v=r5_9RuUOtSI""}","{""📌 Keep It Visible"":""Where can I place my visualizations to reinforce my commitment daily?"",""🎯 Visualize Success"":""Can you guide me through a visualization exercise to picture achieving my goals?"",""📝 Capture Your Vision"":""What are some creative ways to document my visualizations effectively?"",""✨ Power of Visualization"":""How can I use visualization to support my weed-free goals?""}","[""How can visualization shape your daily actions towards goals?""]",,,building_habits,,,,,,,,
133,14,"Building Strong, Healthy Habits 🏆",Becoming the best version of yourself,"**Hi _CLIENTNAME_! 🌟**
 

 **Win the Morning:** Did you know Steve Jobs wore the same outfit every day to reduce decision fatigue? You don't need to go that far, but let’s take inspiration from him and create routines that support our goals.
 

 **Here’s how:**
 

 1. **Establish a Routine 🗓️:** Develop a daily routine that includes time for activities like exercise, healthy eating, and relaxation.
  - **Example:** Morning exercise, a balanced breakfast, and a few minutes of mindfulness.
 

 2. **Maintain Consistency 📆:** Stick to your routine to build strong, healthy habits that make positive changes sustainable.
 

 Developing routines that support your goals will help you maintain consistency and make positive changes more sustainable. 🌟",life,,,"{""🛠️ Advice: How to build habits"":""https://www.reddit.com/r/getdisciplined/comments/10ei1ro/advicehow_to_build_habits/"",""📝 LPT Request: How to get into a daily routine"":""https://www.reddit.com/r/LifeProTips/comments/14riimb/lpt_request_how_to_get_into_a_daily_routine/"",""🛠️ How to ACTUALLY build habits. (no bs guide)"":""https://www.youtube.com/watch?v=eu1K9-xE42Q"",""💡 Method: Make it stupid easy, but do it every day!"":""https://www.reddit.com/r/getdisciplined/comments/l21ad0/method_make_it_stupid_easy_but_do_it_every_day/"",""🔄 Method: Struggling with building habits? Try this!"":""https://www.reddit.com/r/getdisciplined/comments/8y9n5p/method_struggling_with_building_habits_try_this/"",""💡 A simple way to break a bad habit | Judson Brewer | TED"":""https://www.youtube.com/watch?v=-moW9jvvMr4"",""🚀 How to become 37.78 times better at anything | Atomic Habits summary (by James Clear)"":""https://www.youtube.com/watch?v=PZ7lDrwYdZc&t=92s""}","{""📆 Maintain Consistency"":""How can I ensure I stick to my new routine and make it a lasting habit?"",""🏆 Building Strong Habits"":""How can I create a daily routine that supports my goals?"",""🗓️ Establish a Routine"":""What are some activities I should include in my morning routine to set a positive tone for the day?"",""💡 Reduce Decision Fatigue"":""What are some ways I can minimize decision fatigue in my daily life to stay focused on my goals?""}","[""What's one daily routine that consistently supports your personal goals?""]",,,building_habits,,,,,,,,
134,15,Embracing Relaxation Techniques 🌿,Find Your Calmm,"**Hi _CLIENTNAME_! 🌟**
 

 **Find Your Calm:** Did you know the Japanese art of **Forest Bathing (Shinrin-Yoku)** involves spending time in forests for its calming effects? Or that **Bubble Wrap Popping Therapy** is a real thing for stress relief? Let's explore how to incorporate some real relaxation techniques into your routine.
 

 **Here’s how:**
 

 1. **Deep Breathing 🌬️:** Try diaphragmatic breathing, like the 4-7-8 technique (inhale for 4 seconds, hold for 7, exhale for 8).
 2. **Progressive Muscle Relaxation 🧘:** Tense and relax different muscle groups, starting from your toes to your head.
 3. **Guided Imagery 🏝️:** Visualize peaceful scenes, such as a serene beach.
 

 Experiment with these methods to see which one helps you relax the most. Incorporating relaxation into your daily routine can enhance your focus, mood, and overall well-being. 🌟",life,,,"{""🧘‍♂️ How do you productively relax?"":""https://www.reddit.com/r/productivity/comments/y5n4q2/how_do_you_productively_relax/""}","{""🏝️ Guided Imagery Tips"":""Can you help me create a guided imagery session for stress relief?"",""🌳 Forest Bathing Benefits"":""How can spending time in nature help me reduce stress and improve my well-being?"",""🌬️ Deep Breathing Techniques"":""Could you guide me through the 4-7-8 breathing method to enhance relaxation?"",""🧘 Progressive Muscle Relaxation"":""What are the steps for practicing progressive muscle relaxation effectively?""}","[""Which relaxation technique resonates most with your lifestyle and why?""]",,,building_habits,,,,,,,,
135,16,Winning on Autopilot ✈️,Watch yourself win,"Hi CLIENTNAME! 🌟
 

 Today, let’s talk about building habits by starting small and leveraging your brain’s autopilot mode. Did you know that humans spend 47% of their time on autopilot? This means almost half your day is spent on habitual actions without conscious thought.
 

 Here’s how to make small changes to your autopilot:
 

 Start Small: Implement tiny, manageable changes.
 

 📝 Example: Drink a glass of water every morning or take a 5-minute walk after lunch.
 Leverage Autopilot: Add new habits to existing routines.
 

 🔄 Example: While brushing your teeth, do a brief mindfulness exercise.
 Consistency Over Intensity: Focus on regularity rather than intensity.
 

 📅 Example: Meditate for just 2 minutes daily rather than sporadic longer sessions.
 Monitor Progress: Track your small wins to stay motivated.
 

 🏆 Example: Use a journal or app to note your daily achievements.
 By implementing small changes consistently, you can transform your autopilot actions and create lasting, positive habits. These small steps compound over time, leading to significant improvements in your life. 🚀",life,,,"{""🥲 [Need Advice] I keep losing to my Autopilot self."":""https://www.reddit.com/r/getdisciplined/comments/dd8xvm/need_advice_i_keep_losing_to_my_autopilot_self/"",""✈️ Put Your Healthy Habits On Autopilot | Cole Taylor"":""https://www.youtube.com/watch?v=NwX27PIgE6Q"",""🧠ELI5: What happens when your brain goes on auto pilot?"":""https://www.reddit.com/r/explainlikeimfive/comments/vgwsp6/eli5_what_happens_when_your_brain_goes_on_auto/"",""🧬 The Science of Habits: How Your Brain Runs on Autopilot"":""https://www.youtube.com/shorts/v0KoKTWkKmc"",""🤨Best way to learn out of stupid habits/stop going to autopilot"":""https://www.reddit.com/r/CrazyHand/comments/re4zy4/best_way_to_learn_out_of_stupid_habitsstop_going/""}","{""🏆 Monitor Progress"":""How can tracking my small wins help me stay motivated, and what tools can I use?"",""🔄 Leverage Autopilot"":""What are some effective ways to add new habits to my existing routines?"",""✈️ Winning on Autopilot:"":""How can I start implementing small, manageable changes to build better habits?"",""📅 Consistency Over Intensity"":""Why is regularity more important than intensity when building new habits, and how can I apply this?""}","[""What small habit should you set on autopilot?""]",,,building_habits,,,,,,,,
136,17,Master Your Habits 🌟,Quick Steps to Change,"**Understand Your Behavior**: Today, let’s use the ABC Model to understand and alter your cannabis use behavior. This model helps you identify the Antecedent, Behavior, and Consequence of each instance of cannabis use.
 

 **Here’s how:**
 

 1. 💡 **Identify the Antecedent:** What happened before you used cannabis?
  - Example: Feeling stressed after a long day at work.
 

 2. 🌿 **Identify the Behavior:** What did you do?
  - Example: Smoked cannabis to relax.
 

 3. 🔄 **Identify the Consequence:** What happened after?
  - Example: Felt relaxed, but also less motivated to do other tasks.
 

 Use this information to develop strategies for altering your behavior. For instance, if stress is a common antecedent, consider alternative stress-relief methods like exercise or meditation.
 

 By understanding the pattern of your cannabis use, you can make more informed decisions and develop healthier habits.",life,,,"{""😔 ABC for Heavier Emotions"":""https://www.reddit.com/r/CBTpractice/comments/pby7a6/abc_for_heavier_emotions/"",""🧠 The ABCs of CBT: Thoughts, Feelings and Behavior"":""https://www.youtube.com/watch?v=Stw9P38ePVI"",""🧠 The ABC Model of Cognitive Behavioural Therapy CBT"":""https://www.youtube.com/watch?v=zcgbG1ZDQug""}","{""🌿 Replace Behaviors"":""Can you think of alternative activities to use as substitutes for cannabis when certain triggers arise?"",""🌟 Develop Strategies"":""What strategies can you implement to manage stress without relying on cannabis?"",""🔄 Analyze Consequences"":""Reflect on the outcomes of using cannabis; how do they affect your productivity and overall well-being?"",""💡 Understand Antecedents"":""What triggers typically lead to your cannabis use, and how can you identify them in advance?""}","[""What triggers your habitual behaviors, and how can you change them?""]",,,building_habits,,,,,,,,
137,18,Staying Consistent,Pushing through the thick,"**How’s your new routine going?** 🎉 Consistency is key to building strong habits. Even Nikola Tesla believed in consistency—he would curl his toes 100 times every night before bed, thinking it stimulated his brain cells. Try to stick to your new routine every day, even when it feels challenging.
 

 **Here’s how:**
 

 1. **Stay Consistent:** Stick to your new routine daily, even when it feels tough.
  - Example: Reflect on the small change you made yesterday and see how it's impacting your day.
 

 2. **Observe Changes:** Note any changes you observe from maintaining your routine.
 

 Consistency helps build strong habits and ensures that the positive changes you make are sustainable.",life,,,"{""🔥How To Be Incredibly Consistent"":""https://www.youtube.com/watch?v=UBzUJB8cLkI"",""💪Staying consistent on self improvement"":""https://www.youtube.com/watch?v=EFtGEb3Kqz4"",""💪 How to stay consistent with daily habits"":""https://www.reddit.com/r/productivity/comments/w88bzp/how_to_stay_consistent_with_daily_habits/"",""📝 Need advice, struggling to stay consistent?"":""https://www.reddit.com/r/getdisciplined/comments/ljl4vp/need_advice_struggling_to_stay_consistent/"",""📖 If you struggle with consistency, read this!"":""https://www.reddit.com/r/productivity/comments/tis8za/if_you_struggle_with_consistency_read_this/"",""💡 What hacks do you have to stay consistent and productive?"":""https://www.reddit.com/r/productivity/comments/1865ac0/what_hacks_do_you_have_to_stay_consistent_and/""}","{""🔄 Stay Consistent"":""How can I remain consistent with my new routine even when it's challenging?"",""🔍 Observe Changes"":""How can I effectively note and reflect on the changes I observe from my new routine?"",""📅 Daily Commitment"":""What strategies can help me stick to my new habits each day?"",""📈 Sustainable Habits"":""What are some ways to ensure that the positive changes I make are sustainable in the long run?""}","[""What small habit are you finding hardest to stick with?""]",,,building_habits,,,,,,,,
138,19,Reflect and Adjust 🌟,Make Necessary Changes,"**Hi _CLIENTNAME_! 🌟 You’re doing great! 🎉** Today, reflect on your progress and make any necessary adjustments. Like Stephen King’s ""Refrigerator Method,"" where he puts his manuscripts in the fridge for a few days before reviewing them, let's step back and evaluate our routines.
 

 **Here’s how:**
 

 1. **🔍 Reflect:** Consider how your new habits fit into your daily life.
  - ✨ Example: Are there parts of your routine that feel particularly good or challenging?
 

 2. **🔄 Adjust:** Make tweaks to better fit your needs and goals.
  - 🕒 Example: If a morning workout feels too rushed, try moving it to the afternoon.
 

 Reflecting and adjusting will help you stay motivated and ensure your routine works for you.",life,,,"{""🪞Why Introspection Matters"":""https://www.youtube.com/watch?v=s-NiJzwdN0Y"",""👨‍🎨 The Art of Reflection"":""https://www.youtube.com/watch?v=W06b198FjfI"",""🪞 How to self reflect and improve life?"":""https://www.reddit.com/r/productivity/comments/fusy59/how_to_self_reflect_and_improve_life/"",""📓 How do you self-reflect during journaling?"":""https://www.reddit.com/r/Journaling/comments/14tb2cn/how_do_you_selfreflect_during_journaling/"",""💪 What is the one habit/behavior change that transformed your life?"":""https://www.reddit.com/r/selfimprovement/comments/1bp22y4/what_is_the_one_habitbehavior_change_that/""}","{""✨ Identify Challenges"":""Are there parts of your routine that feel particularly challenging? How can you address them?"",""🔄 Adjust Your Routine"":""What can you tweak in your routine to better meet your needs and goals?"",""🔍 Reflect on Progress"":""How have your new habits fit into your daily life so far?"",""🕒 Time Management Tweaks"":""What adjustments can you make to your schedule to improve your routine's effectiveness?""}","[""Which routine habit feels most in need of adjustment?""]",,,building_habits,,,,,,,,
139,20,Unconditional Self-Acceptance 🌟,The Foundation of True Change,"Hi _CLIENTNAME_! 🌟
 

 Today, let's focus on the importance of unconditional self-acceptance before self-discipline. Accepting yourself as you are is the foundation for genuine growth.
 

 **Here’s how:**
 

 1. 💖 **Embrace Self-Acceptance**: Understand that self-improvement begins with accepting yourself unconditionally.
  - 📌 Example: Reflect on qualities you appreciate about yourself, regardless of your cannabis use.
 

 2. 🧘‍♂️ **Shift Your Focus**: Focus on self-acceptance rather than self-discipline driven by self-criticism.
  - 📌 Example: Practice daily affirmations that reinforce your inherent worth.
 

 By prioritizing self-acceptance, you create a supportive foundation for any changes you wish to make.",life,,,"{""✨ The Power of Radical Acceptance"":""https://www.youtube.com/watch?v=V8oFemGi5EY"",""🤔 Is self acceptance really worth it?"":""https://www.reddit.com/r/DecidingToBeBetter/comments/u4lmbw/is_self_acceptance_really_worth_it/"",""🧐 What does self-acceptance really means?"":""https://www.reddit.com/r/Healthygamergg/comments/y361rm/what_does_selfacceptance_really_means/"",""🧘‍♂️ How do you practice self acceptance?"":""https://www.reddit.com/r/CasualConversation/comments/tw5565/how_do_you_practice_self_acceptance/"",""💪 The Power Of Self Acceptance - How To Stop Beating Yourself Up"":""https://www.youtube.com/watch?v=GcNGtZPPSS8"",""🧘‍♂️ Advice: Unconditional self-acceptance before pursuing goals"":""https://www.reddit.com/r/getdisciplined/comments/ap33v7/advice_unconditional_selfacceptance_before/"",""🧘 Learn Self Acceptance Self Confidence By Letting Go Of Ego & Being Yourself"":""https://www.youtube.com/watch?v=VCvebusD5Fo""}","{""📌 Daily Affirmations"":""Can you suggest some daily affirmations to help reinforce my inherent worth?"",""📌 Reflect on Qualities"":""What qualities about myself should I reflect on to foster self-acceptance?"",""💖 Embrace Self-Acceptance"":""How can I start embracing unconditional self-acceptance in my daily life?"",""🧘‍♂️ Shift Your Focus"":""How can I shift my focus from self-discipline driven by self-criticism to self-acceptance?""}","[""What qualities do you truly appreciate about yourself?""]",,,awareness,,,,,,,,
140,21,Understanding Your Triggers 🔍,Identify Patterns,"**Hi _CLIENTNAME_! 🌟**
 

 This week, we’ll focus on increasing your awareness of your habits and patterns with cannabis. We'll start by identifying the triggers that prompt your cannabis use. 🔍
 

 **Here’s how:**
 

 1. **Observe Triggers**: Pay attention to when and where you feel the urge to use cannabis.
  - 🕒 **Example**: Is it when you're stressed, bored, or around certain people?
 

 2. **Track Patterns**: Write down these moments to identify patterns.
  - 📓 **Example**: Keep a journal to note the time, place, and situation when you feel the urge.
 

 By understanding your triggers, you can develop strategies to manage them more effectively.",life,,,"{""🚬 Will the urge to smoke ever go away?"":""https://www.reddit.com/r/NoStupidQuestions/comments/y8j8uw/will_the_urge_to_smoke_ever_go_away/""}","{""👥 Social Triggers"":""Are there specific people or social settings that influence your cannabis use? How can you address these?"",""📓 Track and Reflect"":""How can writing down your triggers help you develop strategies to manage them?"",""🔍 Identify Triggers"":""What are some common situations or emotions that prompt your cannabis use?"",""🕒 Observe Usage Patterns"":""Can you keep a journal to track when and where you feel the urge to use cannabis?""}","[""When do you most often feel the urge to use?""]",,,awareness,,,,,,,,
141,22,Emotional Triggers 🌿,Understand and Manage Your Feelings,"**Hi _CLIENTNAME_! 🌟**
 

 Today, we’ll dive deeper into understanding your emotional triggers for cannabis use. Recognizing the link between your emotions and your use can help you develop healthier coping strategies.
 

 **Here’s how:**
 

 1. **Identify Emotions**: Notice what emotions arise when you feel the urge to use cannabis.
  - 🧠 Example: Are you feeling stressed, bored, or anxious? Write down the specific emotions you experience.
 

 2. **Connect the Dots**: Reflect on how these emotions lead to cannabis use.
  - 🧩 Example: Do you use cannabis to escape stress or boredom? Understand the role cannabis plays in your emotional response.
 

 3. **Patterns and Triggers**: Track when and why these emotions occur.
  - 📅 Example: In your journal note the time, place, and situation when you feel these emotions.
 

 4. **Healthy Alternatives**: Develop new strategies to manage these emotions without cannabis.
  - 🌱 Example: Try deep breathing, exercise, or talking to a friend when you feel stressed or anxious.
 

 5. **Reflect on Impact**: Consider how addressing these emotional triggers can change your relationship with cannabis.
  - 💭 Example: Reflect on the benefits of dealing with emotions in healthier ways.
 

 By understanding and managing your emotional triggers, you can make more intentional choices about your cannabis use.",life,,,"{""🔥Here's what to do when you're triggered"":""https://www.youtube.com/watch?v=l3i8SfOk5FU"",""😔 Used weed to hide from my feelings for years, now I don't know who I am"":""https://www.reddit.com/r/depression/comments/392hec/used_weed_to_hide_from_my_feelings_for_years_now/"",""😌 Serious: When you're triggered, what coping skills do you use to help you calm down?"":""https://www.reddit.com/r/AskReddit/comments/onyz07/serious_when_youre_triggered_what_coping_skills/""}","{""📅 Track Patterns"":""How can I effectively track when and why my emotional triggers occur to better manage my cannabis use?"",""🔍 Connect the Dots"":""What role do specific emotions play in my decision to use cannabis, and how can I better understand this connection?"",""🌿 Emotional Triggers"":""How can I identify and understand the emotions that trigger my cannabis use?"",""🌱 Healthy Alternatives"":""What are some healthy strategies I can use to manage my emotions without relying on cannabis?""}","[""What emotions trigger your urge to use cannabis most often?""]",,,awareness,,,,,,,,
142,23,Managing Social Triggers 👬,Dealing with Smokin' Friends,"Great job so far! Today, let’s focus on environmental and social triggers. Consider your surroundings and interactions. Are there specific places, activities, or people that make you want to use cannabis? Understanding these triggers helps you manage them effectively. 🌱🧑‍🤝‍🧑
 

 **Here’s how:**
 

 1. **Identify Triggers**: Reflect on your surroundings and interactions when you feel the urge to use cannabis.
  - 🏠👥 Example: Is it at home, at a friend's house, or during social events with certain people?
 

 2. **Communicate Your Intentions**: Make it clear to friends that you don’t intend to smoke.
  - 🗣️ Example: Have an open conversation with your friends about your goals and ask for their support.
 

 3. **Plan Alternative Activities**: Suggest or engage in activities that don’t involve cannabis.
  - 🎨 Example: Plan a movie night, hike, or a creative project with your friends.
 

 By identifying and communicating your intentions, you can create a supportive environment and stay on track with your weed-free journey.",life,LO-Use-State,I want to stop entirely,"{""How to change environment for bad habit?"":""https://www.reddit.com/r/Habits/comments/111gizo/how_to_change_environment_for_bad_habit/"",""🛤️ What are some steps we can take when something bad happens?"":""https://www.reddit.com/r/Stoicism/comments/1ajwspn/what_are_some_steps_we_can_take_when_something/"",""😅 How do you guys deal with being the only one in a social situation?"":""https://www.reddit.com/r/socialskills/comments/2r7p4l/how_do_you_guys_deal_with_being_the_only_one_in_a/""}","{""🔍 Identify Triggers"":""How can I pinpoint specific places, activities, or people that trigger my cannabis use?"",""📍 Reflect on Surroundings"":""How can I assess my environment to better support my weed-free goals?"",""🗣️ Communicate Intentions"":""What are some effective ways to talk to my friends about my goal to maintain a weed-free lifestyle?"",""🎨 Plan Alternative Activities"":""Can you suggest some engaging activities that don’t involve cannabis?""}","[""What places or people trigger your cannabis use the most?""]",,,awareness,,,,,,,,
143,23,Managing Social Triggers 👬,Dealing with Smokin' Friends,"Great job so far! Today, let’s focus on environmental and social triggers. Consider your surroundings and interactions. Are there specific places, activities, or people that make you want to use cannabis? Understanding these triggers helps you manage them effectively. 🌱🧑‍🤝‍🧑
 

 **Here’s how:**
 

 1. **Identify Triggers**: Reflect on your surroundings and interactions when you feel the urge to use cannabis.
  - 🏠👥 Example: Is it at home, at a friend's house, or during social events with certain people?
 

 2. **Communicate Your Intentions**: Make it clear to friends that you don’t intend to smoke.
  - 🗣️ Example: Have an open conversation with your friends about your goals and ask for their support.
 

 3. **Plan Alternative Activities**: Suggest or engage in activities that don’t involve cannabis.
  - 🎨 Example: Plan a movie night, hike, or a creative project with your friends.
 

 By identifying and communicating your intentions, you can create a supportive environment and stay on track with your weed-free journey.",life,LO-Use-State,I want to moderate my use,"{""How to change environment for bad habit?"":""https://www.reddit.com/r/Habits/comments/111gizo/how_to_change_environment_for_bad_habit/"",""🛤️ What are some steps we can take when something bad happens?"":""https://www.reddit.com/r/Stoicism/comments/1ajwspn/what_are_some_steps_we_can_take_when_something/"",""😅 How do you guys deal with being the only one in a social situation?"":""https://www.reddit.com/r/socialskills/comments/2r7p4l/how_do_you_guys_deal_with_being_the_only_one_in_a/""}","{""🔍 Identify Triggers"":""How can I pinpoint specific places, activities, or people that trigger my cannabis use?"",""📍 Reflect on Surroundings"":""How can I assess my environment to better support my moderation goals?"",""🗣️ Communicate Intentions"":""What are some effective ways to talk to my friends about my goal to moderate cannabis use?"",""🎨 Plan Alternative Activities"":""Can you suggest some engaging activities that don’t involve cannabis?""}","[""What places or people trigger your cannabis use the most?""]",,,awareness,,,,,,,,
144,24,Socratic Self-Examination 🌟,Discover Your Why,"**Hi _CLIENTNAME_! 🌟 You’re doing great! 🎉** Today, let’s use Socratic questioning to explore your motivations. Like Socrates, who used probing questions to gain deeper insights, let's examine why we use cannabis and what we gain from moderation.
 

 **Here’s how:**
 

 1. **🧠 Ask Yourself:** ""Why do I use cannabis?""
  - Example: Is it for relaxation, social reasons, or to cope with stress?
 

 2. **🔍 Question Further:** ""What do I gain from moderation?""
  - Example: Improved health, better focus, or enhanced well-being?
 

 Using these questions, you can gain a deeper understanding of your motivations and make more intentional choices.",life,LO-Use-State,I want to moderate my use,"{""🧠 Unexamined life not worth living by Socrates"":""https://www.reddit.com/r/askphilosophy/comments/x784g/unexamined_life_not_worth_living_by_socrates/"",""🧐 Examine Your Life like an Ancient Philosopher"":""https://www.youtube.com/watch?v=5Rk7wU0VTUQ"",""💬 How can I practice a Socratic dialogue with myself?"":""https://www.reddit.com/r/Stoicism/comments/23rr3c/how_can_i_practice_a_socratic_dialogue_with_myself/"",""🧐 What did Socrates mean when he said \""An unexamined life is not worth living\""?"":""https://www.reddit.com/r/philosophy/comments/oweqr/what_did_socrates_mean_when_he_said_an_unexamined/"",""🗣️ How to Use the Socratic Method (for Dialogue, Debate and Critical Thinking)"":""https://www.youtube.com/watch?v=USo7V6kwfEk""}","{""🧠 Why Use Cannabis"":""Why do I use cannabis and what triggers these moments?"",""🧐 Intentional Choices"":""What specific questions can I ask myself to become more aware of my cannabis habits?"",""🔍 Gain from Moderation"":""What benefits have I noticed from moderating my cannabis use?"",""🎯 Motivational Insights"":""How can understanding my reasons for using cannabis help me make better choices?""}","[""What motivates your choices around cannabis use?""]",,,awareness,,,,,,,,
145,24,Socratic Self-Examination 🌟,Discover Your Why,"**Hi _CLIENTNAME_! 🌟 You’re doing great! 🎉** Today, let’s use Socratic questioning to explore your motivations. Like Socrates, who used probing questions to gain deeper insights, let's examine why we use cannabis and what we gain from moderation.
 

 **Here’s how:**
 

 1. **🧠 Ask Yourself:** ""Why do I use cannabis?""
  - Example: Is it for relaxation, social reasons, or to cope with stress?
 

 2. **🔍 Question Further:** ""What do I gain from moderation?""
  - Example: Improved health, better focus, or enhanced well-being?
 

 Using these questions, you can gain a deeper understanding of your motivations and make more intentional choices.",life,LO-Use-State,I want to stop entirely,"{""🧠 Unexamined life not worth living by Socrates"":""https://www.reddit.com/r/askphilosophy/comments/x784g/unexamined_life_not_worth_living_by_socrates/"",""🧐 Examine Your Life like an Ancient Philosopher"":""https://www.youtube.com/watch?v=5Rk7wU0VTUQ"",""💬 How can I practice a Socratic dialogue with myself?"":""https://www.reddit.com/r/Stoicism/comments/23rr3c/how_can_i_practice_a_socratic_dialogue_with_myself/"",""🧐 What did Socrates mean when he said \""An unexamined life is not worth living\""?"":""https://www.reddit.com/r/philosophy/comments/oweqr/what_did_socrates_mean_when_he_said_an_unexamined/"",""🗣️ How to Use the Socratic Method (for Dialogue, Debate and Critical Thinking)"":""https://www.youtube.com/watch?v=USo7V6kwfEk""}","{""🧠 Why Use Cannabis"":""Why do I use cannabis and what triggers these moments?"",""🧐 Intentional Choices"":""What specific questions can I ask myself to become more aware of my cannabis habits?"",""🎯 Motivational Insights"":""How can understanding my reasons for using cannabis help me make better choices?"",""🔍 Gain from Being Weed-Free"":""What benefits have I noticed from being weed-free?""}","[""What motivates your choices around cannabis use?""]",,,awareness,,,,,,,,
146,25,Death Awareness 💡,Make Life Matter,"**Prioritize What Matters**: Today, let’s use awareness of mortality to prioritize what truly matters. Steve Jobs once said, ""Remembering that you are going to die is the best way I know to avoid the trap of thinking you have something to lose.""
 

 **Here’s how:**
 

 1. **🧘‍♂️ Reflect on Mortality:** Consider how being aware of your mortality can help you focus on what truly matters in life.
  - 📌 Example: How do your current goals align with living a fulfilling and intentional life?
 

 2. **🎯 Align Your Goals:** Reflect on your goals and how they contribute to a meaningful life.
  - 📌 Example: Are you prioritizing activities and habits that truly matter to you?
 

 By keeping death awareness in mind, you can prioritize what truly matters and live a more fulfilling and intentional life.",life,,,"{""🗣️ Three Dying People Talk About Death | On Death | Cut"":""https://www.youtube.com/watch?v=dkxjuyAVccY&rco=1"",""💀 How contemplating your death everyday can lead to a better life"":""https://www.reddit.com/r/DecidingToBeBetter/comments/3puwvq/how_contemplating_your_death_everyday_can_lead_to/"",""🧠 Sam Harris on death the awareness of death to improve each moment of our lives."":""https://www.youtube.com/watch?v=Vrk1tL2wJU8""}","{""💡 Death Awareness"":""How can reflecting on mortality help me prioritize what truly matters in life?"",""🎯 Align Your Goals"":""How can I reassess my current goals to ensure they contribute to a fulfilling life?"",""🔍 Meaningful Priorities"":""What steps can I take to align my daily activities with what truly matters to me?"",""🧘‍♂️ Reflect on Mortality"":""Can you guide me on how to use mortality awareness to focus on meaningful goals?""}","[""What would you change if you knew time was limited?""]",,,awareness,,,,,,,,
147,26,Embrace Kaizen,"Small Steps, Big Changes","**Embrace Continuous Improvement**: Today, let’s embrace the Kaizen philosophy of making small, incremental improvements. Toyota used this approach to become one of the most reliable car manufacturers by encouraging small, continuous enhancements.
 

 **Here’s how:**
 

 1. 🌱 **Identify Small Changes:** Each day, pick one small change to improve your life.
  - Example: Spend 10 minutes reading or meditating.
 

 2. 📊 **Track Your Progress:** Keep a record of these changes and their impact over a month.
  - Example: Use the Clear30 Journals to note each change and its effect. 
 

 By making small, continuous improvements, you can gradually enhance your life and achieve your goals more effectively.",life,,,"{""🚀 Kaizen is changing the game"":""https://www.reddit.com/r/productivity/comments/9785xm/kaizen_is_changing_the_game/"",""📈 Steve Jobs on Continuous Improvement"":""https://www.youtube.com/watch?v=Wc6bI16xuko"",""💡 The Japanese philosophy of Kaizen showed me the..."":""https://www.reddit.com/r/productivity/comments/mjbbcj/the_japanese_philosophy_of_kaizen_showed_me_the/"",""🔄 Kaizen: The Japanese Art of Continuous Improvement"":""https://www.reddit.com/r/productivity/comments/rw42w7/kaizen_the_japanese_art_of_continuous_improvement/"",""📚 TIL: The Japanese work philosophy of Kaizen where..."":""https://www.reddit.com/r/todayilearned/comments/e4vs4w/til_the_japanese_work_philosophy_of_kaizen_where/"",""🇯🇵 A Japanese Philosophy That Will IMPROVE Your Life Kaizen"":""https://www.youtube.com/watch?v=fnLbAKA78D8"",""🧠 Sam Harris on death the awareness of death to improve each moment of our lives."":""https://www.youtube.com/watch?v=Vrk1tL2wJU8"",""🧩 What is Kaizen - Explained in simple language with examples - Continuous Improvement"":""https://www.youtube.com/watch?v=NFrwxzUhfNA""}","{""🔄 Kaizen in Action"":""Can you suggest simple daily habits that align with the Kaizen philosophy?"",""📊 Track Your Progress"":""What are effective ways to track and evaluate my progress over time?"",""💪 Continuous Improvement"":""How can I stay motivated to make and maintain incremental improvements?"",""🌱 Small Changes, Big Impact"":""How can I identify small changes to improve my daily routine?""}","[""What's one tiny change you can make today for a better tomorrow?""]",,,awareness,,,,,,,,
148,27,80/20 Rule 🌟,Focus on What Matters,"**Focus on What Matters**: Today, let’s use the 80/20 Rule to prioritize our actions. Vilfredo Pareto, the Italian economist, noticed that 20% of his pea plants produced 80% of the healthy pods. This led to the realization that 20% of efforts often produce 80% of results.
 

 **Here’s how:**
 

 1. 🌟 **Identify Key Activities:** Focus on the 20% of actions that will produce 80% of the results.
  - 🏋️‍♂️ Example: Exercise, healthy eating, and quality sleep for well-being.
 

 2. 🗓️ **Prioritize These Activities:** Allocate most of your time and energy to these impactful activities.
  - 📅 Example: Schedule your day around these key activities.
 

 By focusing on the few key activities that have the most significant impact, you can achieve your goals more efficiently and improve your overall well-being.",life,,,"{""📈 How to Maximize The 80/20 Rule"":""https://www.youtube.com/watch?v=c41-6GAHg1Q"",""What's your most impactful 20%, and why?"":""https://www.reddit.com/r/getdisciplined/comments/1209236/advice_life_is_too_short_to_be_a_chump_the_8020/"",""🚀Method: 80/20 Rule Does Work and It Is the Best Way"":""https://www.reddit.com/r/getdisciplined/comments/hifje3/method_8020_rule_does_work_and_it_is_the_best_way/"",""🔥 Advice: Life is too short to be a chump. The 80/20 Rule"":""https://www.reddit.com/r/productivity/comments/zqyyz9/how_have_you_used_the_8020_rule_in_your_life/"",""📊 The Pareto Principle - 80/20 Rule - Do More by Doing Less (animated)"":""https://www.youtube.com/watch?v=EAynHZE-lK4"",""🚀 How to Instantly Be More Productive – The 80/20 Principle by Richard Koch"":""https://www.youtube.com/watch?v=V28B_xOJzK4""}","{""🌟 Key Activities Focus"":""How can I identify the 20% of actions that will produce 80% of the results in my daily routine?"",""📅 Efficient Goal Achievement"":""Can you help me create a schedule that focuses on the most impactful activities?"",""🗓️ Prioritize Impactful Actions"":""What are some strategies to prioritize and allocate time to these key activities?"",""🏋️‍♂️ Healthy Lifestyle Application"":""How can I apply the 80/20 Rule to improve my health and well-being?""}","[""What's your most impactful 20%, and why?""]",,,awareness,,,,,,,,
149,28,Heuristic Techniques 🧠,Simplify Your Decisions,"**Simplify Your Decisions**: Today, let’s use heuristic techniques like the ""rule of thumb"" or ""trial and error"" to simplify decision-making and problem-solving. Thomas Edison famously used the rule of thumb: ""Test anything that might work as a filament."" This heuristic led him to try thousands of materials until he found carbonized bamboo, which worked best for his light bulbs.
 

 **Here’s how:**
 

 1. 🛠️ **Use Heuristics:** Apply simple rules or trial and error to make decisions.
  - 🌿 Example: When choosing a healthy meal, use the rule of thumb: ""Pick foods with the fewest ingredients.""
 

 2. 🤔 **Reflect on a Recent Decision:** Think about a recent decision you made using heuristics.
  - 🚗 Example: Did you choose a route to work based on the quickest one in the past?
 

 By using heuristic techniques, you can simplify complex decisions and solve problems more efficiently.",life,,,"{""🤔 ELI5: What is a heuristic?"":""https://www.reddit.com/r/explainlikeimfive/comments/mgoqbn/eli5_what_is_a_heuristic/"",""🔍 Heuristics That Almost Always Work"":""https://www.reddit.com/r/slatestarcodex/comments/sntwba/heuristics_that_almost_always_work/"",""🧠 What Are Your Generalisable Heuristics For?"":""https://www.reddit.com/r/slatestarcodex/comments/xzs8ut/what_are_your_generalisable_heuristics_for/""}","{""🛠️ Use Heuristics"":""How can I apply simple rules or trial and error to make better decisions in my everyday life?"",""🌿 Healthy Meal Choices"":""What are some easy heuristics I can use to choose healthier meals?"",""🤔 Reflect on Decisions"":""Can you think of a recent decision where you used a heuristic? How did it help you?"",""🚗 Quick Route Selection"":""What's an example of using heuristics to choose the quickest route to work or other destinations?""}","[""What's a recent decision you simplified with a rule of thumb?""]",,,awareness,,,,,,,,
150,29,Focus on Presence 🌟,Experience Cannabis Fully,"Hi _CLIENTNAME_! 🌟
 

 Today, let’s focus on staying present during your cannabis use. Fully experience the effects and notice how it impacts your thoughts, emotions, and body. 🌿
 

 **Stay Present**: Mindful cannabis use means paying close attention to the effects and sensations during your session.
 

 **Here’s how:**
 

 1. 🧠 **Notice Thoughts**: Observe any changes in your thinking patterns.
  - 📌 Example: Are your thoughts racing or becoming more creative?
 

 2. 💖 **Acknowledge Emotions**: Tune into your emotional state.
  - 📌 Example: Do you feel more relaxed, anxious, or joyful?
 

 3. 🏃‍♂️ **Feel Physical Sensations**: Pay attention to how your body responds.
  - 📌 Example: Do you notice any changes in muscle tension or energy levels?
 

 By practicing mindfulness during cannabis use, you can develop a deeper understanding of its effects and make more intentional choices.",life,LO-Use-State,I want to moderate my use,"{""Feeling super present while hight"":""https://www.reddit.com/r/spirituality/comments/1aol4q4/feeling_super_present_while_high/""}","{""🧠 Notice Thoughts"":""How do your thinking patterns change when you use cannabis?"",""🌿 Mindful Cannabis Use"":""How can staying present enhance your cannabis experience?"",""💖 Acknowledge Emotions"":""Can you describe the emotional shifts you experience while using cannabis?"",""🏃‍♂️ Feel Physical Sensations"":""What physical sensations do you notice during cannabis use?""}","[""How does cannabis shift your emotions and thoughts?""]",,,awareness,,,,,,,,
151,29,Focus on Presence 🌟,Experience Life Fully,"Hi _CLIENTNAME_! 🌟
 

 Today, let’s focus on staying present in your daily life. Fully experience each moment and notice how it impacts your thoughts, emotions, and body. 🌿
 

 **Stay Present**: Mindful living means paying close attention to the effects and sensations throughout your day.
 

 **Here’s how:**
 

 1. 🧠 **Notice Thoughts**: Observe any changes in your thinking patterns.
  - 📌 Example: Are your thoughts clearer or more focused?
 

 2. 💖 **Acknowledge Emotions**: Tune into your emotional state.
  - 📌 Example: Do you feel more balanced, calm, or joyful?
 

 3. 🏃‍♂️ **Feel Physical Sensations**: Pay attention to how your body responds.
  - 📌 Example: Do you notice improved energy levels or reduced tension?
 

 By practicing mindfulness in your everyday activities, you can develop a deeper understanding of yourself and make more intentional choices. 🚀",life,LO-Use-State,I want to stop entirely,"{""Feeling super present while hight"":""https://www.reddit.com/r/spirituality/comments/1aol4q4/feeling_super_present_while_high/""}","{""🌿 Mindful Living"":""How can I incorporate mindfulness into my daily routine to better understand my thoughts and emotions?"",""🧠 Notice Thoughts"":""What are some techniques to help me observe changes in my thinking patterns throughout the day?"",""💖 Acknowledge Emotions"":""How can I effectively tune into and understand my emotional state?"",""🏃‍♂️ Physical Sensations"":""What should I pay attention to in my body to notice changes in energy levels or tension?""}","[""When are you most present in your daily life?""]",,,awareness,,,,,,,,
152,30,The Mindful Creativity 🌟,Discover Your Creative Flow,"Hi _CLIENTNAME_! 🌟
 

 Today, let’s explore the idea of mindful creativity. Notice how abstaining from cannabis affects your creative activities, like art, writing, or music. 🎨
 

 **Here’s how:**
 

 1. 🧠 **Observe Your Process**: Pay attention to how being cannabis-free influences your creativity.
  - 📌 Example: Do you find your creative flow more consistent and focused?
 

 2. 🎨 **Engage Fully**: Immerse yourself in a creative activity and note any changes in your thoughts and emotions.
  - 📌 Example: Are your ideas clearer and more coherent?
 

 By mindfully observing how abstaining from cannabis affects your creativity, you can better understand and optimize your creative process. 🚀",life,LO-Use-State,I want to moderate my use,"{""🎨 Creativity Without Marijuana"":""https://www.reddit.com/r/leaves/comments/sf636k/creativity_without_marijuana/"",""🎶 Do you think weed makes you more creative?"":""https://www.reddit.com/r/WeAreTheMusicMakers/comments/rx0g0o/do_you_think_weed_makes_you_more_creative/"",""🚫 Weed Does Not Make You Creative or Artistic"":""https://www.reddit.com/r/unpopularopinion/comments/eufbkb/weed_does_not_make_you_creative_or_artistic/"",""🤔 Does Anyone Actually Feel More Creative Not?"":""https://www.reddit.com/r/leaves/comments/qt7d4l/does_anyone_actually_feel_more_creative_not/"",""🛑 The Stoner Creative Who Quit Weed for 6 Months"":""https://www.reddit.com/r/leaves/comments/1af2mqj/the_stoner_creative_who_quit_weed_for_6_months/"",""🎨 How to Be More Creative | Rick Rubin & Dr. Andrew Huberman"":""https://www.youtube.com/watch?v=mceyIZmu8aI"",""🍃 Does Cannabis (Marijuana) Use Increase Creativity? | Dr. Andrew Huberman"":""https://www.youtube.com/watch?v=anuUHrEabDU""}","{""🎨 Engage Fully"":""What changes do you notice in your thoughts and emotions when you immerse yourself in a creative activity without cannabis?"",""🔍 Mindful Creativity"":""Can you describe any differences in the clarity and coherence of your ideas while abstaining from cannabis?"",""🧠 Observe Your Process"":""How does being cannabis-free influence your creative flow and focus?"",""🌟 Optimize Your Creativity"":""How can you use your observations to enhance your creative process while staying cannabis-free?""}","[""How does cannabis impact your creative flow and focus?""]",,,awareness,,,,,,,,
153,30,The Mindful Creativity 🌟,Discover Your Creative Flow,"Hi _CLIENTNAME_! 🌟
 

 Today, let’s explore the idea of mindful creativity. Notice how abstaining from cannabis affects your creative activities, like art, writing, or music. 🎨
 

 **Here’s how:**
 

 1. 🧠 **Observe Your Process**: Pay attention to how being cannabis-free influences your creativity.
  - 📌 Example: Do you find your creative flow more consistent and focused?
 

 2. 🎨 **Engage Fully**: Immerse yourself in a creative activity and note any changes in your thoughts and emotions.
  - 📌 Example: Are your ideas clearer and more coherent?
 

 By mindfully observing how abstaining from cannabis affects your creativity, you can better understand and optimize your creative process. 🚀",life,LO-Use-State,I want to stop entirely,"{""🎨 Creativity Without Marijuana"":""https://www.reddit.com/r/leaves/comments/sf636k/creativity_without_marijuana/"",""🎶 Do you think weed makes you more creative?"":""https://www.reddit.com/r/WeAreTheMusicMakers/comments/rx0g0o/do_you_think_weed_makes_you_more_creative/"",""🚫 Weed Does Not Make You Creative or Artistic"":""https://www.reddit.com/r/unpopularopinion/comments/eufbkb/weed_does_not_make_you_creative_or_artistic/"",""🤔 Does Anyone Actually Feel More Creative Not?"":""https://www.reddit.com/r/leaves/comments/qt7d4l/does_anyone_actually_feel_more_creative_not/"",""🛑 The Stoner Creative Who Quit Weed for 6 Months"":""https://www.reddit.com/r/leaves/comments/1af2mqj/the_stoner_creative_who_quit_weed_for_6_months/"",""🎨 How to Be More Creative | Rick Rubin & Dr. Andrew Huberman"":""https://www.youtube.com/watch?v=mceyIZmu8aI"",""🍃 Does Cannabis (Marijuana) Use Increase Creativity? | Dr. Andrew Huberman"":""https://www.youtube.com/watch?v=anuUHrEabDU""}","{""🎨 Engage Fully"":""What changes do you notice in your thoughts and emotions when you immerse yourself in a creative activity without cannabis?"",""🔍 Mindful Creativity"":""Can you describe any differences in the clarity and coherence of your ideas while abstaining from cannabis?"",""🧠 Observe Your Process"":""How does being cannabis-free influence your creative flow and focus?"",""🌟 Optimize Your Creativity"":""How can you use your observations to enhance your creative process while staying cannabis-free?""}","[""How does being cannabis-free change your creative flow?""]",,,awareness,,,,,,,,
154,31,Cannabis and Social Interactions 🌟,How Does It Affect You?,"Hi _CLIENTNAME_! 🌟
 

 Today, focus on the social aspects of cannabis use. How does it affect your interactions with others? 🌐
 

 **Here’s how:**
 

 1. 🗣️ **Observe Your Behavior**: Notice how cannabis influences your social interactions.
  - 📌 Example: Are you more relaxed, anxious, or something else?
 

 2. 🤝 **Engage Mindfully**: Pay attention to your communication and connection with others.
  - 📌 Example: Do you feel more open or withdrawn?
 

 By mindfully observing the impact of cannabis on your social interactions, you can better understand its effects on your social life.",life,LO-Use-State,I want to moderate my use,"{""🍃 Smoking weed and social skills"":""https://www.reddit.com/r/socialskills/comments/11j4k7u/smoking_weed_and_social_skills/""}","{""🌐 Social Impact"":""Can you describe the changes in your social behavior when using cannabis?"",""🤝 Engage Mindfully"":""In what ways does cannabis affect your communication and connection with others?"",""🗣️ Observe Your Behavior"":""How does cannabis use influence your social interactions?"",""🍃 Smoking weed and social skills"":""How does cannabis change your social interactions?""}","[""How does cannabis change your social interactions?""]",,,awareness,,,,,,,,
155,31,Social Interactions 🌟,How Does Abstaining Affect You?,"Hi _CLIENTNAME_! 🌟
 

 Today, focus on the social aspects of abstaining from cannabis. How does it affect your interactions with others? 🌐
 

 **Here’s how:**
 

 1. 🗣️ **Observe Your Behavior**: Notice how being cannabis-free influences your social interactions.
  - 📌 Example: Are you more relaxed, confident, or something else?
 

 2. 🤝 **Engage Mindfully**: Pay attention to your communication and connection with others.
  - 📌 Example: Do you feel more present or engaged?
 

 By mindfully observing the impact of abstaining from cannabis on your social interactions, you can better understand its effects on your social life. 🚀",life,LO-Use-State,I want to stop entirely,"{""🍃 Smoking weed and social skills"":""https://www.reddit.com/r/socialskills/comments/11j4k7u/smoking_weed_and_social_skills/""}","{""🌐 Social Impact"":""How does abstaining from cannabis affect your confidence and relaxation in social settings?"",""🔍 Self-Observation"":""What changes have you noticed in your behavior and communication when you abstain from cannabis?"",""🤝 Engage Mindfully"":""Do you feel more present or engaged in conversations when abstaining from cannabis?"",""🗣️ Observe Behavior"":""How does being cannabis-free influence your social interactions?""}","[""How has abstaining from cannabis changed your social interactions?""]",,,awareness,,,,,,,,
156,32,Cannabis Rituals 🔍,Reflect on Your Habits,"Hi _CLIENTNAME_! 🌟
 

 Today, think about the rituals and habits surrounding your cannabis use. Are there specific times, places, or routines that you associate with it? 🔄
 

 **Here’s how:**
 

 1. 🕒 **Identify Patterns**: Reflect on the rituals and habits you have around cannabis use.
  - 📌 Example: Are there specific times or places you always use cannabis?
 

 2. 🔄 **Understand Routines**: Consider what routines you associate with cannabis.
  - 📌 Example: Do you have any pre- or post-use rituals?
 

 By reflecting on these rituals, you can gain insights into your usage patterns and make more intentional choices.",life,LO-Use-State,I want to moderate my use,"{""🧠 Anyone else here feel more addicted to the idea of smoking than actually smoking?"":""https://www.reddit.com/r/leaves/comments/10f3r2q/anyone_else_here_feel_more_addicted_to_the/""}","{""🔍 Reflect on Habits"":""How can I identify the specific times and places I associate with cannabis use?"",""🕒 Identify Patterns"":""What are some common patterns in my cannabis rituals that I should be aware of?"",""🌟 Intentional Choices"":""How can reflecting on my cannabis habits lead to more intentional usage?"",""🔄 Understand Routines"":""Can you help me analyze the routines I have before and after using cannabis?""}","[""What emotions do your cannabis rituals evoke in you?""]",,,awareness,,,,,,,,
157,32,New Rituals 🔍,Reflect on Your Habits,"Hi _CLIENTNAME_! 🌟
 

 Today, think about the rituals and habits you can develop while abstaining from cannabis. Are there specific times, places, or routines that you can associate with new, healthy habits? 🔄
 

 **Here’s how:**
 

 1. 🕒 **Identify Patterns**: Reflect on the new rituals and habits you can form without cannabis.
  - 📌 Example: Are there specific times or places you can dedicate to new activities?
 

 2. 🔄 **Understand Routines**: Consider what routines you can establish in place of cannabis use.
  - 📌 Example: Do you have any new pre- or post-activity rituals?
 

 By reflecting on these new rituals, you can gain insights into building healthier habits and making more intentional choices. 🚀",life,LO-Use-State,I want to stop entirely,"{""🧠 Anyone else here feel more addicted to the idea of smoking than actually smoking?"":""https://www.reddit.com/r/leaves/comments/10f3r2q/anyone_else_here_feel_more_addicted_to_the/""}","{""🔍 New Rituals"":""What new rituals can I develop to replace my cannabis use?"",""📌 Reflect on Habits"":""How can reflecting on my current habits help me build healthier ones?"",""🕒 Identify Patterns"":""How can I identify specific times or places to dedicate to new, healthy activities?"",""🔄 Understand Routines"":""What routines can I establish to replace my cannabis use?""}","[""What new rituals can replace your cannabis habits?""]",,,awareness,,,,,,,,
158,33,Mindful Abstinence 🚀,Assessing Your Progress,"Hi _CLIENTNAME_! 🌟
 

 You’ve done amazing this week! 🎉 Today, let’s wrap up by considering how mindfulness has impacted your abstinence from cannabis. What changes have you noticed, and how will you continue to practice mindful living?
 

 **Here’s how:**
 

 1. 🧘‍♂️ **Reflect on Changes**: Reflect on the changes you’ve noticed through mindful abstinence.
  - 📌 Example: Have you experienced any improvements in awareness or control?
 

 2. 📈 **Plan for Continuation**: Consider how you will continue to practice mindfulness in your daily life.
  - 📌 Example: What techniques will you keep using?
 

 By assessing your progress, you can maintain and build on the positive changes you’ve made. 🚀",life,LO-Use-State,I want to stop entirely,"{""🎉 1 Year Sober: A Reflection"":""https://www.reddit.com/r/leaves/comments/103lcy1/1_year_sober_a_reflection/"",""🚭 I quit smoking weed and this is what happened"":""https://www.reddit.com/r/DecidingToBeBetter/comments/f0ymy4/i_quit_smoking_weed_and_this_is_what_happened/"",""🧘‍♂️ Serious inquiry about marijuana and meditation"":""https://www.reddit.com/r/Meditation/comments/zqile/serious_inquiry_about_marijuana_and_meditation/""}","{""🌟 Future Techniques"":""What mindfulness techniques will you keep using to support your goals?"",""🔍 Mindfulness Impact"":""How has mindfulness influenced your abstinence from cannabis this week?"",""📈 Plan for Continuation"":""How will you continue to practice mindfulness in your daily life?"",""🧘‍♂️ Reflect on Changes"":""What improvements in awareness or control have you noticed through mindful abstinence?""}","[""How has mindfulness changed your relationship with cannabis?""]",,,awareness,,,,,,,,
159,33,Mindful Consumption 🚀,Assessing Your Progress,"Hi _CLIENTNAME_! 🌟
 

 You’ve done amazing this week! 🎉 Today, let’s wrap up by considering how mindfulness has impacted your cannabis use. What changes have you noticed, and how will you continue to practice mindful consumption?
 

 **Here’s how:**
 

 1. 🧘‍♂️ **Reflect on Changes**: Reflect on the changes you’ve noticed through mindful consumption.
  - 📌 Example: Have you experienced any improvements in awareness or control?
 

 2. 📈 **Plan for Continuation**: Consider how you will continue to practice mindfulness in your cannabis use.
  - 📌 Example: What techniques will you keep using?
 

 By assessing your progress, you can maintain and build on the positive changes you’ve made.",life,LO-Use-State,I want to moderate my use,"{""🧘‍♂️ Serious inquiry about marijuana and meditation"":""https://www.reddit.com/r/Meditation/comments/zqile/serious_inquiry_about_marijuana_and_meditation/""}","{""🔄 Automate Good Habits"":""Can you help me identify ways to automate good decisions in my daily routine?"",""👀 Visual Cues for Success"":""What are some effective visual cues I can use to encourage positive habits?"",""🛑 Reduce Bad Habit Friction"":""How can I make it harder to engage in unwanted habits by adjusting my environment?"",""🏡 Environment Over Willpower"":""How can I change my surroundings to better support my cannabis moderation goals?""}","[""How has mindfulness improved your relationship with cannabis?""]",,,awareness,,,,,,,,
160,34,Identifying Cognitive Distortions 🌟,Better decisions making,"Hi _CLIENTNAME_! 🌟
 

 Today, let’s focus on identifying and reframing cognitive distortions in your thoughts about cannabis. Recognizing these distortions can help you think more clearly and make better decisions. 🧠
 

 **Here’s how:**
 

 1. **Recognize Distortions**: Identify common cognitive distortions in your thoughts about cannabis:
  - ⚫ **All-or-Nothing Thinking**: Viewing situations in black-and-white terms.
  - 📝 Example: ""I slipped up once, so I'm a total failure.""
  - 🔄 **Overgeneralization**: Making broad interpretations from a single event.
  - 📝 Example: ""I couldn’t resist today, so I’ll never be able to quit.""
  - 🚨 **Catastrophizing**: Expecting the worst possible outcome.
  - 📝 Example: ""If I don’t quit now, my life will be ruined.""
  - 🕵️ **Mental Filtering**: Focusing on the negatives and ignoring the positives.
  - 📝 Example: ""I had a craving today, ignoring the fact that I resisted yesterday.""
 

 2. **Label and Reframe**: Write down one cognitive distortion you notice and reframe it into a more balanced thought.
  - 🔄 Example: Reframe ""I’ll never be able to quit"" to ""I had a setback today, but I can learn from it and keep trying.""
 

 By identifying and reframing cognitive distortions, you can cultivate a healthier mindset and support your weed-free goals.",life,LO-Use-State,I want to stop entirely,"{""🧠 Common Cognitive Distortions"":""https://www.reddit.com/r/coolguides/comments/tecp7t/common_cognitive_distortions/"",""🤯 What are Cognitive Distortions?"":""https://www.youtube.com/watch?v=otFrNM7PnME"",""🧠 Cognitive Distortions and How to Correct Them"":""https://www.reddit.com/r/DecidingToBeBetter/comments/9d8j04/cognitive_distortions_and_how_to_correct_them/"",""😟 Common Cognitive Distortions That Feed Your Anxiety"":""https://www.reddit.com/r/Anxiety/comments/41ucq8/common_cognitive_distortions_that_feed_your/"",""🔍 I've identified the cognitive distortions... now what?"":""https://www.reddit.com/r/Stoicism/comments/14o4ne2/ive_identified_the_cognitive_distortions_now_what/"",""🧩 15 Styles of Distorted Thinking (Cognitive Distortions) | Psych2Go"":""https://www.youtube.com/watch?v=ZDVSMXiOSRQ""}","{""🚨 Catastrophizing"":""What steps can you take to reduce catastrophic thinking about your cannabis use?"",""🔄 Overgeneralization"":""How can you challenge an overgeneralization you’ve made about your ability to quit or moderate cannabis use?"",""✍️ Label and Reframe"":""Can you write down a cognitive distortion you’ve identified and reframe it into a more balanced thought?"",""🧠 Recognize Distortions"":""What are some common cognitive distortions you notice in your thoughts about cannabis?""}","[""What cognitive distortion do you most frequently engage in?""]",,,awareness,,,,,,,,
161,34,Identifying Cognitive Distortions 🌟,Better decisions making,"Hi _CLIENTNAME_! 🌟
 

 Today, let’s focus on identifying and reframing cognitive distortions in your thoughts about cannabis. Recognizing these distortions can help you think more clearly and make better decisions. 🧠
 

 **Here’s how:**
 

 1. **Recognize Distortions**: Identify common cognitive distortions in your thoughts about cannabis:
  - ⚫ **All-or-Nothing Thinking**: Viewing situations in black-and-white terms.
  - 📝 Example: ""I slipped up once, so I'm a total failure.""
  - 🔄 **Overgeneralization**: Making broad interpretations from a single event.
  - 📝 Example: ""I couldn’t resist today, so I’ll never be able to quit.""
  - 🚨 **Catastrophizing**: Expecting the worst possible outcome.
  - 📝 Example: ""If I don’t quit now, my life will be ruined.""
  - 🕵️ **Mental Filtering**: Focusing on the negatives and ignoring the positives.
  - 📝 Example: ""I had a craving today, ignoring the fact that I resisted yesterday.""
 

 2. **Label and Reframe**: Write down one cognitive distortion you notice and reframe it into a more balanced thought.
  - 🔄 Example: Reframe ""I’ll never be able to quit"" to ""I had a setback today, but I can learn from it and keep trying.""
 

 By identifying and reframing cognitive distortions, you can cultivate a healthier mindset and support your weed-free goals.",life,LO-Use-State,I want to moderate my use,"{""🧠 Common Cognitive Distortions"":""https://www.reddit.com/r/coolguides/comments/tecp7t/common_cognitive_distortions/"",""🤯 What are Cognitive Distortions?"":""https://www.youtube.com/watch?v=otFrNM7PnME"",""🧠 Cognitive Distortions and How to Correct Them"":""https://www.reddit.com/r/DecidingToBeBetter/comments/9d8j04/cognitive_distortions_and_how_to_correct_them/"",""😟 Common Cognitive Distortions That Feed Your Anxiety"":""https://www.reddit.com/r/Anxiety/comments/41ucq8/common_cognitive_distortions_that_feed_your/"",""🔍 I've identified the cognitive distortions... now what?"":""https://www.reddit.com/r/Stoicism/comments/14o4ne2/ive_identified_the_cognitive_distortions_now_what/"",""🧩 15 Styles of Distorted Thinking (Cognitive Distortions) | Psych2Go"":""https://www.youtube.com/watch?v=ZDVSMXiOSRQ""}","{""🚨 Catastrophizing"":""What steps can you take to reduce catastrophic thinking about your cannabis use?"",""🔄 Overgeneralization"":""How can you challenge an overgeneralization you’ve made about your ability to quit or moderate cannabis use?"",""✍️ Label and Reframe"":""Can you write down a cognitive distortion you’ve identified and reframe it into a more balanced thought?"",""🧠 Recognize Distortions"":""What are some common cognitive distortions you notice in your thoughts about cannabis?""}","[""What cognitive distortion do you most frequently engage in?""]",,,awareness,,,,,,,,
162,35,Gratitude Practice 😊,Shift Focus to the Positive,"**Shift Your Focus**: Psychologists Robert Emmons and Michael McCullough found that people who kept gratitude journals reported fewer physical ailments and felt better about their lives. Today, let’s use gratitude journaling to shift focus from cravings to positive aspects of life.
 

 **Here’s how:**
 

 📝 **Start Journaling:** Write down three things you’re grateful for each day.
  - 🌞 Example: It could be as simple as appreciating a sunny day, a good meal, or a supportive friend.
 

 By practicing gratitude, you can shift your focus to the positive aspects of life and enhance your overall well-being.",life,,,"{""🧘 How do you practice gratitude?"":""https://www.reddit.com/r/selfimprovement/comments/ohwlgo/how_do_you_practice_gratitude/"",""🙏 How do I train myself to become grateful?"":""https://www.reddit.com/r/Mindfulness/comments/qhimv8/how_do_i_train_myself_to_become_grateful/"",""😊 How to practice gratitude to improve your mental health"":""https://www.reddit.com/r/getdisciplined/comments/r5zxpb/how_to_practice_gratitude_to_improve_your_mental/"",""🙏 How Gratitude Can Change Your Life | Buddhism In English"":""https://www.youtube.com/watch?v=k3LXWRQ8V30"",""✨ PRACTICE GRATITUDE | Here is HOW TO DO IT - Dr. Joe Dispenza"":""https://www.youtube.com/watch?v=ZZ0cThanQ0w"",""🧠 NEUROSCIENTIST: Everyone Is Practising Gratitude Wrong! | Andrew Huberman"":""https://www.youtube.com/watch?v=ph1BuMRFJ88"",""📓 LPT: Practice gratitude journaling to improve your mental health and happiness"":""https://www.reddit.com/r/LifeProTips/comments/12la1sk/lpt_practice_gratitude_journaling_to_improve_your/"",""🌟 Two weeks ago I began practicing gratitude and it has helped my mental health tremendously"":""https://www.reddit.com/r/Mindfulness/comments/136qx84/two_weeks_ago_i_began_practicing_gratitude_and_it/""}","{""🌞 Daily Gratitude"":""How does appreciating simple things, like a sunny day or a good meal, impact your overall mood?"",""📝 Start Journaling"":""What are three things you're grateful for today?"",""📒 Gratitude Benefits"":""Can you share how keeping a gratitude journal has improved your physical and emotional well-being?"",""😊 Shift Focus to Positive"":""How can gratitude journaling help me feel better about my life and reduce cravings?""}","[""What three things fill your life with unexpected joy?""]",,,awareness,,,,,,,,
163,36,Strengths-Based Approach 💡,Leverage Your Strengths,"**Leverage Your Strengths**: Today, let’s identify and use your personal strengths to support your moderation goals. Focusing on what you’re naturally good at can boost your confidence and make your goals more achievable.
 

 **Here’s how:**
 

 1. **Identify Your Strengths:** Reflect on what you excel at or enjoy doing.
  - 🗂️ Example: Are you good at organizing, staying disciplined, or supporting others?
 

 2. **Apply Your Strengths:** Use these strengths to help achieve your moderation goals.
  - 📋 Example: If you’re good at organizing, create a detailed plan for your moderation journey.
 

 By leveraging your personal strengths, you can build a more effective and satisfying path toward achieving your goals.",life,LO-Use-State,I want to moderate my use,"{""💪 Leveraging your strengths seems to be more productive"":""https://www.reddit.com/r/productivity/comments/i0kbq2/leveraging_your_strengths_seems_to_be_more/"",""😄 Want to Bring Out The Best in People? Start With Strengths | Chris Wejr | TEDxLangleyED"":""https://www.youtube.com/watch?v=MtduVS9BSxw""}","{""📋 Apply Your Strengths"":""Can you help me create a detailed plan for my moderation journey using my strengths?"",""🔍 Strengths Reflection"":""How can reflecting on my strengths boost my confidence in achieving my goals?"",""🗂️ Identify Strengths"":""What are some methods to discover what I excel at or enjoy doing?"",""💡 Leverage Your Strengths"":""How can I identify and use my personal strengths to support my moderation goals?""}","[""How can your strengths aid your current personal goals?""]",,,awareness,,,,,,,,
164,36,Strengths-Based Approach 💡,Leverage Your Strengths,"**Leverage Your Strengths**: Today, let’s identify and use your personal strengths to support your moderation goals. Focusing on what you’re naturally good at can boost your confidence and make your goals more achievable.
 

 **Here’s how:**
 

 1. **Identify Your Strengths:** Reflect on what you excel at or enjoy doing.
  - 🗂️ Example: Are you good at organizing, staying disciplined, or supporting others?
 

 2. **Apply Your Strengths:** Use these strengths to help achieve your moderation goals.
  - 📋 Example: If you’re good at organizing, create a detailed plan for your moderation journey.
 

 By leveraging your personal strengths, you can build a more effective and satisfying path toward achieving your goals.",life,LO-Use-State,I want to stop entirely,"{""💪 Leveraging your strengths seems to be more productive"":""https://www.reddit.com/r/productivity/comments/i0kbq2/leveraging_your_strengths_seems_to_be_more/""}","{""📋 Apply Your Strengths"":""Can you help me create a detailed plan for my weed-free journey using my strengths?"",""🔍 Strengths Reflection"":""How can reflecting on my strengths boost my confidence in achieving my goals?"",""🗂️ Identify Strengths"":""What are some methods to discover what I excel at or enjoy doing?"",""💡 Leverage Your Strengths"":""How can I identify and use my personal strengths to support my weed-free goals?""}","[""How can your strengths aid your current personal goals?""]",,,awareness,,,,,,,,
165,37,Systems Archetypes 🌟,Identify and Overcome Patterns,"**Recognize Patterns**: Today, let’s identify systems archetypes that affect your progress and find strategies to address them. One example is the ""limits to growth"" archetype, where initial success can lead to new challenges.
 

 **Here’s how:**
 

 1. **🔍 Identify Systems Archetypes:** Reflect on patterns in your behavior that may limit your progress.
  - 📉 Example: Are there recurring obstacles that hinder your progress after initial success?
 

 2. **💡 Develop Strategies:** Find ways to address these limitations.
  - 🎯 Example: If you find initial progress leads to complacency, set incremental goals to maintain momentum.
 

 By recognizing and addressing these archetypes, you can develop strategies to overcome obstacles and sustain your progress toward your goals.",life,,,"{""🔍 Can someone explain the archetypes as simple as possible?"":""https://www.reddit.com/r/Jung/comments/q9qfnw/can_someone_explain_the_archetypes_as_simple_as/"",""🧘‍♂️ How to Overcome Compulsive Emotional Patterns? | Sadhguru Answers"":""https://www.youtube.com/watch?v=BYTB9JROgMI""}","{""💡 Develop Strategies"":""How can you set incremental goals to maintain momentum and avoid complacency?"",""🎯 Sustain Your Progress"":""What strategies can you implement to address limitations and sustain your progress toward your goals?"",""📉 Overcome Limits to Growth"":""Can you pinpoint any patterns that create new challenges after achieving initial success?"",""🔍 Identify Systems Archetypes"":""What recurring obstacles have you noticed that hinder your progress after initial success?""}","[""What recurring obstacles hinder your progress after initial success?""]",,,awareness,,,,,,,,
166,38,Iceberg Model 🌊,Understand Deep Motivations,"**Understand the Depths**: Today, let’s use the Iceberg Model to understand the underlying patterns and mental models driving your motivations. The Iceberg Model helps you look beyond surface behaviors to identify deeper systemic structures and beliefs.
 

 **Here’s how:**
 

 1. **Surface Level (Events):** Identify the visible behaviors or events.
  - 🌟 Example: Noticing a recurring urge to use cannabis when feeling stressed.
 

 2. **Patterns and Trends:** Look for patterns or trends over time.
  - 📈 Example: Observing that the urge to use cannabis often follows stressful workdays.
 

 3. **Underlying Structures:** Identify the systemic structures influencing these patterns.
  - 🏗️ Example: Recognizing that lack of stress management techniques contributes to these urges.
 

 4. **Mental Models:** Understand the mental models or beliefs driving the structures.
  - 💭 Example: Believing that cannabis is the only way to relieve stress.
 

 By using the Iceberg Model, you can uncover deeper motivations and make more informed changes to support your goals.",life,,,"{""📚 What books have given you useful mental models?"":""https://www.reddit.com/r/books/comments/m8177n/what_books_have_given_you_useful_mental_models/"",""🔄 What pattern are you repeating in your daily life?"":""https://www.reddit.com/r/DecidingToBeBetter/comments/16tgwpx/what_pattern_are_you_repeating_in_your_daily_life/"",""🧠 The psychology of self-motivation | Scott Geller | TEDxVirginiaTech"":""https://www.youtube.com/watch?v=7sxpKhIbr0E"",""🔥 WHAT IS YOUR WHY? - Best Motivational Speech Video (Featuring Eric Thomas)"":""https://www.youtube.com/watch?v=WO9FJpqTDk0""}","{""🧩 Identify Patterns"":""What patterns or trends do you notice in your behavior related to cannabis use, and what might they signify?"",""💭 Challenge Mental Models"":""What beliefs or mental models might be driving your use of cannabis, and how can you challenge them?"",""🌊 Explore Deep Motivations"":""How can I use the Iceberg Model to uncover the true motivations behind my cannabis use?"",""🏗️ Reveal Underlying Structures"":""What systemic structures or habits are influencing your cannabis use, and how can you address them?""}","[""What belief drives your recurring patterns or behaviors?""]",,,awareness,,,,,,,,
167,39,Understanding Your Why 🌟,Motivation Matters,"Hi _CLIENTNAME_! 🌟
 

 Today, let’s dive deep into understanding your motivations for your weed-free journey Knowing your 'why' will strengthen your resolve and keep you focused. 🌱
 

 **Here’s how:**
 

 1. **Reflect on Core Values:** Identify the deeper values driving your decision.
  - 🌿 Example: Health, family, personal growth.
 

 2. **Uncover Emotional Triggers:** Recognize the emotional reasons behind your goal.
  - 🧠 Example: Reducing anxiety, improving mood stability.
 

 3. **Visualize Your Future:** Envision the life you want without cannabis.
  - ✨ Example: Clear mind, stronger relationships, increased productivity.
 

 4. **Connect with Purpose:** Link your 'why' to your broader life purpose.
  - 🎯 Example: Achieving career goals, being a role model.
 

 By deeply understanding your 'why,' you’ll create a powerful foundation for your journey, making it easier to stay motivated and committed. 🌟🚀",life,LO-Use-State,I want to stop entirely,"{""🤔 Know Your Why | Michael Jr."":""https://www.youtube.com/watch?v=1ytFB8TrkTo"",""🔍 A QUICK Way to Find Your WHY | Simon Sinek"":""https://www.youtube.com/watch?v=e1iQjFMiLuE"",""🍃 People who smoked weed and stopped, why did you do it?"":""https://www.reddit.com/r/NoStupidQuestions/comments/15yr0n3/people_who_smoked_weed_and_stopped_why_did_you_do/""}","{""🌱 Focus on Your Goals"":""How can identifying my motivations me stay weed free?"",""🌟 Understanding Your Why"":""Can you describe your main motivations for staying weed-free?"",""💪 Strengthen Your Resolve"":""How does knowing your 'why' help reinforce your goals?"",""🔍 Dive Deep into Motivation"":""What personal reasons drive your commitment to staying weed-free?""}","[""What's the core reason behind your decision to moderate cannabis?""]",,,discovering_motivations,,,,,,,,
168,39,Understanding Your Why 🌟,Motivation Matters,"Hi _CLIENTNAME_! 🌟
 

 Today, let’s dive deep into understanding your motivations for your weed-free journey Knowing your 'why' will strengthen your resolve and keep you focused. 🌱
 

 **Here’s how:**
 

 1. **Reflect on Core Values:** Identify the deeper values driving your decision.
  - 🌿 Example: Health, family, personal growth.
 

 2. **Uncover Emotional Triggers:** Recognize the emotional reasons behind your goal.
  - 🧠 Example: Reducing anxiety, improving mood stability.
 

 3. **Visualize Your Future:** Envision the life you want without cannabis.
  - ✨ Example: Clear mind, stronger relationships, increased productivity.
 

 4. **Connect with Purpose:** Link your 'why' to your broader life purpose.
  - 🎯 Example: Achieving career goals, being a role model.
 

 By deeply understanding your 'why,' you’ll create a powerful foundation for your journey, making it easier to stay motivated and committed. 🌟🚀",life,LO-Use-State,I want to moderate my use,"{""🤔 Know Your Why | Michael Jr."":""https://www.youtube.com/watch?v=1ytFB8TrkTo"",""🔍 A QUICK Way to Find Your WHY | Simon Sinek"":""https://www.youtube.com/watch?v=e1iQjFMiLuE"",""🍃 People who smoked weed and stopped, why did you do it?"":""https://www.reddit.com/r/NoStupidQuestions/comments/15yr0n3/people_who_smoked_weed_and_stopped_why_did_you_do/""}","{""🌱 Focus on Your Goals"":""How can identifying your motivations help maintain your focus on moderation?"",""🌟 Understanding Your Why"":""Can you describe your main motivations for moderating cannabis use?"",""💪 Strengthen Your Resolve"":""How does knowing your 'why' help reinforce your goals?"",""🔍 Dive Deep into Motivation"":""What personal reasons drive your commitment to moderation?""}","[""What's the core reason behind your decision to moderate cannabis?""]",,,discovering_motivations,,,,,,,,
169,40,Benefits of Abstaining from Cannabis Use 🌿,Reflecting on Positive Impacts,"Hi _CLIENTNAME_! 🌟
 

 Today, we’re going to explore the benefits of abstaining from cannabis use entirely. Reflecting on the positive impacts you’ve already experienced and identifying the benefits you’re working towards can strengthen your motivation and keep you focused on your goals.
 

 **Here’s how:**
 

 1. **Reflect on Positive Changes**: Consider the benefits you’ve noticed since stopping your cannabis use.
  - 🛌 Example: Have you experienced improved sleep quality, enhanced cognitive function, or better physical fitness?
  - 🧠 Example: Do you feel reduced anxiety, increased mood stability, or improved emotional control?
  - 💼 Example: Are you more focused, creative, or productive?
 

 2. **Identify Future Goals**: Think about the benefits you want to see in the future.
  - 💞 Example: How would stronger connections and better communication with loved ones impact your life?
  - 💰 Example: What would you do with the savings from not consuming cannabis at all?
 

 By focusing on these positive changes and future goals, you can reinforce your commitment to a cannabis-free lifestyle and enjoy the benefits of your decision. 🚀",life,LO-Use-State,I want to stop entirely,"{""💵 Quitting Weed Made Me $10,000,000"":""https://www.youtube.com/watch?v=VBtfB9DhFFo"",""🚭 I stopped smoking weed and it's helped me"":""https://www.reddit.com/r/DecidingToBeBetter/comments/13d7aal/i_stopped_smoking_weed_and_its_helped_me/"",""🚫 I Quit Smoking Weed. How I Feel After 3 Months of Sobriety"":""https://www.youtube.com/watch?v=ACKYn6AYLH0"",""🎁 5 Gifts That Came From Quitting Weed (A Lot Happened In 365 Days)"":""https://www.youtube.com/watch?v=MET3Jfu-Zdo"",""🗓️ I quit smoking weed 6 months ago.. Here's what I've noticed so far"":""https://www.youtube.com/watch?v=pGoeG5aY3S0""}","{""💰 Financial Benefits"":""What would you do with the savings from not consuming cannabis at all?"",""🧠 Improved Mental Health"":""How has abstaining from cannabis affected your mood stability and emotional control?"",""💞 Future Relationship Goals"":""How would stronger connections and better communication with loved ones impact your life?"",""🌿 Reflect on Positive Changes"":""What benefits have you noticed since stopping your cannabis use?""}","[""What positive changes have you noticed since stopping cannabis use?""]",,,discovering_motivations,,,,,,,,
170,40,Benefits of Moderating Cannabis Use 🌿,Reflecting on Positive Impacts,"Hi _CLIENTNAME_! 🌟
 

 Today, we’re going to explore the benefits of moderating your cannabis use. Reflecting on the positive impacts you’ve already experienced and identifying the benefits you’re working towards can strengthen your motivation and keep you focused on your goals.
 

 **Here’s how:**
 

 1. **Reflect on Positive Changes**: Consider the benefits you’ve noticed since moderating your cannabis use.
  - 🛌 Example: Have you experienced improved sleep, enhanced cognitive function, or better physical fitness?
  - 🧠 Example: Do you feel reduced anxiety, increased mood stability, or improved emotional control?
  - 💼 Example: Are you more focused, creative, or productive?
 

 2. **Identify Future Goals**: Think about the benefits you want to see in the future.
  - 💞 Example: How would stronger connections and better communication with loved ones impact your life?
  - 💰 Example: What would you do with the savings from reduced cannabis consumption?",life,LO-Use-State,I want to moderate my use,"{""😆 Success with moderation:"":""https://www.reddit.com/r/Petioles/comments/17dmkf2/success_with_moderation/"",""🍃 Weed is soo much more better in moderation"":""https://www.reddit.com/r/Petioles/comments/au5f3i/weed_is_soo_much_more_better_in_moderation/"",""🤔 Can you moderate your consumption long term?"":""https://www.reddit.com/r/trees/comments/15f9cb9/can_you_moderate_your_consumption_long_term/"",""🙋‍♂️ Weed-Free 2019 vs Moderation 2018 (Clarity On My Choice)"":""https://www.youtube.com/watch?v=xLhOXo3o7dA""}","{""💞 Connection Goals"":""How would building stronger connections with loved ones benefit your life?"",""💰 Financial Savings"":""What would you do with the money saved from moderating your cannabis consumption?"",""🧠 Cognitive Benefits"":""How has your mental clarity or emotional stability improved with reduced cannabis use?"",""🌿 Positive Impacts Reflection"":""What positive changes have you noticed since moderating your cannabis use?""}","[""What benefits have you noticed since moderating your cannabis use?""]",,,discovering_motivations,,,,,,,,
171,41,Sharing Your Plans 🌟,Strengthen Your Commitment,"Hi _CLIENTNAME_! 🌟
 

 Today, let’s focus on sharing your plans! 🎉
 

 While sharing your goals can sometimes decrease your motivation, sharing well-thought-out plans can provide accountability and reinforce your intentions. This helps make your motivations feel more real and powerful.
 

 **Here’s how:**
 

 1. **Reflect on Your Plans**: Revisit the benefits and motivations you identified.
  - 🌿 Example: Improved health, better relationships, financial savings.
 

 2. **Share Thoughtfully**: Share your detailed plans with a trusted friend or family member.
  - 🗣️ Example: Explain why this change is important and how they can support you.
 

 By sharing your plans, you create a supportive environment that reinforces your commitment.",life,,,"{""🚫 Don't share your goals? Debunked!"":""https://www.reddit.com/r/productivity/comments/9nkem6/dont_share_your_goals_debunked/""}","{""📣 Share Your Plans"":""How can sharing my cannabis moderation plans with trusted friends enhance my commitment?"",""🤝 Thoughtful Sharing"":""How should I approach sharing my detailed plans to ensure I get the right support from others?"",""🔍 Reflect on Benefits"":""What are the key benefits of my cannabis moderation goals that I should reflect on and share?"",""🔗 Create Accountability"":""In what ways can I use accountability partnerships to reinforce my cannabis moderation intentions?""}","[""Who can you trust to share your plans with?""]",,,discovering_motivations,,,,,,,,
172,42,Force Field Analysis 🌟,Identify What Helps or Hinders,"**Weigh Your Options**: Today, let’s perform a force field analysis to identify the forces for and against your goal. This technique will help you understand the driving and restraining forces impacting your progress.
 

 **Here’s how:**
 

 1. **List Driving Forces:** Identify factors that support your goal.
  - 🏋️ Example: Improved health, increased productivity, and supportive friends.
 

 2. **List Restraining Forces:** Identify factors that hinder your goal.
  - 😓 Example: Social pressure, stress, and habits.
 

 3. **Develop Strategies:** Strengthen the drivers and weaken the restrainers.
  - 💡 Example: Strengthen drivers by joining a fitness group; weaken restrainers by developing stress management techniques.
 

 By understanding these forces, you can develop strategies to enhance the positive influences and mitigate the negative ones, making it easier to achieve your goals.",life,,,"{""👀 Force Fields"":""https://www.youtube.com/watch?v=HCe2H3AsHio"",""🛡️ Force Field Analysis"":""https://www.youtube.com/watch?v=Rwpp53uq1o8"",""🚀 What is your driving force that makes you stay disciplined?"":""https://www.reddit.com/r/getdisciplined/comments/1brzg0f/what_is_your_driving_force_that_makes_you_stay/""}","{""⚖️ Weigh Your Options"":""How can a force field analysis help me understand the factors influencing my goals?"",""💡 Strategy Development"":""Can you help me develop strategies to balance the driving and restraining forces for better progress?"",""🏋️ Enhance Driving Forces"":""What are the driving forces that support my goal, and how can I strengthen them?"",""😓 Identify Restraining Forces"":""What are the restraining forces hindering my goal, and how can I mitigate them?""}","[""What's currently your biggest driver or restrainer? Why?""]",,,finding_balance,,,,,,,,
173,43,Aristotle’s Golden Mean 🌟,Find Your Perfect Balance,"**Find Balance**: Today, let’s apply Aristotle’s Golden Mean to your cannabis use. This concept encourages finding a balanced middle ground between extremes.
 

 **Here’s how:**
 

 1. **🔍 Identify Excessive Behavior:** Recognize an area where your behavior might be excessive.
  - Example: Using cannabis every day.
 

 2. **📉 Identify Deficient Behavior:** Recognize an area where your behavior might be lacking.
  - Example: Not engaging in any stress-relief activities.
 

 3. **⚖️ Find the Middle Ground:** Balance the extremes to find a healthier approach.
  - Example: Reduce cannabis use to weekends and incorporate daily stress-relief activities like exercise or meditation.
 

 By identifying and balancing these extremes, you can create a more moderate and sustainable approach to your habits.",life,LO-Use-State,I want to moderate my use,"{""⚖️ Balance in self improvement"":""https://www.reddit.com/r/DecidingToBeBetter/comments/1cwxas9/balance_in_self_improvement"",""🧠 Arguments on Aristotle's Golden Mean"":""https://www.reddit.com/r/askphilosophy/comments/nafsbf/arguments_on_aristotles_golden_mean/"",""🌟 Method: The 9 Areas of a Balanced Life"":""https://www.reddit.com/r/getdisciplined/comments/2y2frt/method_the_9_areas_of_a_balanced_life/""}","{""🔄 Balance Extremes"":""Can you help me find a middle ground to create a balanced and sustainable approach to my habits?"",""⚖️ Find Your Balance"":""How can I apply Aristotle's Golden Mean to moderate my cannabis use?"",""🔍 Spot Excessive Behavior"":""What are some signs that my cannabis use might be excessive, and how can I address it?"",""📉 Address Deficient Habits"":""In what areas might I be lacking positive habits, and how can I incorporate them into my routine?""}","[""Which habit of yours needs a balanced middle ground?""]",,,finding_balance,,,,,,,,
174,43,Aristotle’s Golden Mean 🌟,Find Your Perfect Balance,"**Find Balance**: Today, let’s apply Aristotle’s Golden Mean to your cannabis use. This concept encourages finding a balanced middle ground between extremes.
 

 **Here’s how:**
 

 1. **🔍 Identify Excessive Behavior:** Recognize an area where your behavior might be excessive.
  - Example: Using cannabis every day.
 

 2. **📉 Identify Deficient Behavior:** Recognize an area where your behavior might be lacking.
  - Example: Not engaging in any stress-relief activities.
 

 3. **⚖️ Find the Middle Ground:** Balance the extremes to find a healthier approach.
  - Example: Reduce cannabis use to weekends and incorporate daily stress-relief activities like exercise or meditation.
 

 By identifying and balancing these extremes, you can create a more moderate and sustainable approach to your habits.",life,LO-Use-State,I want to stop entirely,"{""⚖️ Balance in self improvement"":""https://www.reddit.com/r/DecidingToBeBetter/comments/1cwxas9/balance_in_self_improvement"",""🧠 Arguments on Aristotle's Golden Mean"":""https://www.reddit.com/r/askphilosophy/comments/nafsbf/arguments_on_aristotles_golden_mean/"",""🌟 Method: The 9 Areas of a Balanced Life"":""https://www.reddit.com/r/getdisciplined/comments/2y2frt/method_the_9_areas_of_a_balanced_life/""}","{""🔄 Balance Extremes"":""Can you help me find a middle ground to create a balanced and sustainable approach to my habits?"",""⚖️ Find Your Balance"":""How can I apply Aristotle's Golden Mean to stay weed free?"",""🔍 Spot Excessive Behavior"":""What are some signs that my cannabis use might be excessive, and how can I address it?"",""📉 Address Deficient Habits"":""In what areas might I be lacking positive habits, and how can I incorporate them into my routine?""}","[""Which habit of yours needs a balanced middle ground?""]",,,finding_balance,,,,,,,,
175,44,Establishing Daily Routines for Stability ⚖️,"Reflect, Tweak, and Optimize","Hi _CLIENTNAME_! 🌟
 

 Today, we’ll focus on establishing and optimizing balanced daily routines that support your overall well-being. Consistent routines promote stability and help reinforce positive habits. ⚖️
 

 **Here’s how:**
 

 1. **Morning Routine**: Start your day with activities that set a positive tone.
  - 🧘 **Stretching**: Helps wake up your body and mind.
  - 🧘‍♂️ **Meditation**: Centers your thoughts and reduces stress.
  - 🍳 **Healthy Breakfast**: Fuels your body with essential nutrients.
 

 2. **Reflect on Your Routine**: Take time each day to assess how your routine makes you feel.
  - 📝 **Journal**: Note any feelings of stress, relaxation, or productivity.
 

 3. **Tweak and Optimize**: Adjust your routine based on your reflections.
  - 🔄 **Modify Activities**: Add or remove activities to improve balance.
  - 📆 **Time Adjustments**: Shift the timing of activities to better suit your needs.",life,,,"{""🌅 Morning Routine Ideas"":""https://www.reddit.com/r/productivity/comments/12zcdqw/morning_routine_ideas/"",""🗓️ What is a good daily routine to have?"":""https://www.reddit.com/r/CasualConversation/comments/u10dvg/what_is_a_good_daily_routine_to_have/"",""⛅️ The Optimal Morning Routine - Andrew Huberman"":""https://www.youtube.com/watch?v=gR_f-iwUGY4"",""🏡 What's your daily routine to maintain a simple life?"":""https://www.reddit.com/r/simpleliving/comments/1c9gvrn/whats_your_daily_routine_to_maintain_a_simple/"",""🧠 I finally understand the importance of a daily routine"":""https://www.reddit.com/r/CPTSDNextSteps/comments/10r2l01/i_finally_understand_the_importance_of_a_daily"",""🌞 my 7am productive morning routine: 8 habits to motivate you"":""https://www.youtube.com/watch?v=5Soj-hcqifc"",""🔬 I Tried Andrew Huberman's Morning Routine - [30 Days + Blood Tests]"":""https://www.youtube.com/watch?v=roK4g1e28mM"",""🔄 The Daily Routine That Changed My Life (4 Habits Most People Ignore)"":""https://www.youtube.com/watch?v=M6dhlz8hhe0"",""📈 What routines or habits do you personally find to be most productive?"":""https://www.reddit.com/r/productivity/comments/ypxjrs/what_routines_or_habits_do_you_personally_find_to/""}","{""🔄 Routine Tweaks"":""How can I identify and modify my daily activities to improve my routine?"",""🍳 Fuel for the Day"":""What are some quick and healthy breakfast ideas that can set a positive tone for my day?"",""📝 Reflect and Optimize"":""What are the benefits of journaling about my daily routine, and how should I start?"",""⚖️ Daily Stability Tips"":""How can I establish a morning routine that promotes stability and well-being?""}","[""What part of your daily routine feels most fulfilling? Why?""]",,,finding_balance,,,,,,,,
176,45,Meal Planning 🍽️,Fuel Your Body,"Hi _CLIENTNAME_! 🌟
 

 Today, let’s focus on meal planning. A balanced diet supports your overall well-being and helps you stay on track with your moderation goals. Plan nutritious meals to fuel your body and mind. 🥗
 

 **Here’s how:**
 

 1. **Plan Your Meals**: Create a weekly meal plan to ensure a balanced and nutritious diet.
  - 🥦 **Include Variety**: Incorporate a range of fruits, vegetables, lean proteins, and whole grains.
  - 💧 **Stay Hydrated**: Remember to drink plenty of water throughout the day.
 

 2. **Batch Cooking**: Prepare large quantities of meals in advance.
  - 🍲 **Example**: Cook a big batch of soup or chili and portion it out for the week.
 

 3. **Healthy Snacks**: Keep nutritious snacks on hand.
  - 🍎 **Examples**: Nuts, fruits, and yogurt are great options to keep you energized.
 

 4. **Create a Healthy Environment**: Ensure your home is stocked with healthy foods and free of unhealthy options.
  - 🛒 **Use a Shopping List**: Plan your grocery trips to buy only healthy foods. Avoid buying unhealthy snacks to reduce temptation.
 

 By planning your meals and creating a healthy environment, you won't have to rely on willpower alone to maintain a balanced diet.",life,LO-Use-State,I want to moderate my use,"{""🥗Meal Planning Changed My Life"":""https://www.youtube.com/watch?v=KTuGLVIWsMg"",""🥘 Need meal prep ideas please?"":""https://www.reddit.com/r/MealPrepSunday/comments/wwwe3k/need_meal_prep_ideas_please"",""🥗 What are your meal prep staples?"":""https://www.reddit.com/r/fitmeals/comments/8qce41/what_are_your_meal_prep_staples/"",""🍳 Meal prep for absolutely beginner"":""https://www.reddit.com/r/mealprep/comments/14ertpy/meal_prep_for_absolutely_beginner/"",""🥡 How to start meal prepping/planning?"":""https://www.reddit.com/r/EatCheapAndHealthy/comments/rwmljj/how_to_start_meal_preppingplanning/"",""🍽️ LPT: How to meal plan like a champ"":""https://www.reddit.com/r/LifeProTips/comments/5fxmbr/lpt_how_to_meal_plan_like_a_champ/"",""🍎How To Simplify Your Nutrition (Free Meal Plan)"":""https://www.youtube.com/watch?v=aADukThvjXQ"",""💰Cheap And Healthy Meals For The Week, Done In 1 Hour"":""https://www.youtube.com/watch?v=AYXfaVD5o40"",""📆How to Become a Meal Prep Pro this Year | The Beginner's Guide to Meal Prep"":""https://www.youtube.com/watch?v=NO-EbXMB4gc&t=28s"",""🛒CHEAP GROCERIES FOR THE WEEK + My Weekly Meal Plan & Tips for Produce Storage!"":""https://www.youtube.com/watch?v=JYoRv_-Pow8"",""👨‍👩‍👧‍👦*REALISTIC* EASY MEAL PLAN for BUSY FAMILY // BUDGET TIME & MONEY"":""https://www.youtube.com/watch?v=B7QEx_HeOiI""}","{""🍎 Healthy Snacking"":""Can you recommend some nutritious snacks that will keep me energized throughout the day?"",""🍽️ Plan Your Meals"":""How can I create a weekly meal plan that includes variety and supports my health goals?"",""🍲 Batch Cooking Benefits"":""What are some effective ways to incorporate batch cooking into my routine?"",""🛒 Smart Grocery Shopping"":""How can I use a shopping list to ensure I buy only healthy foods and avoid unhealthy options?""}","[""How can you make meal planning enjoyable for yourself?""]",,,finding_balance,,,,,,,,
177,45,Meal Planning 🍽️,Fuel Your Body,"Hi _CLIENTNAME_! 🌟
 

 Today, let’s focus on meal planning. A balanced diet supports your overall well-being and helps you stay on track with your moderation goals. Plan nutritious meals to fuel your body and mind. 🥗
 

 **Here’s how:**
 

 1. **Plan Your Meals**: Create a weekly meal plan to ensure a balanced and nutritious diet.
  - 🥦 **Include Variety**: Incorporate a range of fruits, vegetables, lean proteins, and whole grains.
  - 💧 **Stay Hydrated**: Remember to drink plenty of water throughout the day.
 

 2. **Batch Cooking**: Prepare large quantities of meals in advance.
  - 🍲 **Example**: Cook a big batch of soup or chili and portion it out for the week.
 

 3. **Healthy Snacks**: Keep nutritious snacks on hand.
  - 🍎 **Examples**: Nuts, fruits, and yogurt are great options to keep you energized.
 

 4. **Create a Healthy Environment**: Ensure your home is stocked with healthy foods and free of unhealthy options.
  - 🛒 **Use a Shopping List**: Plan your grocery trips to buy only healthy foods. Avoid buying unhealthy snacks to reduce temptation.
 

 By planning your meals and creating a healthy environment, you won't have to rely on willpower alone to maintain a balanced diet.",life,LO-Use-State,I want to stop entirely,"{""🍽️ LPT: How to meal plan like a champ"":""https://www.reddit.com/r/LifeProTips/comments/5fxmbr/lpt_how_to_meal_plan_like_a_champ/""}","{""🍎 Healthy Snacking"":""Can you recommend some nutritious snacks that will keep me energized throughout the day?"",""🍽️ Plan Your Meals"":""How can I create a weekly meal plan that includes variety and supports my health goals?"",""🍲 Batch Cooking Benefits"":""What are some effective ways to incorporate batch cooking into my routine?"",""🛒 Smart Grocery Shopping"":""How can I use a shopping list to ensure I buy only healthy foods and avoid unhealthy options?""}","[""How can you make meal planning enjoyable for yourself?""]",,,finding_balance,,,,,,,,
178,46,Embrace Simple Pleasures 🌟,Find Joy in Daily Moments,"**Embrace Simple Pleasures**: Today, let’s embrace Epicurus' idea of simple pleasures over indulgence. By focusing on simple, healthy pleasures, you can find satisfaction without overindulging in cannabis.
 

 **Here’s how:**
 

 1. **Identify Simple Pleasures:** List three simple, healthy pleasures to replace cannabis use.
  - 🌳 Example: Enjoying a walk in nature.
  - 🍲 Example: Savoring a home-cooked meal.
  - 📚 Example: Reading a good book or listening to music.
 

 2. **Incorporate These Pleasures:** Make time for these activities in your daily routine.
  - 🕒 Example: Schedule a daily walk, plan and cook your favorite healthy meals, and set aside time to read or listen to music.
 

 By embracing these simple pleasures, you can find fulfillment and joy in healthier ways, supporting your moderation goals.",life,LO-Use-State,I want to stop entirely,"{""🌸 It's the simple things in life..."":""https://www.reddit.com/r/simpleliving/comments/ifvw3a/its_the_simple_things_in_life/"",""🌱 How to enjoy simple things in life when you've"":""https://www.youtube.com/watch?v=XN0o_1nod4Q"",""🌻 What are the little/simple things in life that..."":""https://www.reddit.com/r/Positivity/comments/19f0yuu/what_are_the_littlesimple_things_in_life_that"",""🌼 How does one appreciate the simple things in life?"":""https://www.reddit.com/r/simpleliving/comments/gjj9od/how_does_one_appreciate_the_simple_things_in_life/"",""🌿 Some of the simple things in life that bring you..."":""https://www.reddit.com/r/simpleliving/comments/140qbmx/some_of_the_simple_things_in_life_that_bring_you/"",""🤔 Stoicism's archnemesis Epicurus wasn't your typical hedonist"":""https://www.reddit.com/r/philosophy/comments/zht3dx/stoicisms_archnemesis_epicurus_wasnt_your_typical/""}","{""🕒 Daily Routine Joy"":""How can you incorporate simple pleasures into your daily routine to support your weed-free goals?"",""🍲 Enjoy Healthy Moments"":""Can you list some simple, healthy meals to savor as an alternative to cannabis?"",""🌳 Embrace Simple Pleasures"":""What are three simple, healthy activities you can enjoy instead of using cannabis?"",""📚 Simple Pleasures in Practice"":""What are some ways you can replace cannabis use with activities like reading or listening to music?""}","[""What simple pleasure brings you unexpected joy daily?""]",,,finding_balance,,,,,,,,
179,46,Embrace Simple Pleasures 🌟,Find Joy in Daily Moments,"**Embrace Simple Pleasures**: Today, let’s embrace Epicurus' idea of simple pleasures over indulgence. By focusing on simple, healthy pleasures, you can find satisfaction without overindulging in cannabis.
 

 **Here’s how:**
 

 1. **Identify Simple Pleasures:** List three simple, healthy pleasures to replace cannabis use.
  - 🌳 Example: Enjoying a walk in nature.
  - 🍲 Example: Savoring a home-cooked meal.
  - 📚 Example: Reading a good book or listening to music.
 

 2. **Incorporate These Pleasures:** Make time for these activities in your daily routine.
  - 🕒 Example: Schedule a daily walk, plan and cook your favorite healthy meals, and set aside time to read or listen to music.
 

 By embracing these simple pleasures, you can find fulfillment and joy in healthier ways, supporting your moderation goals.",life,LO-Use-State,I want to moderate my use,"{""🌸 It's the simple things in life..."":""https://www.reddit.com/r/simpleliving/comments/ifvw3a/its_the_simple_things_in_life/"",""🌱 How to enjoy simple things in life when you've"":""https://www.youtube.com/watch?v=XN0o_1nod4Q"",""🌻 What are the little/simple things in life that..."":""https://www.reddit.com/r/Positivity/comments/19f0yuu/what_are_the_littlesimple_things_in_life_that"",""🌼 How does one appreciate the simple things in life?"":""https://www.reddit.com/r/simpleliving/comments/gjj9od/how_does_one_appreciate_the_simple_things_in_life/"",""🌿 Some of the simple things in life that bring you..."":""https://www.reddit.com/r/simpleliving/comments/140qbmx/some_of_the_simple_things_in_life_that_bring_you/"",""🤔 Stoicism's archnemesis Epicurus wasn't your typical hedonist"":""https://www.reddit.com/r/philosophy/comments/zht3dx/stoicisms_archnemesis_epicurus_wasnt_your_typical/""}","{""🕒 Daily Routine Joy"":""How can you incorporate simple pleasures into your daily routine to support your moderation goals?"",""🍲 Enjoy Healthy Moments"":""Can you list some simple, healthy meals to savor as an alternative to cannabis?"",""🌳 Embrace Simple Pleasures"":""What are three simple, healthy activities you can enjoy instead of using cannabis?"",""📚 Simple Pleasures in Practice"":""What are some ways you can replace cannabis use with activities like reading or listening to music?""}","[""What simple pleasure brings you unexpected joy daily?""]",,,finding_balance,,,,,,,,
180,47,Boost Your Day 🚀,Exercise for Energy,"Hi _CLIENTNAME_! 🌟
 

 Today, let’s incorporate physical activity into your daily routine. Regular exercise not only boosts mood and energy levels but also improves overall health and reduces stress. 💪
 

 **Here’s how:**
 

 1. **Morning Movement**: Start your day with light stretching or yoga to wake up your body.
  - 🧘 **Example**: Spend 10 minutes stretching or doing a simple yoga routine.
 

 2. **Daily Activity**: Schedule time for physical activity each day, even if it’s just a short walk.
  - 🚶 **Example**: Take a brisk 20-minute walk during lunch or after dinner.
 

 3. **Variety and Fun**: Choose activities you enjoy to make exercise fun and sustainable.
  - 🎾 **Example**: Try dancing, playing a sport, or joining a fitness class.
 

 4. **Environment Matters**: Create a space at home for exercise to reduce barriers.
  - 🏋️ **Example**: Set up a designated area with a mat and any equipment you need.
 

 Schedule your physical activities for the week, incorporating a mix of enjoyable exercises. Notice how these activities boost your energy and mood.",life,,,"{""⚡️8 Habits for (Almost) Limitless Energy"":""https://www.youtube.com/watch?v=iFtqudy39sA"",""💪 ELI5: How does exercise boost energy levels?"":""https://www.reddit.com/r/explainlikeimfive/comments/fgfy1p/eli5_how_does_exercise_boost_energy_levels/"",""🔋 When should I expect to get more energy from?"":""https://www.reddit.com/r/loseit/comments/tw8fix/when_should_i_expect_to_get_more_energy_from/"",""🌿3 Natural Ways to Boost Energy in Under 3 Minutes"":""https://www.youtube.com/watch?v=cfn-5RJDqVU"",""💪 Need Advice: How to Add Exercise Into Your Routine?"":""https://www.reddit.com/r/getdisciplined/comments/o08fj9/need_advice_how_to_add_exercise_into_your/"",""😊 Suggestions for exercises for energy & a happy brain?"":""https://www.reddit.com/r/xxfitness/comments/pslvju/suggestions_for_exercises_for_energy_a_happy_brain/"",""🏃‍♀️ What type of exercise helps to be more energetic?"":""https://www.reddit.com/r/xxfitness/comments/g4jaat/what_type_of_exercise_helps_to_be_more_energetic/"",""🔋Andrew Huberman reveals ways to optimize energy levels throughout the day."":""https://www.youtube.com/watch?v=y9Ohrcw5PnU""}","{""🏃 Morning Movement"":""How can I start my day with light stretching or yoga to boost my energy?"",""🚶 Daily Activity Plan"":""How can I effectively schedule daily physical activities, like walking, to improve my mood and energy?"",""🏋️ Home Exercise Space"":""What are some tips for creating a dedicated space at home for exercise to make it more convenient?"",""🎾 Fun Physical Activities"":""What are some enjoyable physical activities I can incorporate into my routine to stay motivated?""}","[""What physical activity brings you the most joy and why?""]",,,finding_balance,,,,,,,,
181,48,Discover New Activities 🏄‍♂️,Keep Your Routine Fun,"Hi _CLIENTNAME_! 🌟
 

 👴🛌☠️Imagine being on your deathbed and wishing you had lived more fully.
 

 In today's age, many are absorbed in an alternate internet reality, missing out on real-life experiences. Stepping out of your comfort zone and trying new activities can make life more vibrant and fulfilling.
 

 **Here’s how:**
 

 1. **Explore Yoga**: Enhance flexibility and mindfulness.
  - 🧘‍♀️ **Example**: Join a beginner’s yoga class or follow an online tutorial.
 

 2. **Dance for Fun**: Boost your mood and get moving.
  - 💃 **Example**: Take a dance class or have a dance session at home.
 

 3. **Go Hiking**: Connect with nature and get some fresh air.
  - 🥾 **Example**: Find a local trail and go for a hike.
 

 Trying new activities not only keeps your routine interesting but also promotes physical and mental health. Live fully and embrace the joy of new experiences.",life,,,"{""🔥 How To Find Your Passion"":""https://www.youtube.com/watch?v=6pgaJb2Wwhs"",""📚 13 Hobbies to Learn in 2024"":""https://www.youtube.com/watch?v=XbiVLEklaCc"",""🎨 Advice on new activities to try"":""https://www.reddit.com/r/CasualConversation/comments/y1v1gk/advice_on_new_activities_to_try/"",""🔍 50 Popular Hobbies to Start Today"":""https://www.youtube.com/watch?v=yW3ORzaRXt8"",""🤔 IWTL new ways to discover new hobbies"":""https://www.reddit.com/r/IWantToLearn/comments/fkzr7u/iwtl_new_ways_to_discover_new_hobbies/"",""🌱 IWTL a new hobby that's interesting so I stop"":""https://www.reddit.com/r/IWantToLearn/comments/nt49q2/iwtl_a_new_hobby_thats_interesting_so_i_stop/"",""🛠️ I need a new hobby, what do y'all do for fun?"":""https://www.reddit.com/r/CasualConversation/comments/17ihd5h/i_need_a_new_hobby_what_do_yall_do_for_fun/"",""📋 I'm making a list of 50 hobbies to make me try new"":""https://www.reddit.com/r/AskUK/comments/14nuiaz/im_making_a_list_of_50_hobbies_to_make_me_try_new"",""🧠 NEUROSCIENTIST: Make Your Life Exciting Again - DO THIS"":""https://www.youtube.com/watch?v=VJfguYW8AhM"",""🏋️‍♂️ What are some great physical, fun hobbies to pick up?"":""https://www.reddit.com/r/Fitness/comments/26h47h/what_are_some_great_physical_fun_hobbies_to_pick/""}","{""💃 Dance for Joy"":""How can I include dancing in my daily routine to boost my mood and stay active?"",""🌲 Hiking Adventures"":""What are some tips for finding and enjoying local hiking trails to connect with nature?"",""⛰️ Explore New Activities"":""How can I incorporate new and exciting activities into my routine to keep it fun and engaging?"",""🧘 Flexibility & Mindfulness"":""What are some beginner-friendly ways to start practicing yoga to enhance my flexibility and mindfulness?""}","[""What's one new activity you've always wanted to try?""]",,,finding_balance,,,,,,,,
182,49,Boost Your Creativity 🎨,Discover Your Creative Spark,"Hi _CLIENTNAME_! 🌟
 

 Today, let's explore different types of creativity and find what resonates with you. Engaging in creative pursuits can boost mental health, reduce stress, and enhance problem-solving skills. 🎨
 

 **Here’s how:**
 

 1. **Painting**: Express your emotions through colors and shapes.
  - 🎨 **Benefit**: Enhances emotional expression and relaxation.
  - 🖌️ **Explore**: Try watercolor, acrylics, or digital painting.
 

 2. **Writing**: Pen down your thoughts, stories, or poems.
  - 📝 **Benefit**: Improves cognitive function and emotional processing.
  - ✒️ **Explore**: Experiment with fiction, journaling, or poetry.
 

 3. **Playing an Instrument**: Create music and enjoy the rhythm.
  - 🎸 **Benefit**: Boosts mood, reduces stress, and enhances concentration.
  - 🎹 **Explore**: Learn guitar, piano, or try digital music production.
 

 4. **Crafting**: Engage in hands-on creativity like knitting, scrapbooking, or DIY projects.
  - ✂️ **Benefit**: Improves fine motor skills and provides a sense of accomplishment.
  - 🎨 **Explore**: Try making handmade gifts or home decor.
 

 5. **Photography**: Capture the world through your lens.
  - 📸 **Benefit**: Enhances observational skills and mindfulness.
  - 🌆 **Explore**: Experiment with different styles like portrait, landscape, or macro photography.
 

 Find the creative activity that excites you and incorporate it into your routine to stimulate your mind and brighten your day.",life,,,"{""💡 How to be more creative?"":""https://www.reddit.com/r/IWantToLearn/comments/9w7ou1/how_to_be_more_creative/"",""🧠 How does one become more creative?"":""https://www.reddit.com/r/selfimprovement/comments/ri1cth/how_does_one_become_more_creative/"",""✨ I want to learn how to be more creative"":""https://www.reddit.com/r/IWantToLearn/comments/f6waua/i_want_to_learn_how_to_be_more_creative/"",""🎨 What are some lesser known creative hobbies?"":""https://www.reddit.com/r/Hobbies/comments/17x20ht/what_are_some_lesser_known_creative_hobbies/"",""🎶 Rick Rubin Shares His Secrets for Creativity"":""https://www.youtube.com/watch?v=36L9cYkHyZM"",""🎨 What are some proven ways to increase creativity?"":""https://www.reddit.com/r/TrueAskReddit/comments/adjqmj/what_are_some_proven_ways_to_increase_creativity/"",""💡 You're not boring : How to awaken your creativity"":""https://www.youtube.com/watch?v=a4jpQ1dys-Q"",""🖌️ What do people do to improve their creativity?"":""https://www.reddit.com/r/graphic_design/comments/w560v0/what_do_people_do_to_improve_their_creativity/"",""🎨 A powerful way to unleash your natural creativity | Tim Harford"":""https://www.youtube.com/watch?v=yjYrxcGSWX4""}","{""✂️ Hands-On Crafting"":""What crafting activities can I try to enhance my fine motor skills and feel accomplished?"",""🎸 Musical Exploration"":""How can learning to play an instrument benefit my mental health and reduce stress?"",""📝 Writing for Wellness"":""What are some ways I can use writing to improve my emotional well-being?"",""🎨 Boost Your Creativity"":""How can I incorporate creative activities like painting into my daily routine?""}","[""What creative activity makes you feel most alive?""]",,,finding_balance,,,,,,,,
183,50,Overcoming Self-Improvement Burnout 🌟,"Stay Consistent, Stay Balanced","Hi _CLIENTNAME_! 🌟
 

 Sticking with your habits long-term is incredibly powerful, but it's natural to feel burnout over time. Consistency is key, but sustainability is just as important.
 

 **Here’s how:**
 

 1. **Check-In Regularly**: Evaluate your habits and how you’re feeling about them.
  - 🧠 **Example**: Are you feeling overwhelmed or exhausted? Note these feelings.
 

 2. **Balance and Moderation**: Avoid being too extreme with your goals.
  - ⚖️ **Example**: Scale back if necessary and focus on maintaining a sustainable pace.
 

 3. **Variety is Vital**: Mix up your routine to keep things interesting.
  - 🌈 **Example**: Try new activities or alter your schedule slightly to prevent monotony.
 

 4. **Set Realistic Goals**: Ensure your goals are achievable and not too demanding.
  - 🎯 **Example**: Break down large goals into smaller, manageable tasks.
 

 5. **Reward Yourself**: Celebrate small victories to stay motivated.
  - 🏆 **Example**: Treat yourself after reaching a milestone.
 

 Consistency over time is powerful, but it’s important to adjust and find a sustainable balance to avoid burnout.",life,LO-Use-State,I want to moderate my use,"{""🔥 Burnout: How Did You Manage It?"":""https://www.youtube.com/watch?v=Hn765WpVNJc"",""🤔 I'm Heavily Leaning Towards Quitting"":""https://www.reddit.com/r/selfimprovement/comments/qmpl9n/im_heavily_leaning_towards_quitting/"",""🔋 For Those Falling Off Self Improvement"":""https://www.youtube.com/watch?v=jnGn6uJPcpw"",""😓 Trying to live a balanced life is burning me out"":""https://www.reddit.com/r/simpleliving/comments/zfp1wu/trying_to_live_a_balanced_life_is_burning_me_out/"",""💡 Need Advice: How Do I Prevent Burnout from Self-Care?"":""https://www.reddit.com/r/getdisciplined/comments/twv6xx/need_advice_how_do_i_prevent_burnout_from_selfcare""}","{""🌈 Embrace Variety"":""How can I incorporate variety into my routine to keep things interesting and prevent burnout?"",""🎯 Realistic Goals"":""Can you help me break down large goals into smaller, manageable tasks to stay consistent?"",""🧠 Regular Check-Ins"":""How can I effectively evaluate my habits and feelings to avoid burnout?"",""⚖️ Balance & Moderation"":""What strategies can I use to maintain balance and avoid being too extreme with my goals?""}","[""How do you balance consistency with avoiding burnout in your life?""]",,,finding_balance,,,,,,,,
184,50,Overcoming Self-Improvement Burnout 🌟,"Stay Consistent, Stay Balanced","Hi _CLIENTNAME_! 🌟
 

 Sticking with your habits long-term is incredibly powerful, but it's natural to feel burnout over time. Consistency is key, but sustainability is just as important.
 

 **Here’s how:**
 

 1. **Check-In Regularly**: Evaluate your habits and how you’re feeling about them.
  - 🧠 **Example**: Are you feeling overwhelmed or exhausted? Note these feelings.
 

 2. **Balance and Moderation**: Avoid being too extreme with your goals.
  - ⚖️ **Example**: Scale back if necessary and focus on maintaining a sustainable pace.
 

 3. **Variety is Vital**: Mix up your routine to keep things interesting.
  - 🌈 **Example**: Try new activities or alter your schedule slightly to prevent monotony.
 

 4. **Set Realistic Goals**: Ensure your goals are achievable and not too demanding.
  - 🎯 **Example**: Break down large goals into smaller, manageable tasks.
 

 5. **Reward Yourself**: Celebrate small victories to stay motivated.
  - 🏆 **Example**: Treat yourself after reaching a milestone.
 

 Consistency over time is powerful, but it’s important to adjust and find a sustainable balance to avoid burnout.",life,LO-Use-State,I want to stop entirely,"{""🔥 Burnout: How Did You Manage It?"":""https://www.youtube.com/watch?v=Hn765WpVNJc"",""🤔 I'm Heavily Leaning Towards Quitting"":""https://www.reddit.com/r/selfimprovement/comments/qmpl9n/im_heavily_leaning_towards_quitting/"",""🔋 For Those Falling Off Self Improvement"":""https://www.youtube.com/watch?v=jnGn6uJPcpw"",""😓 Trying to live a balanced life is burning me out"":""https://www.reddit.com/r/simpleliving/comments/zfp1wu/trying_to_live_a_balanced_life_is_burning_me_out/"",""💡 Need Advice: How Do I Prevent Burnout from Self-Care?"":""https://www.reddit.com/r/getdisciplined/comments/twv6xx/need_advice_how_do_i_prevent_burnout_from_selfcare""}","{""🌈 Embrace Variety"":""How can I incorporate variety into my routine to keep things interesting and prevent burnout?"",""🎯 Realistic Goals"":""Can you help me break down large goals into smaller, manageable tasks to stay consistent?"",""🧠 Regular Check-Ins"":""How can I effectively evaluate my habits and feelings to avoid burnout?"",""⚖️ Balance While Weed Free"":""What strategies can I use to maintain balance and avoid being too extreme with my goals of being weed-free?""}","[""How do you balance consistency with avoiding burnout in your life?""]",,,finding_balance,,,,,,,,
185,51,Walking the Middle Way 🧘‍♂️,Find Your Balance,"**Practice Balance**: Today, let’s embrace the Buddhist Middle Way, which avoids extremes of self-indulgence and self-denial. This approach helps you find a balanced and sustainable path.
 

 **Here’s how:**
 

 1. **🔍 Identify Extremes:** Recognize an area where you tend to go to extremes.
  - Example: Completely avoiding social situations that involve cannabis.
 

 2. **⚖️ Find a Balanced Approach:** Develop a plan to maintain balance in this area.
  - Example: Attend social events but find ways to participate without feeling pressured to use cannabis.
 

 3. **📝 Write Down Your Plan:** Document your strategy to maintain this balance.
  - Example: “I will go to social gatherings but bring a non-cannabis drink and engage in activities that don’t involve cannabis use.”
 

 By practicing the Middle Way, you can avoid the pitfalls of both excess and deprivation, leading to a more balanced and fulfilling life.",life,,,"{""🧩 How to practice the Middle Way"":""https://www.reddit.com/r/Buddhism/comments/1aqcivd/how_to_practice_the_middle_way"",""🧘 What is the Middle Way? | Robert Thurman"":""https://www.youtube.com/watch?v=4fkZ_hj8zNY"",""🕊️ The Middle Way | Ajahn Brahm | 11-06-2010"":""https://www.youtube.com/watch?v=ZS3QRq7hnfM"",""🔄 Does the Middle Way apply to all cases of duality?"":""https://www.reddit.com/r/Buddhism/comments/txigpo/does_the_middle_way_apply_to_all_cases_of_duality/"",""🧐 Give me the best definition of Middle Way in short"":""https://www.reddit.com/r/theravada/comments/1akqa2b/give_me_the_best_definition_of_middle_way_in_short/"",""🌟 Hey guys, can I ask why is it called The Middle Way?"":""https://www.reddit.com/r/Buddhism/comments/xhbhkm/hey_guys_can_i_ask_why_is_it_called_the_middle/"",""🧘‍♂️ What is the Middle Way and how do we live it?"":""https://www.reddit.com/r/Buddhism/comments/4nj13d/what_is_the_middle_way_and_how_do_we_live_it/"",""🌌 Are all things empty? - Nagarjuna & The Buddhist Middle Way"":""https://www.youtube.com/watch?v=gWZ-OnmKl70""}","{""⚖️ Find Balance"":""Can you help me develop a balanced plan for social situations involving cannabis?"",""🔍 Identify Extremes"":""What are some areas in my life where I might be going to extremes?"",""📝 Document Your Strategy"":""What should I include in my plan to maintain balance in cannabis-related social events?"",""🧘‍♂️ Embrace Balance"":""How can I practice the Middle Way in my approach to cannabis moderation?""}","[""What's one area in your life that needs more balance?""]",,,finding_balance,,,,,,,,
186,52,Endocannabinoid System 🌿,Learn How to Balance Mood,"**Understand Your Body**: Today, let’s learn about the endocannabinoid system (ECS) and its role in mood regulation and stress response. The ECS helps maintain balance in the body and influences various physiological processes, including mood, stress, and appetite.
 

 **Here’s how:**
 

 1. **Research the ECS:** Understand how the endocannabinoid system works and its importance.
  - Example: The ECS includes receptors (CB1 and CB2), endocannabinoids, and enzymes that help regulate mood and stress.
 

 2. **Support the ECS Naturally:** Implement activities that support the ECS into your daily routine.
  - Example: Exercise, proper nutrition, and stress management techniques can enhance ECS function.
  - 🏃‍♂️ **Exercise:** Activities like running and yoga can boost endocannabinoid levels, improving mood and reducing stress.
  - 🥗 **Nutrition:** Foods rich in omega-3 fatty acids, like fish and flaxseeds, support endocannabinoid production.
  - 🧘‍♀️ **Stress Management:** Practices like meditation and deep breathing can help regulate the ECS.
 

 3. **Note Changes:** Monitor any changes in your mood and stress levels after incorporating these activities.
  - Example: Keep a journal to track improvements in your overall well-being.
 

 By understanding and supporting your endocannabinoid system, you can enhance your mood regulation and stress response, leading to a healthier and more balanced life.",life,,,"{""🌿 Cannabis and the Endocannabinoid System"":""https://www.youtube.com/watch?v=AYNTEB1X5Kg&t=46s"",""🤔 What is the original purpose of cannabinoid?"":""https://www.reddit.com/r/explainlikeimfive/comments/14f2yyy/eli5_what_is_the_original_purpose_of_cannabinoid/"",""🧬 Does the human body actually have receptors?"":""https://www.reddit.com/r/askscience/comments/xytmhk/does_the_human_body_actually_have_receptors/"",""💨 ELI5: What exactly happens to you when you smoke?"":""https://www.reddit.com/r/explainlikeimfive/comments/rz1egk/eli5_what_exactly_happens_to_you_when_you_smoke/"",""🌿 Cannabinoid receptors: what are they actually for?"":""https://www.reddit.com/r/askscience/comments/yzedl/cannabinoid_receptors_what_are_they_actually_for/"",""🧬 How Marijuana Affects the Brain & Body | Dr. Andrew Huberman"":""https://www.youtube.com/watch?v=UCbqfBAhmPY"",""🧠 Marijuana Effects on the Brain, the Goods and the Bads, Animation."":""https://www.youtube.com/watch?v=r2_skiJAHsQ"",""🧩 Demystifying the endocannabinoid system. | Ruth Ross | TEDxMississauga"":""https://www.youtube.com/watch?v=8GsmTFytBYI&t=12s""}","{""📓 Track Mood Changes"":""How can I effectively monitor changes in my mood and stress levels while supporting my ECS?"",""🔍 Discover ECS Basics"":""Can you explain the function of the endocannabinoid system and its role in mood regulation?"",""🌿 Balance Mood with ECS"":""How can I support my endocannabinoid system to improve mood and stress management?"",""🏃‍♂️ Natural ECS Support"":""What are some natural ways to enhance the function of my endocannabinoid system?""}","[""How do you actively support your body's balance and mood?""]",,,finding_balance,,,,,,,,
187,53,Feedback Loops 🌟,Unlock Your Hidden Patterns,"**Understand Behavior Patterns**: Today, let’s identify positive and negative feedback loops in your behavior. Feedback loops help us understand how certain actions lead to outcomes that reinforce our motivations.
 

 **Here’s how:**
 

 1. **🔍 Identify Feedback Loops:** Recognize patterns in your behavior that lead to positive or negative outcomes.
  - Example: Positive feedback loop—Exercising regularly leads to improved mood, which motivates you to keep exercising.
  - Example: Negative feedback loop—Using cannabis to cope with stress leads to increased stress when not using it, reinforcing the cycle.
 

 2. **🗺️ Map Out the Loops:** Visualize how your actions lead to outcomes that reinforce your motivations.
  - Example: Draw a diagram showing how regular exercise leads to a positive feedback loop of better mood and increased motivation.
 

 3. **🔧 Modify Actions:** Develop strategies to strengthen positive loops and weaken negative ones.
  - Example: To strengthen a positive loop, set a consistent exercise schedule. To weaken a negative loop, find alternative stress-relief activities like meditation or journaling.
 

 By understanding and mapping out these feedback loops, you can develop more effective strategies to support your goals and create lasting positive change in your behavior.",life,,,"{""🌀 The Amazing Feedback Loop for Motivation"":""https://www.reddit.com/r/productivity/comments/hy7kxd/the_amazing_feedback_loop_for_motivation/"",""🧠 Help Recalling Yourself from Negative Feedback"":""https://www.reddit.com/r/Mindfulness/comments/vuy399/help_recalling_yourself_from_negative_feedback/"",""💪 Method Compounding is Powerful, Tighten Your Discipline"":""https://www.reddit.com/r/getdisciplined/comments/qvg2y1/method_compounding_is_powerful_tighten_your/""}","{""🔍 Identify Your Loops"":""How can I recognize feedback loops in my behavior that lead to positive or negative outcomes?"",""🗺️ Map Your Patterns"":""Can you help me visualize how my actions create feedback loops that reinforce my motivations?"",""🛠️ Weaken Negative Loops"":""How can I develop strategies to weaken negative feedback loops and create lasting positive change?"",""🔧 Strengthen Positive Loops"":""What strategies can I use to strengthen positive feedback loops in my life?""}","[""What’s one feedback loop affecting your daily life?""]",,,growth,,,,,,,,
188,54,Assess Your Work-Life Balance ⚖️,Align with Your Priorities,"Hi _CLIENTNAME_! 🌟
 

 Today, let’s assess your work-life balance. Remember, work-life balance isn't about equal time for both, but ensuring your time aligns with your values and priorities. 🧘‍♂️
 

 **Here’s how:**
 

 1. **Evaluate Your Schedule**: Look at how your time is currently divided.
  - 📅 **Example**: Are you spending most of your time working and neglecting personal time?
 

 2. **Set Priorities**: Align your activities with what’s most important to you.
  - 🎯 **Example**: Identify your top priorities, such as health, family, and personal growth.
 

 3. **Make Adjustments**: Ensure your schedule reflects your priorities.
  - 🛌 **Example**: Allocate specific times for relaxation and personal activities to avoid burnout.
 

 4. **Create Boundaries**: Establish clear boundaries between work and personal time.
  - 🚫 **Example**: Avoid checking work emails during personal time to maintain a healthy separation.
 

 **Quote**: ""Work-life balance is not about having equal time for both, but ensuring that your time aligns with your values and priorities."" – Unknown
 

 By understanding and adjusting your work-life balance, you can create a more fulfilling and sustainable lifestyle.",life,,,"{""🧘 What's a job with a great work-life balance?"":""https://www.reddit.com/r/careerguidance/comments/17ri24r/whats_a_job_with_a_great_worklife_balance/"",""🇺🇸 How is work-life-balance perceived in the US?"":""https://www.reddit.com/r/AskAnAmerican/comments/11rxk5e/how_is_worklifebalance_perceived_in_the_us"",""⚖️ Work life balance - is there ever truly balance?"":""https://www.reddit.com/r/Adulting/comments/13q15if/work_life_balance_is_there_ever_truly_balance/""}","{""🎯 Set Priorities"":""What steps can I take to align my daily activities with my top priorities?"",""🛌 Make Adjustments"":""How can I adjust my schedule to better reflect my personal priorities?"",""🚫 Create Boundaries"":""What strategies can I use to establish clear boundaries between work and personal time?"",""⚖️ Assess Your Balance"":""How can I evaluate my current work-life balance to see if it aligns with my values?""}","[""What priority needs more time in your schedule?""]",,,growth,,,,,,,,
189,55,Strengthen Your Relationships 🤝,Quality Time with Loved Ones,"Hi _CLIENTNAME_! 🌟
 

 Today, let’s focus on your relationships. Are you spending quality time with loved ones? Strong social connections are vital for well-being. Research suggests that hearing your mother's voice can reduce stress. When young girls spoke to their moms in person or by phone, oxytocin increased and cortisol decreased. Texting did not provide the same benefits. 🤝
 

 **Here’s how:**
 

 1. **Schedule Quality Time**: Plan regular catch-ups with friends or family this week.
  - 📞 **Example**: Call a loved one for a meaningful conversation.
  
 2. **Be Present**: Ensure you are fully present during these interactions.
  - 📵 **Example**: Put away your phone to focus on the conversation.
 

 By prioritizing quality time with loved ones, you can enhance your emotional well-being and strengthen your relationships.",life,,,"{""🌞 Checking on your friends"":""https://www.reddit.com/r/lifehacks/comments/lxxhz0/checking_on_your_friends/"",""🌟 Check in on those around you"":""https://www.reddit.com/r/JustGuysBeingDudes/comments/1aupw0l/check_in_on_those_around_you/"",""🌈 LPT: Check on the people who take care of you"":""https://www.reddit.com/r/LifeProTips/comments/106c8uo/lpt_check_on_the_people_who_take_care_of_you/"",""🌟 This is how I make strong, healthy friendships"":""https://www.reddit.com/r/socialskills/comments/jwn02q/this_is_how_i_make_strong_healthy_friendships/"",""❤️ 100 People Call Someone to Say 'I Love You.' | Cut"":""https://www.youtube.com/watch?v=gcZ1gzFSSNE""}","{""📵 Be Present"":""What strategies can I use to ensure I am fully present during interactions with friends and family?"",""📞 Call for Connection"":""How does talking to a loved one on the phone differ from texting in terms of emotional impact?"",""💬 Meaningful Conversations"":""Can you suggest ways to make conversations with loved ones more meaningful and engaging?"",""🤝 Strengthen Relationships"":""How can I schedule more quality time with my loved ones this week?""}","[""Who do you need to spend more quality time with?""]",,,growth,,,,,,,,
190,56,Evaluate Your Health 🌟,Identify and Strengthen Weak Spots,"Hi _CLIENTNAME_! 🌟
 

 Today, let’s evaluate your health. Are you maintaining a balanced diet and regular exercise routine? Identifying weak spots in your health habits can help you make targeted improvements. 🥗🏋️‍♂️
 

 **Here’s how:**
 

 1. **Assess Your Diet**: Are you eating a variety of nutrient-rich foods?
  - 🍎 **Example**: Add more fruits, vegetables, and whole grains to your meals.
 

 2. **Review Your Exercise Routine**: Are you getting enough physical activity?
  - 🏃 **Example**: Incorporate a 30-minute daily workout into your routine.
 

 3. **Identify Weak Spots**: Look for areas that need improvement.
  - 🔍 **Example**: Are you missing out on sleep or feeling consistently stressed?
 

 By evaluating and strengthening these weak spots, you can enhance your overall health and well-being.",life,,,"{""📏 How would you measure health?"":""https://www.reddit.com/r/AskReddit/comments/s4keyt/how_would_you_measure_health/"",""🏥 25 METHODS TO CHECK YOUR HEALTH IN 5 MINUTES"":""https://www.youtube.com/watch?v=oADvv-j2J2k"",""🤔 How will I know when I'm physically healthy?"":""https://www.reddit.com/r/nutrition/comments/gv7ncz/how_will_i_know_when_im_physically_healthy/"",""🍏 What are some easy and reliable general health tips?"":""https://www.reddit.com/r/longevity/comments/8r6fiv/what_are_some_easy_and_reliable_general_health/"",""🌿 16 WAYS TO CHECK YOUR HEALTH AT HOME AND CURE NATURALLY"":""https://www.youtube.com/watch?v=fQXz8vQcLsQ"",""🩺 HOW HEALTHY ARE YOU? Know your HEALTH SCORE at Home in 10 Minute | By GunjanShouts"":""https://www.youtube.com/watch?v=vz3Jpf0UtGo"",""🥗 What's one single change that you made that had the biggest impact on your nutrition?"":""https://www.reddit.com/r/nutrition/comments/1bpvmj7/whats_one_single_change_that_you_made_that/""}","{""🍎 Assess Your Diet"":""How can I incorporate more nutrient-rich foods into my daily meals?"",""🔍 Identify Weak Spots"":""What are some common areas of health that people often overlook, and how can I address them?"",""💪 Strengthen Health Habits"":""Can you suggest ways to improve my sleep and reduce stress for better well-being?"",""🏃 Review Your Exercise Routine"":""What types of exercises can I add to ensure a balanced workout regimen?""}","[""What weak spots in your health need the most attention?""]",,,growth,,,,,,,,
191,57,Reflect and Balance ⚖️,Evaluate Your Life,"Hi _CLIENTNAME_! 🌟
 

 Today, let’s reflect on all areas of your life. Are you maintaining a balance between work, relationships, health, and leisure? 🌟
 

 **Here’s how:**
 

 1. **Work**: Assess your workload and stress levels.
  - 🖋️ **Example**: Are you overworking or feeling burnt out? Consider setting boundaries.
 

 2. **Relationships**: Evaluate the quality of your connections.
  - 💞 **Example**: Are you spending enough quality time with loved ones?
 

 3. **Health**: Look at your physical and mental well-being.
  - 🏋️ **Example**: Are you prioritizing exercise and mental health practices?
 

 4. **Leisure**: Ensure you have time for relaxation and hobbies.
  - 🎨 **Example**: Are you making time for activities that bring you joy?
 

 ⭐️✍️ Write down your reflections on each area and identify specific changes you can make to improve balance.
 

 **Quote**: ""Balance is not something you find, it's something you create."" – Jana Kingsford",life,,,"{""😓 Can't seem to find balance in my life"":""https://www.reddit.com/r/Adulting/comments/117s70n/cant_seem_to_find_balance_in_my_life/"",""⚖️ How Do I Find Balance In My Life? | by Jay Shetty"":""https://www.youtube.com/watch?v=BziToidh7Tw"",""🧘‍♂️ LPT Request: How do you balance 9-5 work, a social life, and physical health?"":""https://www.reddit.com/r/LifeProTips/comments/129wl7w/lpt_request_how_do_you_balance_95_work_a_social/""}","{""🔄 Automate Good Habits"":""Can you help me identify ways to automate good decisions in my daily routine?"",""👀 Visual Cues for Success"":""What are some effective visual cues I can use to encourage positive habits?"",""🛑 Reduce Bad Habit Friction"":""How can I make it harder to engage in unwanted habits by adjusting my environment?"",""🏡 Environment Over Willpower"":""How can I change my surroundings to better support my cannabis moderation goals?""}","[""How do you define success in your everyday life?""]",,,growth,,,,,,,,
192,58,Understanding Stressors 🌟,Build Mental Resilience,"Hi _CLIENTNAME_! 🌟
 

 Today, we’ll focus on building mental resilience. Strengthening your mind will help you navigate challenges and stay committed to your goals. 💪
 

 **Here’s how:**
 

 ⭐️✍️ Make a list of things that cause you stress. Understanding your stressors is the first step to managing them effectively. Consider these types:
 

 - 🧠 **Emotional Stressors**: Personal relationships, grief, and self-esteem issues.
 - 🌍 **Environmental Stressors**: Noise, pollution, and cluttered spaces.
 - 💼 **Work Stressors**: Deadlines, workload, and job security.
 - 🛌 **Physical Stressors**: Illness, lack of sleep, and poor nutrition.
 

 By identifying these stressors, you can develop strategies to manage them better.
 

 **Quote**: ""You can’t always control what goes on outside, but you can always control what goes on inside."" – Wayne Dyer",life,,,"{""😌 How can I identify stress?"":""https://www.reddit.com/r/Mindfulness/comments/18atrdo/how_can_i_identify_stress/"",""🧘 Managing Stress: Good for Your Health"":""https://www.youtube.com/watch?v=15GaKTP0gFE"",""🧘 IWTL: How to deal with multiple stressors and..."":""https://www.reddit.com/r/IWantToLearn/comments/uqxzp6/iwtl_how_to_deal_with_multiple_stressors_and/"",""📈 Need your help: What actually works for you to..."":""https://www.reddit.com/r/GetMotivated/comments/19ex4hi/need_your_help_what_actually_works_for_you_to/"",""😌 Stressed people of Reddit, what really helps you?"":""https://www.reddit.com/r/AskReddit/comments/7fqycq/stressed_people_of_reddit_what_really_helps_you/"",""🧠 I am Lynn Bufka, Ph.D., a psychologist and expert on..."":""https://www.reddit.com/r/IAmA/comments/2ag72f/i_am_lynn_bufka_phd_a_psychologist_and_expert_on/"",""🧠 How to protect your brain from stress | Niki Korteweg | TEDxAmsterdamWomen"":""https://www.youtube.com/watch?v=Nz9eAaXRzGg"",""😱 How stress is killing us (and how you can stop it). | Thijs Launspach | TEDxUniversiteitVanAmsterdam"":""https://www.youtube.com/watch?v=NyyPZJrDfkM""}","{""🛌 Physical Health"":""How can you improve your physical well-being to better manage stress?"",""🧠 Identify Stressors"":""What are the main emotional stressors in your life, and how can you start to manage them?"",""🌍 Environmental Factors"":""How does your physical environment contribute to your stress, and what changes can you make to improve it?"",""💼 Work Stress Solutions"":""What are some practical steps you can take to reduce stress related to your job?""}","[""Which stressor impacts you the most and why?""]",,,growth,,,,,,,,
193,59,Embrace Mindfulness 🧘,Stay Calm and Focused,"Hi _CLIENTNAME_! 🌟
 

 Incorporating mindfulness exercises into your routine can significantly enhance your mental well-being. Mindfulness helps reduce stress, improve focus, and boost emotional health. 🧘
 

 **Here’s how:**
 

 1. **Choose an Exercise**: Pick a mindfulness exercise like meditation, deep breathing, or mindful walking.
  - 🧘‍♂️ **Example**: Spend 10 minutes practicing deep breathing to calm your mind.
  - 🚶 **Example**: Go for a mindful walk, paying attention to each step and breath.
 

 2. **Practice Regularly**: Make mindfulness a daily habit to experience its full benefits.
 

 **Quote**: ""Mindfulness is a way of befriending ourselves and our experience."" – Jon Kabat-Zinn",life,,,"{""😩 Being Present and Mindful is Exhausting"":""https://www.reddit.com/r/Meditation/comments/6kbtnf/being_present_and_mindful_is_exhausting/"",""🧘‍♂️ How do you stay mindful in stressful times?"":""https://www.reddit.com/r/Mindfulness/comments/ut54zv/how_do_you_stay_mindful_in_stressful_times/"",""🧘 Mindful Meditation Explained for People Who Don’t Meditate"":""https://www.reddit.com/r/Meditation/comments/gtkd1u/mindful_meditation_explained_for_people_who_dont/"",""🗣️ I’m a Psychotherapist, Ask Me Anything About Psychotherapy"":""https://www.reddit.com/r/IAmA/comments/gk7y2p/im_a_psychotherapist_ask_me_anything_about/"",""🧩 Mindfulness How: Practice Being Mindful | DBT Skills from Experts"":""https://www.youtube.com/watch?v=7CBfCW67xT8"",""🌱 Self-Transformation Through Mindfulness | Dr. David Vago | TEDxNashville"":""https://www.youtube.com/watch?v=wTBSGgbIvsY"",""🌀 What if Your Mind is Too Active That You Can’t Do Mindfulness Meditation?"":""https://www.reddit.com/r/Meditation/comments/u391fz/what_if_your_mind_is_too_active_that_you_cant_do/"",""🤔 Is it Possible to Get So Good at Being Mindful That You Don’t Need to Meditate?"":""https://www.reddit.com/r/Meditation/comments/ruz8yy/is_it_possible_to_get_so_good_at_being_mindful/"",""🧘‍♂️ How Meditation Works & Science-Based Effective Meditations | Huberman Lab Podcast #96"":""https://www.youtube.com/watch?v=oYdrMpnE93s"",""🧠 How mindfulness changes the emotional life of our brains | Richard J. Davidson | TEDxSanFrancisco"":""https://www.youtube.com/watch?v=1nP5oedmzkM""}","{""🚶 Mindful Walking"":""What are the benefits of mindful walking, and how can I make it a part of my routine?"",""🧘 Embrace Mindfulness"":""How can I incorporate mindfulness exercises into my daily routine to enhance my well-being?"",""🌟 Daily Mindfulness Habit"":""What strategies can I use to make mindfulness a consistent part of my daily life?"",""🧘‍♂️ Deep Breathing Benefits"":""How can practicing deep breathing for 10 minutes daily help calm my mind and reduce stress?""}","[""How does mindfulness transform your reaction to daily stressors?""]",,,growth,,,,,,,,
194,60,Healthy Coping Strategies 💪,Manage Stress Effectively,"Hi _CLIENTNAME_! 🌟
 

 Today, we’ll focus on developing healthy coping strategies to help you manage stress effectively. 💪
 

 **Here’s how:**
 

 1. **Exercise**: Physical activity can reduce stress and improve mood.
  - 🏋️ **Example**: Go for a run, take a yoga class, or do a home workout.
 

 2. **Journaling**: Writing down your thoughts can provide clarity and reduce anxiety.
  - 📓 **Example**: Spend a few minutes each day journaling about your feelings.
 

 3. **Social Support**: Talking to a friend or family member can offer emotional support.
  - 🗣️ **Example**: Share your experiences and feelings with someone you trust.
 

 ⭐️✍️ Try a new coping strategy like exercise, journaling, or talking to a friend to see what works best for you.",life,,,"{""🌈 Coping with Stress"":""https://www.youtube.com/watch?v=TK5KOXLT15g"",""📚 How do y'all cope with stress?"":""https://www.reddit.com/r/LawSchool/comments/18doj46/how_do_yall_cope_with_stress/"",""😰 How do you manage stress and anxiety?"":""https://www.reddit.com/r/productivity/comments/j4k3x7/how_do_you_manage_stress_and_anxiety/"",""💡 How to Manage Stress | Nuffield Health"":""https://www.youtube.com/watch?v=rukcQcZ1NYE"",""😓 I feel like I can't handle stress like a normal"":""https://www.reddit.com/r/selfimprovement/comments/to9iik/i_feel_like_i_cant_handle_stress_like_a_normal/"",""🧘 IWTL: How to effectively handle stress and manage"":""https://www.reddit.com/r/IWantToLearn/comments/jb9j1r/iwtl_how_to_effectively_handle_stress_and_manage"",""🛠️ Are there any life hacks for when u r extremely lazy?"":""https://www.reddit.com/r/lifehacks/comments/13za4de/are_there_any_life_hacks_for_when_u_r_extremely/"",""🧘 3-Minute Stress Management: Reduce Stress With This Short Activity"":""https://www.youtube.com/watch?v=grfXR6FAsI8""}","{""⭐️ Try New Strategies"":""How can experimenting with different coping strategies help me find what works best for managing stress?"",""📓 Journaling for Clarity"":""Can you suggest some effective journaling techniques to reduce anxiety?"",""💪 Healthy Coping Strategies"":""How can I incorporate exercise into my routine to manage stress better?"",""🗣️ Social Support Network"":""What are some ways to build a stronger support network for emotional well-being?""}","[""Which coping strategy has helped you most in stressful times?""]",,,growth,,,,,,,,
195,61,Cognitive Restructuring 🌟,Reframe Negative Thoughts,"**Reframe Your Thoughts**: Today, let’s practice cognitive restructuring by changing negative thoughts about cannabis into balanced ones. This technique helps you challenge and change unhelpful thinking patterns.
 

 **Here’s how:**
 

 1. **🔍 Identify Negative Thoughts:** Recognize a negative thought related to cannabis use.
  - Example: ""I need cannabis to relax.""
 

 2. **❓ Challenge the Thought:** Question the validity of the negative thought.
  - Example: Ask yourself, ""Is cannabis the only way I can relax?""
 

 3. **🔄 Reframe It:** Replace the negative thought with a balanced, positive one.
  - Example: Change ""I need cannabis to relax"" to ""I can relax through other means like reading, meditating, or taking a walk.""
 

 By practicing cognitive restructuring, you can develop healthier thought patterns and find alternative ways to achieve your goals.",life,,,"{""🔍 Reframe Unhelpful Thoughts"":""https://www.reddit.com/r/Mindfulness/comments/17mwfng/how_do_we_reframe_our_selfnegative_talks/"",""🧘‍♂️ 17/30 How to Process Emotions"":""https://www.youtube.com/watch?v=iB_1jluDbpU"",""🧠 Cognitive Distortions and How to Correct Them"":""https://www.reddit.com/r/DecidingToBeBetter/comments/9d8j04/cognitive_distortions_and_how_to_correct_them/"",""💡 LPT Request: What are some ways in which you..."":""https://www.reddit.com/r/LifeProTips/comments/2j8yif/lpt_request_what_are_some_ways_in_which_you/"",""🧠 For those who use to have negative thoughts all"":""https://www.reddit.com/r/CBT/comments/1ap9blc/how_should_i_reframe_cognitive_distortions_if_i/"",""🔄 How should I reframe cognitive distortions if I?"":""https://www.reddit.com/r/Mindfulness/comments/vtsb55/how_can_i_control_my_negative_thoughts_its/"",""🧘‍♀️ How do we reframe our self-negative talks?"":""https://www.reddit.com/r/Mindfulness/comments/17intee/for_those_who_use_to_have_negative_thoughts_all/"",""🛑 6 Ways To Stop Negative Thoughts (Negative Thinking)"":""https://www.youtube.com/watch?v=tfkhkFwCtxs"",""🔄 Reframe Your Negative Thoughts: Change How You See the World"":""https://www.youtube.com/watch?v=nsOKrCVs6WM"",""🧠 Identifying and Reframing Negative Thoughts | Athletes Connected"":""https://www.youtube.com/watch?v=DmxAIrr1LZc""}","{""❓ Challenge the Thought"":""What are some effective ways to question and challenge the validity of my negative thoughts?"",""🔄 Reframe Your Thinking"":""How can I reframe negative thoughts about cannabis into balanced, positive ones?"",""🌟 Healthier Thought Patterns"":""Can you guide me through developing healthier thought patterns regarding my cannabis use?"",""🔍 Identify Negative Thoughts"":""How can I recognize and pinpoint negative thoughts related to my cannabis use?""}","[""What's another way you can achieve relaxation without cannabis?""]",,,growth,,,,,,,,
196,62,Overcoming Triggers,Build Resilience Now,"**Build Resilience**: Today, let’s practice Exposure and Response Prevention (ERP) by gradually exposing yourself to cannabis triggers without using it. This technique helps you manage and reduce the power of these triggers over time.
 

 **Here’s how:**
 

 1. 🕵️ **Identify Triggers:** Recognize situations that trigger the urge to use cannabis.
  - Example: Being around friends who smoke or feeling stressed after work.
 

 2. 🌱 **Start Small:** Begin with a minor trigger and gradually work your way up.
  - Example: Spend time in a place where you used to smoke, but without using cannabis.
 

 3. 📓 **Note Your Response:** Observe your reactions and the strategies you use to cope.
  - Example: Notice if deep breathing or distraction helps manage your urge.
 

 4. 📈 **Build Up Gradually:** Increase the intensity of exposure over time.
  - Example: Progress to being around friends who smoke, but practice your coping strategies.
 

 By gradually exposing yourself to triggers and managing your responses, you can reduce their power and build resilience.",life,,,"{""🍃 My urge to smoke weed has vanished"":""https://www.reddit.com/r/CasualConversation/comments/1brrgpa/my_urge_to_smoke_weed_has_vanished/"",""🍃 How do I get past the urge to smoke weed & drink?"":""https://www.reddit.com/r/NoStupidQuestions/comments/1c3ielt/how_do_i_get_past_the_urge_to_smoke_weed_drink/""}","{""🌱 Start Small"":""How can you begin exposing yourself to minor triggers and what are your first steps?"",""🔍 Identify Triggers"":""What situations commonly trigger your urge to use cannabis, and how can you prepare to face them?"",""📈 Build Up Gradually"":""How can you increase the intensity of your exposure to cannabis triggers over time to build resilience?"",""📓 Note Your Response"":""Can you track your reactions to triggers and evaluate which coping strategies work best for you?""}","[""What minor trigger can you face today to build resilience?""]",,,growth,,,,,,,,
197,63,Growth Mindset 🌱,Embrace Challenges,"**Opportunities to Grow**: Today, let’s embrace the growth mindset by viewing weed-free challenges as opportunities to grow. This mindset encourages learning from difficulties and seeing them as steps toward improvement.
 

 **Here’s how:**
 

 1. ✅ **Identify a Recent Challenge:** Reflect on a recent challenge related to staying weed-free.
  - Example: Struggling to resist using cannabis at a social event.
 

 2. 📚 **List What You Learned:** Note the lessons you gained from this experience.
  - Example: Learned the importance of having a plan for social situations, realized the value of supportive friends, or discovered new coping strategies like deep breathing or stepping outside for a break.
 

 By viewing challenges as opportunities to grow, you can develop resilience and continuously improve your approach to staying weed-free.",life,LO-Use-State,I want to stop entirely,"{""🤔Growth Mindset vs. Fixed Mindset"":""https://www.youtube.com/watch?v=KUWn_TJTrnU"",""🌱 Develop a Growth Mindset (Advice)"":""https://www.reddit.com/r/getdisciplined/comments/14ewstd/develop_a_growth_mindset_advice/"",""💪The Most Powerful Mindset for Success"":""https://www.youtube.com/watch?v=qjBdcyueom8"",""🧠 Intro to Developing a Growth Mindset"":""https://www.reddit.com/r/HubermanLab/comments/15eefa9/intro_to_developing_a_growth_mindset"",""🧠FIXED Mindset vs. GROWTH Mindset - Mike Rashid"":""https://www.youtube.com/watch?v=571aZRAn9hI"",""🌟 Has anyone actually switched from a fixed to a growth mindset?"":""https://www.reddit.com/r/selfimprovement/comments/q6v945/has_anyone_actually_switched_from_a_fixed_to_a/"",""🌱 [Advice] The Growth Mindset: Why You Should Urgently Develop One"":""https://www.reddit.com/r/getdisciplined/comments/f5x2oa/advice_the_growth_mindset_why_you_should_urgently/"",""🚀How to Enhance Performance & Learning by Applying a Growth Mindset"":""https://www.youtube.com/watch?v=aQDOU3hPci0"",""💪 Method adults that have actually developed a disciplined lifestyle?"":""https://www.reddit.com/r/getdisciplined/comments/14jkxho/method_adults_that_have_actually_developed_a/""}","{""✅ Reflect on Challenges"":""Can you help me identify a recent challenge and the lessons learned from it?"",""🌱 Growth Opportunities"":""How can I view my recent challenges as opportunities for growth?"",""📚 Learn from Experiences"":""What are some key lessons I can take away from my recent difficulties in staying weed-free?"",""🧠 Embrace Growth Mindset"":""How can adopting a growth mindset help me improve my approach to staying weed-free?""}","[""What recent challenge helped you discover something new about yourself?""]",,,growth,,,,,,,,
198,63,Growth Mindset 🌱,Embrace Challenges,"**Opportunities to Grow**: Today, let’s embrace the growth mindset by viewing weed-free challenges as opportunities to grow. This mindset encourages learning from difficulties and seeing them as steps toward improvement.
 

 **Here’s how:**
 

 1. ✅ **Identify a Recent Challenge:** Reflect on a recent challenge related to staying weed-free.
  - Example: Struggling to resist using cannabis at a social event.
 

 2. 📚 **List What You Learned:** Note the lessons you gained from this experience.
  - Example: Learned the importance of having a plan for social situations, realized the value of supportive friends, or discovered new coping strategies like deep breathing or stepping outside for a break.
 

 By viewing challenges as opportunities to grow, you can develop resilience and continuously improve your approach to staying weed-free.",life,LO-Use-State,I want to moderate my use,"{""🤔Growth Mindset vs. Fixed Mindset"":""https://www.youtube.com/watch?v=KUWn_TJTrnU"",""🌱 Develop a Growth Mindset (Advice)"":""https://www.reddit.com/r/getdisciplined/comments/14ewstd/develop_a_growth_mindset_advice/"",""💪The Most Powerful Mindset for Success"":""https://www.youtube.com/watch?v=qjBdcyueom8"",""🧠 Intro to Developing a Growth Mindset"":""https://www.reddit.com/r/HubermanLab/comments/15eefa9/intro_to_developing_a_growth_mindset"",""🧠FIXED Mindset vs. GROWTH Mindset - Mike Rashid"":""https://www.youtube.com/watch?v=571aZRAn9hI"",""🌟 Has anyone actually switched from a fixed to a growth mindset?"":""https://www.reddit.com/r/selfimprovement/comments/q6v945/has_anyone_actually_switched_from_a_fixed_to_a/"",""🌱 [Advice] The Growth Mindset: Why You Should Urgently Develop One"":""https://www.reddit.com/r/getdisciplined/comments/f5x2oa/advice_the_growth_mindset_why_you_should_urgently/"",""🚀How to Enhance Performance & Learning by Applying a Growth Mindset"":""https://www.youtube.com/watch?v=aQDOU3hPci0"",""💪 Method adults that have actually developed a disciplined lifestyle?"":""https://www.reddit.com/r/getdisciplined/comments/14jkxho/method_adults_that_have_actually_developed_a/""}","{""✅ Reflect on Challenges"":""Can you help me identify a recent challenge and the lessons learned from it?"",""🌱 Growth Opportunities"":""How can I view my recent moderation challenges as opportunities for growth?"",""📚 Learn from Experiences"":""What are some key lessons I can take away from my recent difficulties in moderation?"",""🧠 Embrace Growth Mindset"":""How can adopting a growth mindset help me improve my approach to cannabis moderation?""}","[""What recent challenge helped you discover something new about yourself?""]",,,growth,,,,,,,,
199,64,Elevate Your Life 🌟,PERMA Model,"**Enhance Well-Being**: Today, let’s apply Seligman's PERMA model (Positive Emotion, Engagement, Relationships, Meaning, Accomplishment) to enhance your well-being without cannabis. This model helps you focus on key areas that contribute to a fulfilling life.
 

 **Here’s how:**
 

 1. **Positive Emotion:** Cultivate positive emotions through activities you enjoy.
  - 🌳 Example: Practice gratitude journaling or spend time in nature.
 

 2. **Engagement:** Find activities that fully absorb your attention and make you lose track of time.
  - 🎨 Example: Engage in hobbies like painting, reading, or playing a musical instrument.
 

 3. **Relationships:** Strengthen your connections with others.
  - 👨‍👩‍👧‍👦 Example: Spend quality time with family and friends, or join a club or group with similar interests.
 

 4. **Meaning:** Pursue activities that give your life purpose and meaning.
  - ❤️ Example: Volunteer for a cause you care about or explore personal passions.
 

 5. **Accomplishment:** Set and achieve goals to build a sense of accomplishment.
  - 🏆 Example: Start with small, manageable goals and gradually take on bigger challenges.
 

 By focusing on these five areas, you can enhance your overall well-being and create a fulfilling life without relying on cannabis.",life,,,"{""🤔 So what is PERMA anyway?"":""https://www.reddit.com/r/WellbeingHypnotherapy/comments/11hc71x/so_what_is_perma_anyway/"",""😊 A New Way to Look at Life Satisfaction - PERMA"":""https://www.reddit.com/r/fatFIRE/comments/rdfm2h/a_new_way_to_look_at_life_satisfaction_perma/"",""📚Martin Seligman 'Flourishing - a new understanding of wellbeing' at Happiness & Its Causes 2012"":""https://www.youtube.com/watch?v=mnI1ZUgFPlM""}","{""❤️ Pursue Meaning"":""Can you identify activities or causes that give your life more meaning and purpose?"",""🎨 Total Engagement"":""What hobbies or activities make you lose track of time and feel fully absorbed?"",""🌟 Positive Emotions"":""How can I incorporate more activities that cultivate positive emotions into my daily routine?"",""👨‍👩‍👧‍👦 Strengthen Relationships"":""What are some ways to deepen your connections with family and friends?""}","[""Which part of the PERMA model do you neglect most? Why?""]",,,growth,,,,,,,,
200,65,Neuroplasticity 🧠,Rewire Your Brain,"**Rewire Your Brain**: Today, let’s understand neuroplasticity and how forming new habits can rewire your brain. Neuroplasticity is the brain's ability to reorganize itself by forming new neural connections throughout life.
 

 **Here’s how:**
 

 1. 🧩 **Understand Neuroplasticity:** Your brain can change and adapt through repeated behaviors.
  - Example: Repeating a new habit strengthens the neural pathways involved.
 

 2. 🌱 **Form New Habits:** Implement small, consistent changes to create new neural connections.
  - Example: Replace using cannabis with short, daily workouts to build a healthier habit.
 

 3. ⏳ **Practice Consistency:** Be patient and persistent with your new habits.
  - Example: Over time, new behaviors will feel natural as your brain adapts.
 

 By leveraging neuroplasticity, you can rewire your brain to support healthier habits and achieve your goals.",life,,,"{""🔬 What supplements can I use for neuroplasticity?"":""https://www.reddit.com/r/Biohackers/comments/x3ep1a/what_supplements_can_i_use_for_neuroplasticity/"",""🧠 Neuroplasticity: The Art of Rewiring Your Brain"":""https://www.reddit.com/r/selfimprovement/comments/nuemam/neuroplasticity_the_art_of_rewiring_your_brain/"",""🌀 Discover How to Rewire Your Brain with Neuroplasticity"":""https://www.youtube.com/watch?v=gOJL3gjc8ak"",""🧠 IWTL: How to utilize neuroplasticity to form new habits"":""https://www.youtube.com/watch?v=L0H0G-aWB1o"",""💡 Advice: It is absolutely life changing to learn to say no"":""https://www.reddit.com/r/IWantToLearn/comments/ebk9y3/iwtl_how_to_utilize_neuroplasticity_to_form_new/"",""🔄 How To Rewire Your Brain Effectively | Neuroplasticity | Dr. Joe Dispenza"":""https://www.youtube.com/watch?v=bbLP-as1ABk&t=225s""}","{""🌱 Form New Habits"":""What small, consistent changes can I make to build new neural connections?"",""🧠 Rewire Your Brain"":""How can understanding neuroplasticity help me develop healthier habits?"",""⏳ Practice Consistency"":""Why is patience and persistence important when forming new habits?"",""🧩 Understand Neuroplasticity"":""Can you explain how repeated behaviors strengthen neural pathways?""}","[""What small, consistent change could positively transform your daily life?""]",,,growth,,,,,,,,
201,66,Dopamine Regulation 🧠,Balance Your Brain,"**Balance Your Brain**: Today, let’s learn about dopamine's role in addiction and how to naturally regulate it through healthy activities. Dopamine is a neurotransmitter that plays a key role in reward and pleasure, often linked to addiction.
 

 **Here’s how:**
 

 1. **Understand Dopamine:** Recognize how dopamine influences addiction.
  - Example: Dopamine spikes with cannabis use create a cycle of seeking pleasure and reward, leading to dependence.
 

 2. **Regulate Naturally:** Engage in healthy activities to balance dopamine levels.
  - 🏋️‍♂️ Example: Exercise boosts dopamine production, improving mood and reducing cravings.
  - 🥑 Example: Healthy eating, particularly foods rich in tyrosine (like almonds and avocados), supports dopamine production.
  - 🧘‍♀️ Example: Meditation and mindfulness can help stabilize dopamine levels and enhance well-being.
 

 By learning about dopamine and practicing healthy activities, you can regulate its levels naturally, reducing reliance on substances and improving overall mental health.",life,,,"{""🌿 Using Weed for Dopamine"":""https://www.reddit.com/r/leaves/comments/19egi9r/using_weed_for_dopamine/"",""🎯 Advice: Balancing dopamine"":""https://www.reddit.com/r/getdisciplined/comments/n4l661/advicebalancing_dopamine/"",""📈 How to Increase Dopamine Base Line"":""https://www.reddit.com/r/HubermanLab/comments/13kxa44/how_to_increase_dopamine_base_line/"",""🚀 Practical advice on controlling dopamine"":""https://www.reddit.com/r/HubermanLab/comments/1cjtyin/practical_advice_on_controlling_dopamine/"",""🧠 Ways to Increase Your Dopamine Naturally"":""https://www.reddit.com/r/HubermanLab/comments/13d4ok5/ways_to_increase_your_dopamine_naturally/"",""💡 What are everyone's best tips for boosting?"":""https://www.reddit.com/r/ADHDUK/comments/1750zsk/what_are_everyones_best_tips_for_boosting/"",""🔒 [Method] The dopamine trap and how to escape it"":""https://www.reddit.com/r/getdisciplined/comments/12ikk5a/method_the_dopamine_trap_and_how_to_escape_it"",""🔄 How To Reprogram Your Dopamine To Crave Hard Work"":""https://www.youtube.com/watch?v=8GUNhGRlQDU"",""🚀 [Method] What finally made it click: Dopamine Control"":""https://www.reddit.com/r/getdisciplined/comments/qajv29/method_what_finally_made_it_click_dopamine_control/"",""🧠 Tips for Regulating Dopamine with Andrew Huberman | The Proof clips EP 205"":""https://www.youtube.com/watch?v=7OgmCikx754"",""⚖️ Return To A Baseline Of Dopamine Release - Jocko Willink & Andrew Huberman"":""https://www.youtube.com/watch?v=1WZwzy9rCDk"",""🔍 Misunderstanding dopamine: Why the language of addiction matters | Cyrus McCandless | TEDxPortsmouth"":""https://www.youtube.com/watch?v=aqXmOb_fuN4""}","{""🧠 Balance Your Brain:"":""How does dopamine influence addiction and what are some natural ways to regulate it?"",""🥑 Healthy Eating for Balance:"":""How can incorporating tyrosine-rich foods into my diet support dopamine regulation?"",""🧘‍♀️ Mindfulness Practices:"":""What mindfulness techniques can I use to stabilize dopamine levels and improve my well-being?"",""🏋️‍♂️ Exercise for Dopamine"":""What types of exercise can help boost dopamine production and reduce cravings?""}","[""What healthy activity helps you feel naturally rewarded?""]",,,growth,,,,,,,,
202,67,Reward System 🌟,Healthier Rewards Today,"**Create Healthier Rewards**: Today, let’s explore the brain's reward system and how to create new, healthier reward pathways. The brain's reward system is responsible for releasing dopamine when we engage in pleasurable activities, which reinforces those behaviors.
 

 **Here’s how:**
 

 1. **Understand the Reward System:** Recognize how your brain's reward system works.
  - 📈 Example: Activities that release dopamine, such as eating, social interactions, and exercise, reinforce those behaviors.
 

 2. **Create Healthier Rewards:** Replace unhealthy rewards with healthier alternatives.
  - 🥗 Example: Instead of using cannabis, find immediate gratifications like enjoying a favorite healthy snack or engaging in a fun hobby.
 

 3. **Incorporate New Rewards:** Implement these healthier rewards into your routine.
  - 🍕 Example: A study found that offering pizza as a reward was more effective in motivating employees than cash bonuses. This shows the power of immediate, tangible rewards.
 

 By understanding and leveraging your brain's reward system, you can create new, healthier reward pathways that support your goals and overall well-being.",life,,,"{""🎁What reward systems do you use?"":""https://www.reddit.com/r/productivity/comments/6euyd0/what_reward_systems_do_you_use/"",""🎯 How To Reward Yourself For Meeting Goals"":""https://www.youtube.com/watch?v=47qnZunlt3s"",""🧠 Marijuana use dampens brain's response to reward"":""https://www.reddit.com/r/science/comments/4ro3t3/marijuana_use_dampens_brains_response_to_reward/"",""💪 The Power of Rewarding Yourself - Andrew Huberman"":""https://www.youtube.com/watch?v=IGjO20EbRKk"",""💸Treat yourself, but how? Low/no-cost treats for..."":""https://www.reddit.com/r/bujo/comments/my40zj/treat_yourself_but_how_lownocost_treats_for/"",""❓Why reward system doesn’t works for me? Need advice"":""https://www.reddit.com/r/getdisciplined/comments/zd28xt/why_reward_system_doesnt_works_for_meneedadvice/"",""🧠 Hacking Your Brain’s “Reward System” to Change Habits"":""https://www.youtube.com/watch?v=WQ40hNdZmfQ""}","{""🍕 New Reward Ideas"":""How can I incorporate new, effective rewards into my routine to motivate positive behavior changes?"",""🌟 Healthier Rewards Today"":""How can I replace unhealthy rewards with healthier alternatives in my daily routine?"",""📈 Understand Reward System"":""Can you explain how my brain's reward system works and how it can be leveraged for better habits?"",""🥗 Create Healthier Rewards"":""What are some immediate gratifications I can use to replace cannabis consumption?""}","[""What healthy rewards genuinely make you feel fulfilled?""]",,,growth,,,,,,,,
203,68,Understanding Stress 🧠,Neuroscience and Coping,"**Manage Stress**: Today, let’s understand the neuroscience of stress and how it affects your cannabis use. Stress can significantly impact your behavior and choices, including the tendency to use cannabis as a coping mechanism.
 

 **Here’s how:**
 

 1. **🧠 Understand Stress and the Brain:** Learn how stress affects your brain and behavior.
  - Example: Stress triggers the release of cortisol, which can disrupt the balance of neurotransmitters like dopamine, making you seek out relief through cannabis.
 

 2. **💪 Recognize Physical Symptoms:** Acknowledge how stress manifests in your body.
  - Example: A survey found that 77% of Americans experience physical symptoms caused by stress, such as headaches, fatigue, and muscle tension.
 

 3. **🌿 Develop Healthy Coping Strategies:** Implement ways to manage stress without relying on cannabis.
  - Example: Practice relaxation techniques like deep breathing, meditation, or physical activities to reduce stress and improve your overall well-being.
 

 By understanding the impact of stress on your brain and body, you can develop healthier coping strategies and reduce your reliance on cannabis for stress relief.",life,,,"{""😳 The neuroscience of stress"":""https://www.reddit.com/r/ptsd/comments/12uzrqk/the_neuroscience_of_stress"",""🧠 Does stress change the brain permanently?"":""https://www.reddit.com/r/neuro/comments/whtrac/does_stress_change_the_brain_permanently/"",""📈 ELI5: What impact does stress have on the growing brain?"":""https://www.reddit.com/r/explainlikeimfive/comments/lex6o1/eli5_what_impact_does_stress_have_on_the_growing/"",""🛠️ Are there any life hacks for when u r extremely lazy?"":""https://www.reddit.com/r/lifehacks/comments/13za4de/are_there_any_life_hacks_for_when_u_r_extremely/"",""👩‍🔬 The neuroscience behind anxiety, memory, and your brain"":""https://www.reddit.com/r/AskReddit/comments/6tmu7h/serious_redditors_what_healthy_ways_do_you_deal/""}","{""🚀 Impact on Behavior"":""How does stress influence my behavior and choices regarding cannabis use?"",""🌿 Healthy Coping Methods"":""Can you suggest some effective coping strategies to manage stress without using cannabis?"",""🧠 Neuroscience of Stress"":""How does understanding the neuroscience of stress help in managing cannabis use?"",""💪 Recognize Stress Symptoms"":""What physical symptoms should I be aware of that indicate high stress levels?""}","[""When stressed, how do you usually find relief?""]",,,growth,,,,,,,,
204,69,Classical Conditioning 🌟,Make Tasks Enjoyable,"**Create Positive Associations**: Today, let’s use classical conditioning to pair goal-related activities with positive stimuli, creating positive associations. This technique can help make challenging tasks more enjoyable and increase your motivation.
 

 **Here’s how:**
 

 1. **Identify a Challenging Task:** Choose a goal-related activity that you find difficult.
  - 🏋️ Example: Working out regularly or studying for an exam.
 

 2. **Select a Positive Stimulus:** Find something you enjoy that can be paired with the challenging task.
  - 🎶 Example: Listening to your favorite music, enjoying a healthy treat, or using a scented candle you love.
 

 3. **Pair Them Together:** Combine the challenging task with the positive stimulus to create a positive association.
  - 🎧 Example: Listen to your favorite music while working out or studying, making the task more enjoyable and rewarding.
 

 By consistently pairing goal-related activities with positive stimuli, you can create positive associations that make these tasks more enjoyable and easier to accomplish.",life,,,"{""🚀 Classical conditioning! It works"":""https://www.reddit.com/r/AskReddit/comments/g374d/classical_conditioning_it_works/"",""📚 [Method] Does classical conditioning work?"":""https://www.reddit.com/r/getdisciplined/comments/pw60wn/method_does_classical_conditioning_work/"",""🧠 What are ways that you have been classically conditioned?"":""https://www.reddit.com/r/AskReddit/comments/bh97gq/what_are_ways_that_you_have_been_classically/"",""🤔 Have you ever accidentally used Pavlov's theory of conditioning on yourself?"":""https://www.reddit.com/r/AskReddit/comments/467wqf/how_have_you_pavlovian_conditioned_yourself/""}","{""🎧 Enjoyable Study Sessions"":""How can I make studying for an exam more enjoyable using positive associations?"",""🎶 Positive Stimulus Pairing"":""What are some creative ways to pair challenging tasks with positive stimuli in my daily routine?"",""✨ Consistent Positive Associations"":""How do I ensure that the positive associations I create with goal-related activities stick over time?"",""🚀 Classical conditioning! It works"":""https://www.reddit.com/r/AskReddit/comments/467wqf/how_have_you_pavlovian_conditioned_yourself/""}","[""What positive stimulus can you pair with a challenging task?""]",,,growth,,,,,,,,
205,70,Reframe Your Goals 🌟,Gain a New Perspective,"**Reframe Your Goals**: Today, let’s apply prospect theory to understand how you perceive gains and losses. This theory suggests that people are more sensitive to potential losses than equivalent gains, which can influence decision-making.
 

 **Here’s how:**
 

 1. 🎯 **Understand Prospect Theory:** Recognize that people tend to weigh losses more heavily than gains.
  - Example: Feeling the pain of losing $100 more intensely than the joy of gaining $100.
 

 2. 🌱 **Reframe Your Goal:** Focus on what you gain rather than what you lose by achieving your goal.
  - Example: Instead of thinking, ""I’m giving up cannabis and losing my relaxation time,"" reframe it to ""I’m gaining better health, more energy, and clearer thinking.""
 

 3. 🌟 **Highlight Positive Outcomes:** Emphasize the benefits and positive outcomes of your goal.
  - Example: List the positive changes you will experience, such as improved mood, increased productivity, and better relationships.
 

 By reframing your goals in terms of gains rather than losses, you can enhance your motivation and make the pursuit of your goals more appealing and rewarding.",life,,,"{""🌟 LPT: Focus on the small successes in your everyday life"":""https://www.reddit.com/r/LifeProTips/comments/4uujw5/lpt_focus_on_the_small_successes_in_your_everyday/""}","{""🌱 New Perspectives"":""How can changing my perspective on goal-setting improve my commitment to moderation?"",""🔄 Reframe for Gains"":""How can I reframe my cannabis moderation goals to focus on the gains rather than the losses?"",""🎯 Understand Prospect Theory"":""Can you explain how prospect theory might influence my decision-making in achieving my goals?"",""🌟 Highlight Positive Outcomes"":""What are some positive outcomes I can focus on to stay motivated in my journey?""}","[""How can you reframe a current goal to highlight gains?""]",,,growth,,,,,,,,
206,71,Existential Freedom 🌟,Embrace Your Autonomy,"**Embrace Your Autonomy**: Today, let’s embrace existential freedom by taking responsibility for your choices. Reflect on how your goals reflect your autonomy.
 

 **Here’s how:**
 

 1. **🗝️ Understand Freedom:** Recognize your freedom to make choices.
  - Example: Your decisions reflect your values and beliefs.
 

 2. **🏁 Reflect on Goals:** Consider how your goals showcase your autonomy.
  - Example: Choosing to moderate or quit cannabis to value health and clarity.
 

 3. **🎯 Take Responsibility:** Own your choices and their alignment with your true self.
  - Example: Your decisions are within your control and show your commitment to a better life.
 

 By embracing existential freedom, you take ownership of your choices, ensuring your goals align with your values and leading to a more authentic life.",life,LO-Use-State,I want to stop entirely,"{""🧠 How do you embrace existentialism?"":""https://www.reddit.com/r/Existentialism/comments/5q2y2y/how_do_you_embrace_existentialism/""}","{""🌟 Embrace Autonomy"":""How can embracing your freedom lead to a more authentic and fulfilling life?"",""🏁 Reflect on Goals"":""How do your goals demonstrate your autonomy and commitment to health?"",""🎯 Take Responsibility"":""In what ways can you take more ownership of your choices to align with your true self?"",""🗝️ Understand Freedom"":""How do your decisions reflect your values and beliefs?""}","[""How do your current goals reflect your true autonomy?""]",,,growth,,,,,,,,
207,71,Existential Freedom 🌟,Embrace Your Autonomy,"**Embrace Your Autonomy**: Today, let’s embrace existential freedom by taking responsibility for your choices. Reflect on how your goals reflect your autonomy.
 

 **Here’s how:**
 

 1. **🗝️ Understand Freedom:** Recognize your freedom to make choices.
  - Example: Your decisions reflect your values and beliefs.
 

 2. **🏁 Reflect on Goals:** Consider how your goals showcase your autonomy.
  - Example: Choosing to moderate or quit cannabis to value health and clarity.
 

 3. **🎯 Take Responsibility:** Own your choices and their alignment with your true self.
  - Example: Your decisions are within your control and show your commitment to a better life.
 

 By embracing existential freedom, you take ownership of your choices, ensuring your goals align with your values and leading to a more authentic life.",life,LO-Use-State,I want to moderate my use,"{""🧠 How do you embrace existentialism?"":""https://www.reddit.com/r/Existentialism/comments/5q2y2y/how_do_you_embrace_existentialism/""}","{""🌟 Embrace Autonomy"":""How can embracing your freedom lead to a more authentic and fulfilling life?"",""🏁 Reflect on Goals"":""How do your goals demonstrate your autonomy and commitment to health?"",""🎯 Take Responsibility"":""In what ways can you take more ownership of your choices to align with your true self?"",""🗝️ Understand Freedom"":""How do your decisions reflect your values and beliefs?""}","[""How do your current goals reflect your true autonomy?""]",,,growth,,,,,,,,
208,72,Optimistic Thinking 🌟,Foster a Positive Outlook,"Hi _CLIENTNAME_! 🌟
 

 Today, let’s focus on fostering an optimistic outlook by challenging negative thoughts and replacing them with positive ones. This can boost your motivation and resilience on your weed-free journey. 🌱
 

 **Here’s how:**
 

 1. **Challenge Negative Thoughts**: When you catch yourself thinking negatively about your progress, pause and reframe the thought.
  - 🧠 **Example**: Change ""I'll never be able to do this"" to ""I am making progress every day.""
 

 2. **Write and Review**: Write down these positive reframes and review them regularly to reinforce your optimistic mindset.",life,LO-Use-State,I want to moderate my use,"{""🤔 Do we have absolute freedom and therefore absolute responsibility?"":""https://www.reddit.com/r/Existentialism/comments/1au156e/do_we_have_absolute_freedom_and_therefore/""}","{""🌟 Foster Optimism"":""How can I challenge and reframe negative thoughts to support my cannabis moderation goals?"",""🌱 Boost Resilience"":""What are some effective strategies for maintaining an optimistic outlook on my moderation journey?"",""📓 Write and Review"":""How can journaling help reinforce a positive mindset during my journey?"",""🧠 Positive Reframing"":""Can you provide examples of how to turn negative thoughts about my progress into positive ones?""}","[""What negative thought can you reframe positively today?""]",,,growth,,,,,,,,
209,72,Optimistic Thinking 🌟,Foster a Positive Outlook,"Hi _CLIENTNAME_! 🌟
 

 Today, let’s focus on fostering an optimistic outlook by challenging negative thoughts and replacing them with positive ones. This can boost your motivation and resilience on your weed-free journey. 🌱
 

 **Here’s how:**
 

 1. **Challenge Negative Thoughts**: When you catch yourself thinking negatively about your progress, pause and reframe the thought.
  - 🧠 **Example**: Change ""I'll never be able to do this"" to ""I am making progress every day.""
 

 2. **Write and Review**: Write down these positive reframes and review them regularly to reinforce your optimistic mindset.",life,LO-Use-State,I want to stop entirely,"{""🤔 Do we have absolute freedom and therefore absolute responsibility?"":""https://www.reddit.com/r/Existentialism/comments/1au156e/do_we_have_absolute_freedom_and_therefore/""}","{""🌟 Foster Optimism"":""How can I challenge and reframe negative thoughts to support my weed-free goals?"",""🌱 Boost Resilience"":""What are some effective strategies for maintaining an optimistic outlook on my weed-free journey?"",""📓 Write and Review"":""How can journaling help reinforce a positive mindset during my journey?"",""🧠 Positive Reframing"":""Can you provide examples of how to turn negative thoughts about my progress into positive ones?""}","[""What negative thought can you reframe positively today?""]",,,growth,,,,,,,,
210,73,Boost Neurogenesis 🌟,Grow Your Brain,"Hi _CLIENTNAME_! 🌟
 

 Today, let’s focus on neurogenesis, the growth of new neurons, which can be stimulated by lifestyle choices. Promoting neurogenesis can enhance your mood and cognitive function. 🧠
 

 **Here’s how:**
 

 1. **Aerobic Exercise**: Engage in regular aerobic activities like running, swimming, or cycling.
  - 🏃 **Example**: Aim for at least 30 minutes of aerobic exercise most days of the week.
 

 2. **Mental Challenges**: Stimulate your brain with puzzles, learning new skills, or reading.
  - 📚 **Example**: Spend time daily on activities that challenge your brain.
 

 3. **Adequate Sleep**: Ensure you’re getting enough quality sleep each night.
  - 🛌 **Example**: Aim for 7-9 hours of sleep to support brain health.
 

 Track your mood and cognitive function over time to observe improvements.
 

 **Quote**: ""The brain is a muscle that can move the world."" – Stephen King",life,,,"{""🧠 Neurogenesis: How to Grow New Brain Cells as Adults"":""https://www.reddit.com/r/Biohackers/comments/ekiewz/neurogenesis_how_to_grow_new_brain_cells_as_adults/""}","{""🛌 Quality Sleep"":""How does getting adequate sleep support neurogenesis and overall brain health?"",""📚 Mental Challenges"":""What are some brain-stimulating activities I can incorporate into my daily routine to promote neurogenesis?"",""🧠 Track Improvements"":""What methods can I use to track improvements in my mood and cognitive function over time?"",""🏃 Aerobic Exercise Benefits"":""How can regular aerobic exercise contribute to neurogenesis and improve cognitive function?""}","[""How can you incorporate neurogenesis boosters into your daily routine?""]",,,growth,,,,,,,,
211,74,Addressing Sustain Talk 🌟,Move Beyond the Status Quo,"Hi _CLIENTNAME_! 🌟
 

 Today, let’s acknowledge and address sustain talk—statements that favor the status quo. Recognizing and challenging these thoughts can support your goal of moderation. 🌱
 

 **Here’s how:**
 

 1. **Identify Sustain Talk**: Write down any thoughts or statements that support continuing your current cannabis use.
  - 📝 **Example**: ""I need cannabis to relax.""
 

 2. **Reflect on Reasons**: Reflect on the underlying reasons for these thoughts.
  - 🔍 **Example**: Why do you believe you need cannabis to relax?
 

 3. **Develop Counterarguments**: Create counterarguments that support your goal of moderation.
  - 💪 **Example**: ""I can find other ways to relax, like meditation or exercise.""
 

 By addressing sustain talk, you can reinforce your commitment to change and achieve your moderation goals.",life,LO-Use-State,I want to moderate my use,"{""🔥 Why don't people have a burning desire for self-improvement?"":""https://www.reddit.com/r/selfimprovement/comments/3sebwk/why_dont_people_have_a_burning_desire_for/""}","{""🔍 Reflect on Reasons"":""Why do you think you hold these beliefs about needing cannabis?"",""🖋 Identify Sustain Talk"":""What are some common thoughts you have that support your current cannabis use?"",""💡 Develop Counterarguments"":""How can you create counterarguments to support your goal of moderation?"",""🌱 Challenging the Status Quo"":""What steps can you take to challenge and move beyond sustain talk?""}","[""What sustain talk is keeping you from changing?""]",,,growth,,,,,,,,
212,74,Addressing Sustain Talk 🌟,Move Beyond the Status Quo,"Hi _CLIENTNAME_! 🌟
 

 Today, let’s acknowledge and address sustain talk—statements that favor the status quo. Recognizing and challenging these thoughts can support your goal of moderation. 🌱
 

 **Here’s how:**
 

 1. **Identify Sustain Talk**: Write down any thoughts or statements that support continuing your current cannabis use.
  - 📝 **Example**: ""I need cannabis to relax.""
 

 2. **Reflect on Reasons**: Reflect on the underlying reasons for these thoughts.
  - 🔍 **Example**: Why do you believe you need cannabis to relax?
 

 3. **Develop Counterarguments**: Create counterarguments that support your goal of moderation.
  - 💪 **Example**: ""I can find other ways to relax, like meditation or exercise.""
 

 By addressing sustain talk, you can reinforce your commitment to change and achieve your moderation goals.",life,LO-Use-State,I want to stop entirely,"{""🔥 Why don't people have a burning desire for self-improvement?"":""https://www.reddit.com/r/selfimprovement/comments/3sebwk/why_dont_people_have_a_burning_desire_for/""}","{""🔍 Reflect on Reasons"":""Why do you think you hold these beliefs about needing cannabis?"",""🖋 Identify Sustain Talk"":""What are some common thoughts you have that support your current cannabis use?"",""💡 Develop Counterarguments"":""How can you create counterarguments to support my goals of being weed-free?"",""🌱 Challenging the Status Quo"":""What steps can you take to challenge and move beyond sustain talk?""}","[""What sustain talk is keeping you from changing?""]",,,growth,,,,,,,,
213,75,Goal-Setting Dialogues 🌟,Clarify and Reinforce Your Goals,"Hi _CLIENTNAME_! 🌟
 

 Today, let’s engage in goal-setting dialogues to clarify and reinforce your goals. This exercise can help you gain clarity and strengthen your resolve. 🌱
 

 **Here’s how:**
 

 1. **Create a Dialogue**: Write a conversation between your current self and an ideal supportive coach.
  - 🗣️ **Example**: Start with open questions like, ""What are your main goals?"" and ""Why are these goals important to you?""
 

 2. **Use Affirmations**: Include positive affirmations from your ideal coach.
  - 💪 **Example**: ""You have the strength and determination to achieve your goals.""
 

 3. **Reflective Listening**: Reflect on your answers to understand your motivations better.
  - 🔍 **Example**: ""I hear that you're motivated by a desire for better health and well-being.""
 

 4. **Summarize Goals**: Summarize the key points of your dialogue to reinforce your goals.
  - 📋 **Example**: ""To summarize, your main goals are to reduce stress and improve your health through weed-free practices.""
 

 By engaging in goal-setting dialogues, you can explore your goals and motivations more deeply, gaining clarity and commitment.",life,LO-Use-State,I want to moderate my use,"{""🎯 People always say to set goals for yourself. What are some realistic and achievable goals that people have set for themselves?"":""https://www.reddit.com/r/DecidingToBeBetter/comments/2kfmy7/people_always_say_to_set_goals_for_yourself_what/""}","{""💪 Use Affirmations"":""Can you help me craft positive affirmations to reinforce my motivation?"",""🌟 Clarify Your Goals"":""How can I create a dialogue with my ideal supportive coach to clarify my cannabis moderation goals?"",""📋 Summarize Your Goals"":""How can I effectively summarize my dialogue to reinforce my key goals?"",""🔍 Reflective Listening"":""What are some reflective listening techniques I can use to better understand my motivations?""}","[""What motivates you to pursue your current goals?""]",,,growth,,,,,,,,
214,75,Goal-Setting Dialogues 🌟,Clarify and Reinforce Your Goals,"Hi _CLIENTNAME_! 🌟
 

 Today, let’s engage in goal-setting dialogues to clarify and reinforce your goals. This exercise can help you gain clarity and strengthen your resolve. 🌱
 

 **Here’s how:**
 

 1. **Create a Dialogue**: Write a conversation between your current self and an ideal supportive coach.
  - 🗣️ **Example**: Start with open questions like, ""What are your main goals?"" and ""Why are these goals important to you?""
 

 2. **Use Affirmations**: Include positive affirmations from your ideal coach.
  - 💪 **Example**: ""You have the strength and determination to achieve your goals.""
 

 3. **Reflective Listening**: Reflect on your answers to understand your motivations better.
  - 🔍 **Example**: ""I hear that you're motivated by a desire for better health and well-being.""
 

 4. **Summarize Goals**: Summarize the key points of your dialogue to reinforce your goals.
  - 📋 **Example**: ""To summarize, your main goals are to reduce stress and improve your health through weed-free practices.""
 

 By engaging in goal-setting dialogues, you can explore your goals and motivations more deeply, gaining clarity and commitment.",life,LO-Use-State,I want to stop entirely,"{""🎯 People always say to set goals for yourself. What are some realistic and achievable goals that people have set for themselves?"":""https://www.reddit.com/r/DecidingToBeBetter/comments/2kfmy7/people_always_say_to_set_goals_for_yourself_what/""}","{""💪 Use Affirmations"":""Can you help me craft positive affirmations to reinforce my motivation?"",""🌟 Clarify Your Goals"":""How can I create a dialogue with my ideal supportive coach to clarify my weed-free goals?"",""📋 Summarize Your Goals"":""How can I effectively summarize my dialogue to reinforce my key goals?"",""🔍 Reflective Listening"":""What are some reflective listening techniques I can use to better understand my motivations?""}","[""What motivates you to pursue your current goals?""]",,,growth,,,,,,,,
215,76,Balanced Nutrition 🌟,Benefits for Your Health,"**Hi _CLIENTNAME_! 🌟**
 

 Let’s focus on the benefits of balanced nutrition for your overall health and moderation goals.
 

 **Here’s how:**
 

 1. **🍎 Think About Nutritious Meals:** Consider how eating well supports your overall well-being.
  - **💪 Example:** Nutritious meals can boost your energy levels, improve your mood, and enhance your overall health.
 

 2. **🌟 Reflect on Benefits:** A balanced diet helps you feel better and stay on track with your moderation goals.
  - **🌞 Example:** Healthy eating supports sustained energy throughout the day, which can reduce cravings and enhance your ability to focus.
 

 By prioritizing balanced nutrition, you can support your energy levels, mood, and overall well-being, making it easier to maintain your health and moderation goals.",life,LO-Use-State,I want to moderate my use,"{""🥗 What guidelines do you use to keep a balanced diet?"":""https://www.reddit.com/r/nutrition/comments/106rwkk/what_guidelines_do_you_use_to_keep_a_balanced_diet/""}","{""🌞 Healthy Eating Focus"":""How can eating well reduce cravings and enhance your ability to focus on your goals?"",""🍎 Nutritious Meal Impact"":""How can incorporating more nutritious meals benefit my energy levels and overall health?"",""💪 Boost Energy with Food"":""What types of healthy foods can help improve your mood and sustain your energy throughout the day?"",""🌟 Reflect on Nutrition Benefits"":""In what ways do you think a balanced diet can help you stay on track with your moderation goals?""}","[""How does balanced nutrition impact your daily energy and focus?""]",,,health,,,,,,,,
216,76,Balanced Nutrition 🌟,Benefits for Your Health,"**Hi _CLIENTNAME_! 🌟**
 

 Let’s focus on the benefits of balanced nutrition for your overall health and moderation goals.
 

 **Here’s how:**
 

 1. **🍎 Think About Nutritious Meals:** Consider how eating well supports your overall well-being.
  - **💪 Example:** Nutritious meals can boost your energy levels, improve your mood, and enhance your overall health.
 

 2. **🌟 Reflect on Benefits:** A balanced diet helps you feel better and stay on track with your moderation goals.
  - **🌞 Example:** Healthy eating supports sustained energy throughout the day, which can reduce cravings and enhance your ability to focus.
 

 By prioritizing balanced nutrition, you can support your energy levels, mood, and overall well-being, making it easier to maintain your health and moderation goals.",life,LO-Use-State,I want to stop entirely,"{""🥗 What guidelines do you use to keep a balanced diet?"":""https://www.reddit.com/r/nutrition/comments/106rwkk/what_guidelines_do_you_use_to_keep_a_balanced_diet/""}","{""🌞 Healthy Eating Focus"":""How can eating well reduce cravings and enhance your ability to focus on your goals?"",""🍎 Nutritious Meal Impact"":""How can incorporating more nutritious meals benefit my energy levels and overall health?"",""💪 Boost Energy with Food"":""What types of healthy foods can help improve your mood and sustain your energy throughout the day?"",""🌟 Reflect on Nutrition Benefits"":""In what ways do you think a balanced diet can help you stay weed-free?""}","[""How does balanced nutrition impact your daily energy and focus?""]",,,health,,,,,,,,
217,77,Meal Prep for Healthy Eating 😋,Your 30-Day Challenge,"**Hi _CLIENTNAME_! 🌟**
 

 Preparing your meals in advance can save you time and ensure you have healthy options available.
 

 **Here’s how:**
 

 1. **⏰ Set Aside Time for Meal Prep:** Dedicate a specific time each week to prepare your meals.
  - **🗓️ Example:** Choose a day, like Sunday, to cook and portion out your meals for the week.
 

 2. **🚫 Avoid Temptations:** Having prepared meals helps you avoid the temptation of fast food.
  - **🥗 Example:** Make healthier choices easier by having nutritious meals ready to go.
 

 By planning and preparing your meals in advance, you can support your energy levels, mood, and overall well-being, making it easier to stick to your health and weed-free goals.",life,LO-Use-State,I want to stop entirely,"{""🥗 Meal Prep: A Guide"":""https://www.reddit.com/r/EatCheapAndHealthy/comments/xmhl30/meal_prep_a_guide/""}","{""⏰ Meal Prep Time"":""How can I effectively set aside time for meal prep each week?"",""🚫 Avoid Fast Food"":""What strategies can help me avoid fast food temptations by having prepared meals?"",""🔄 Weekly Meal Planning"":""Can you help me create a meal plan that supports my health and weed-free goals?"",""🥗 Healthy Choices Ready"":""How can I make healthier meal options more accessible throughout the week?""}","[""What tempts you most when you haven't meal prepped?""]",,,health,,,,,,,,
218,77,Meal Prep for Healthy Eating 😋,Your 30-Day Challenge,"**Hi _CLIENTNAME_! 🌟**
 

 Preparing your meals in advance can save you time and ensure you have healthy options available.
 

 **Here’s how:**
 

 1. **⏰ Set Aside Time for Meal Prep:** Dedicate a specific time each week to prepare your meals.
  - **🗓️ Example:** Choose a day, like Sunday, to cook and portion out your meals for the week.
 

 2. **🚫 Avoid Temptations:** Having prepared meals helps you avoid the temptation of fast food.
  - **🥗 Example:** Make healthier choices easier by having nutritious meals ready to go.
 

 By planning and preparing your meals in advance, you can support your energy levels, mood, and overall well-being, making it easier to stick to your health and weed-free goals.",life,LO-Use-State,I want to moderate my use,"{""🥗 Meal Prep: A Guide"":""https://www.reddit.com/r/EatCheapAndHealthy/comments/xmhl30/meal_prep_a_guide/""}","{""⏰ Meal Prep Time"":""How can I effectively set aside time for meal prep each week?"",""🚫 Avoid Fast Food"":""What strategies can help me avoid fast food temptations by having prepared meals?"",""🔄 Weekly Meal Planning"":""Can you help me create a meal plan that supports my health and moderation goals?"",""🥗 Healthy Choices Ready"":""How can I make healthier meal options more accessible throughout the week?""}","[""What tempts you most when you haven't meal prepped?""]",,,health,,,,,,,,
219,78,Incorporating Regular Exercise 🏃‍♀️,Boost Your Mood and Health,"**Hi _CLIENTNAME_! 🌟**
 

 Welcome to the second week of Month Five! 🎉 This week, we’ll focus on incorporating regular exercise into your routine. Physical activity can boost your mood, reduce cravings, and improve overall health. 🏋️
 

 **Here’s how:**
 

 1. **Set a Goal:** Aim to include 30 minutes of exercise in your daily routine.
  - **Example Goal:** ""Incorporate 30 minutes of exercise into my daily routine to improve energy levels and overall well-being.""
 

 By making exercise a regular part of your day, you can enhance your mood, boost your energy levels, and support your overall health and moderation goals.",life,LO-Use-State,I want to moderate my use,"{""💪 How to develop a good workout/exercise routine"":""https://www.reddit.com/r/GetMotivated/comments/17qvibi/how_to_develop_a_good_workoutexercise_routine/""}","{""🌟 Exercise Goals"":""What are some effective strategies to set and achieve daily exercise goals?"",""💪 Exercise Benefits"":""How has regular exercise impacted your mood and overall health? Share your experiences."",""📅 Daily Exercise Routine"":""Can you suggest a simple daily exercise routine for a beginner to improve overall well-being?"",""🏃‍♀️ Exercise Boost"":""How can I incorporate 30 minutes of exercise into my daily routine to enhance my mood and energy levels?""}","[""What small change to your routine could fit 30 minutes of exercise?""]",,,health,,,,,,,,
220,78,Incorporating Regular Exercise 🏃‍♀️,Boost Your Mood and Health,"**Hi _CLIENTNAME_! 🌟**
 

 Welcome to the second week of Month Five! 🎉 This week, we’ll focus on incorporating regular exercise into your routine. Physical activity can boost your mood, reduce cravings, and improve overall health. 🏋️
 

 **Here’s how:**
 

 1. **Set a Goal:** Aim to include 30 minutes of exercise in your daily routine.
  - **Example Goal:** ""Incorporate 30 minutes of exercise into my daily routine to improve energy levels and overall well-being.""
 

 By making exercise a regular part of your day, you can enhance your mood, boost your energy levels, and support your overall health and moderation goals.",life,LO-Use-State,I want to stop entirely,"{""💪 How to develop a good workout/exercise routine"":""https://www.reddit.com/r/GetMotivated/comments/17qvibi/how_to_develop_a_good_workoutexercise_routine/""}","{""🌟 Exercise Goals"":""What are some effective strategies to set and achieve daily exercise goals?"",""💪 Exercise Benefits"":""How has regular exercise impacted your mood and overall health? Share your experiences."",""📅 Daily Exercise Routine"":""Can you suggest a simple daily exercise routine for a beginner to improve overall well-being?"",""🏃‍♀️ Exercise Boost"":""How can I incorporate 30 minutes of exercise into my daily routine to enhance my mood and energy levels?""}","[""What small change to your routine could fit 30 minutes of exercise?""]",,,health,,,,,,,,
221,79,Enjoyable Physical Activities 🌟,Find Fun Ways to Stay Active,"**Hi _CLIENTNAME_! 🌟**
 

 Today, choose physical activities that you enjoy and can realistically fit into your schedule, such as jogging, yoga, or cycling.
 

 **Here’s how:**
 

 1. **Identify Enjoyable Activities:** Think about physical activities you enjoy and can consistently do.
  - 🏃 **Examples:** Jogging, yoga, cycling, dancing, or swimming.
 

 2. **Fit Them into Your Schedule:** Ensure these activities are realistic for your daily routine.
  - ⏰ **Example:** If you have a busy morning, try an evening jog or a quick yoga session during lunch.
 

 By selecting activities you enjoy and can fit into your schedule, you’ll be more likely to stick with them, improving your overall well-being and supporting your moderation goals.",life,LO-Use-State,I want to moderate my use,"{""💪 Any recommendations for fun exercise for someone just getting started?"":""https://www.reddit.com/r/loseit/comments/12c8utx/any_recommendations_for_fun_exercise_for_someone/""}","{""⏰ Schedule Fit"":""How can you realistically incorporate enjoyable physical activities into your daily routine?"",""🗓️ Consistency Plan"":""How can you create a consistent plan for physical activities that fits your schedule and keeps you motivated?"",""🏃 Enjoyable Activities"":""What types of physical activities do you genuinely enjoy and can commit to regularly?"",""🤸‍♀️ Activity Examples"":""Can you list some fun physical activities that you might want to try, and explain why?""}","[""What physical activity do you truly enjoy and why?""]",,,health,,,,,,,,
222,79,Enjoyable Physical Activities 🌟,Find Fun Ways to Stay Active,"**Hi _CLIENTNAME_! 🌟**
 

 Today, choose physical activities that you enjoy and can realistically fit into your schedule, such as jogging, yoga, or cycling.
 

 **Here’s how:**
 

 1. **Identify Enjoyable Activities:** Think about physical activities you enjoy and can consistently do.
  - 🏃 **Examples:** Jogging, yoga, cycling, dancing, or swimming.
 

 2. **Fit Them into Your Schedule:** Ensure these activities are realistic for your daily routine.
  - ⏰ **Example:** If you have a busy morning, try an evening jog or a quick yoga session during lunch.
 

 By selecting activities you enjoy and can fit into your schedule, you’ll be more likely to stick with them, improving your overall well-being and supporting your moderation goals.",life,LO-Use-State,I want to stop entirely,"{""💪 Any recommendations for fun exercise for someone just getting started?"":""https://www.reddit.com/r/loseit/comments/12c8utx/any_recommendations_for_fun_exercise_for_someone/""}","{""⏰ Schedule Fit"":""How can you realistically incorporate enjoyable physical activities into your daily routine?"",""🗓️ Consistency Plan"":""How can you create a consistent plan for physical activities that fits your schedule and keeps you motivated?"",""🏃 Enjoyable Activities"":""What types of physical activities do you genuinely enjoy and can commit to regularly?"",""🤸‍♀️ Activity Examples"":""Can you list some fun physical activities that you might want to try, and explain why?""}","[""What physical activity do you truly enjoy and why?""]",,,health,,,,,,,,
223,80,Get Fit 🏋️‍♂️,"Start Small, Stay Committed","Hi _CLIENTNAME_! 🌟
 

 Today, let’s focus on setting small, manageable exercise goals. Gradually increasing intensity and duration makes it easier to stay committed and see progress over time. 💪
 

 **Here’s how:**
 

 1. **Set Achievable Goals**: Start with realistic exercise targets.
  - 🚶 **Example**: ""I will walk for 30 minutes every evening.""
  - 🧘‍♂️ **Example**: ""I will do a 15-minute yoga session every morning.""
 

 2. **Gradually Increase**: Slowly build up the intensity and duration of your workouts as you become more comfortable.
 

 By starting small and staying committed, you can build a sustainable fitness routine that supports your health and well-being.",life,,,"{""🏋️‍♂️ Start Small in the Gym: Advice for Beginners"":""https://www.reddit.com/r/LifeProTips/comments/18910kn/lpt_if_you_want_to_start_working_out_start/""}","{""🚶 Achievable Exercise Goals"":""Can you suggest achievable exercise targets to help me start a consistent fitness routine?"",""💪 Sustainable Fitness Routine"":""What steps can I take to build a sustainable fitness routine that supports my health and well-being?"",""📈 Gradually Increase Intensity"":""How can I gradually increase the intensity and duration of my workouts without feeling overwhelmed?"",""🏃‍♂️ Start Small, Stay Committed"":""What are some small, manageable exercise goals I can set to begin my fitness journey?""}","[""What small fitness goal can you commit to today?""]",,,health,,,,,,,,
224,81,Consistent Sleep Schedule 💤,Sleep Your Way to Health,"**Hi _CLIENTNAME_! 🌟**
 

 Did you know that Bryan Johnson, who spent $2 million optimizing his health with the help of 30 doctors, says his number one tip is better sleep? Setting a consistent sleep schedule helps regulate your body's internal clock and is crucial for overall well-being.
 

 **Here’s how:**
 

 1. 🕰️ **Choose Consistent Times:** Select a regular bedtime and wake-up time.
  - **Example:** Aim to go to bed and wake up at the same time each day.
 

 2. 🛌 **Aim for 7-9 Hours of Sleep:** Ensure you get enough rest each night.
  - **Example:** Plan your schedule to get between 7-9 hours of sleep.
 

 By maintaining a consistent sleep schedule, you can improve your sleep quality, boost your mood, and enhance your overall health—just like Bryan Johnson!",life,,,"{""🛌 Blueprint routine for perfect sleep"":""https://www.reddit.com/r/productivity/comments/180bn57/how_do_you_get_your_sleep_routine_fixed/""}","{""💤 Sleep for Well-Being"":""Why is it important to aim for 7-9 hours of sleep each night, and how can I achieve it?"",""🌙 Boost Mood with Sleep"":""How does maintaining a consistent sleep schedule enhance overall well-being and mood?"",""⏰ Regulate Your Internal Clock"":""What are some strategies to help me stick to a consistent sleep schedule?"",""🕰️ Consistent Sleep Routine"":""How can I establish a regular bedtime and wake-up schedule to improve my health?""}","[""How does your sleep schedule impact your daily life?""]",,,health,,,,,,,,
225,82,Pre-Sleep Routine 🌙,Get your head right,"**Hi _CLIENTNAME_! 🌟**
 

 Creating a relaxing pre-sleep routine can signal to your body that it's time to wind down.
 

 **Here’s how:**
 

 1. 📚 **Read a Book:** Spend a few minutes reading a calming book or article.
  - **Example:** Choose light, enjoyable reading material to help your mind relax.
 

 2. 🛀 **Take a Warm Bath:** Enjoy a warm bath to relax your muscles and prepare for sleep.
  - **Example:** Add soothing bath salts or essential oils to enhance the relaxation experience.
 

 3. 🧘 **Practice Mindfulness Meditation:** Engage in mindfulness meditation to clear your mind and reduce stress.
  - **Example:** Focus on your breath and let go of any distractions or worries.
 

 4. 🎶 **Listen to Relaxing Music:** Play soft, calming music to create a peaceful environment.
  - **Example:** Choose instrumental or nature sounds to help you relax.
 

 5. 💡 **Dim the Lights:** Lower the lighting in your bedroom to signal to your body that it’s time to sleep.
  - **Example:** Use soft, warm lights or a bedside lamp with a dimmer switch.
 

 By establishing a soothing pre-sleep routine, you can signal to your body that it's time to wind down, improving your sleep quality and overall well-being.",life,,,"{""🌙 What's your night routine like?"":""https://www.reddit.com/r/productivity/comments/175ldm3/whats_your_night_routine_like/""}","{""📚 Read a Book"":""What type of books or articles should I read before bed to help me relax effectively?"",""💡 Dim the Lights"":""How can adjusting the lighting in my bedroom improve my pre-sleep routine and overall sleep quality?"",""🌙 Pre-Sleep Routine"":""How can I create a relaxing pre-sleep routine that signals to my body it's time to wind down?"",""🧘 Mindfulness Meditation"":""Can you guide me through a mindfulness meditation practice to help clear my mind before sleep?""}","[""What's your ideal pre-sleep routine for true relaxation?""]",,,health,,,,,,,,
226,83,Optimize Your Sleep Environment 💤,"Sleep Better, Feel Better","**Hi _CLIENTNAME_! 🌟**
 

 Optimizing your sleep environment can significantly improve your sleep quality.
 

 **Here’s how:**
 

 1. **🌑 Keep It Dark:** Ensure your bedroom is dark to promote better sleep.
  - **🛋️ Example:** Use blackout curtains to block out external light.
 

 2. **🔇 Keep It Quiet:** Minimize noise to create a peaceful sleeping environment.
  - **🔊 Example:** Consider using a white noise machine or earplugs if needed.
 

 3. **❄️ Keep It Cool:** Maintain a cool temperature in your bedroom.
  - **🌡️ Example:** Aim for a temperature between 60-67°F (15-19°C) for optimal sleep.
 

 By making your bedroom conducive to sleep, you can improve your sleep quality and overall well-being.",life,,,"{""🛌 What's the best sleep advice you've ever received?"":""https://www.reddit.com/r/sleep/comments/prsr9x/whats_the_best_sleep_advice_youve_ever_received/""}","{""🔇 Quiet Sleep Sanctuary"":""What are some effective ways to minimize noise in my sleeping environment?"",""❄️ Cool for Better Sleep"":""Can you suggest methods to keep my bedroom at the ideal temperature for sleep?"",""🌑 Dark Room, Better Sleep"":""How can I ensure my bedroom stays dark enough for optimal sleep?"",""🛋️ Optimize Your Bedroom"":""How can I modify my bedroom to improve sleep quality and overall well-being?""}","[""How does your current sleep environment affect your daily mood?""]",,,health,,,,,,,,
227,84,Sleep Better 💤,Tips to Limit Screen Time,"**Hi _CLIENTNAME_! 🌟**
 

 Limiting screen time before bed can improve your sleep quality by reducing blue light exposure.
 

 **Here’s how:**
 

 1. 📵 **Avoid Screens:** Avoid screens at least an hour before bedtime.
  - **Example:** Put away your phone, tablet, and computer to reduce blue light exposure.
 

 2. 📚 **Try Alternative Activities:** Engage in calming activities instead.
  - **Example:** Read a book, listen to calming music, or practice mindfulness meditation.
 

 By reducing screen time before bed, you can improve your sleep quality and wake up feeling more refreshed.",life,,,"{""🌙 What can I do an hour before bed that doesn't involve looking at a screen?"":""https://www.reddit.com/r/NoStupidQuestions/comments/11vt4or/what_can_i_do_an_hour_before_bed_that_doesnt/""}","{""📵 Screen-Free Hour"":""How can I avoid screens at least an hour before bedtime to improve my sleep quality?"",""📚 Calming Activities"":""What are some alternative activities I can do instead of using screens before bed?"",""💤 Better Sleep Routine"":""How can limiting screen time before bed enhance my overall sleep quality?"",""🌙 Mindfulness Practices"":""Can you suggest some mindfulness practices to help me wind down without screens?""}","[""How does screen time before bed impact your sleep?""]",,,health,,,,,,,,
228,85,Mental Health Reflection 🧠,Vital Steps for Well-Being,"**Hi _CLIENTNAME_! 🌟**
 

 Mental health is a vital part of holistic well-being.
 

 **Here’s how:**
 

 1. **Reflect on Your Practices:** Take a moment to think about how you manage your mental health.
  - 🧘 **Example:** Are you effectively managing stress through activities like mindfulness, exercise, or talking to a friend?
 

 2. **Identify Areas for Improvement:** Consider if there are areas where you can improve your mental health practices.
  - 🌿 **Example:** Could you benefit from incorporating more relaxation techniques or seeking professional support?
 

 By reflecting on your mental health practices, you can ensure you are taking steps to manage stress effectively and support your overall well-being.",life,,,"{""🧠 Serious: What techniques have you tried to improve your mental health?"":""https://www.reddit.com/r/AskReddit/comments/8f1aei/serious_what_techniques_have_you_tried_to_improve/""}","{""💡 Professional Support"":""Have you considered seeking professional support to enhance your mental health? What benefits could this bring to your overall well-being?"",""🧘 Reflect on Practices"":""How do you currently manage stress, and are there activities that help you maintain mental well-being?"",""🌿 Areas for Improvement"":""Can you identify any areas in your mental health practices that might need improvement or additional support?"",""🔍 Mental Health Check-In"":""What are some new techniques or activities you could incorporate into your routine to better manage stress?""}","[""How do you currently manage your mental health daily?""]",,,health,,,,,,,,
229,86,Sleep and Brain Health 🌙,Understand the Impact of Cannabis,"Hi _CLIENTNAME_! 🌟
 

 Today, let’s explore how cannabis affects your sleep, particularly the REM (Rapid Eye Movement) stage, and why REM is crucial for brain health. 🛌🧠
 

 **Here’s how:**
 

 1. **Understand REM Sleep**: REM sleep is vital for cognitive functions like memory consolidation, learning, and emotional regulation.
  - 🧠 **Benefit**: During this stage, the brain processes and stores information from the day.
 

 2. **Cannabis and REM**: Studies show that cannabis can reduce the amount of REM sleep you get.
  - 🌿 **Impact**: Spending less time in REM sleep can affect memory and emotional processing.
 

 3. **Health Consequences**: Reduced REM sleep can lead to memory issues, increased stress, and difficulty learning new information.
  - 📚 **Effect**: Impacts your mood and overall mental health.",life,,,"{""🧠 LPT: Each person’s brain has a set number of hours it can focus each day, on average about 4 hours"":""https://www.reddit.com/r/LifeProTips/comments/q4qdqn/lpt_each_persons_brain_has_a_set_number_of_hours/""}","{""🌿 Cannabis & REM"":""What are the effects of cannabis on REM sleep, and why does it matter?"",""🧠 Memory & Emotion"":""Can you help me understand the link between REM sleep and emotional regulation?"",""📚 Health Consequences"":""How might reduced REM sleep impact my memory and emotional processing?"",""🛌 REM Sleep Importance"":""How does REM sleep contribute to brain health and cognitive functions?""}","[""How does cannabis use affect your sleep and mental clarity?""]",,,health,,,,,,,,
230,87,Self-Reflection After Use,Mindful Consumption Tips,"**Hi _CLIENTNAME_! 🌟**
 

 Reflecting after use is important for mindful consumption. Take a moment to think about your experience and its impact on your day.
 

 **Here’s how:**
 

 1. **🪞 Reflect on the Experience:** After using cannabis, think about the experience.
  - Did it meet your expectations?
  - How did it make you feel?
 

 By reflecting on your use, you can better understand its effects and make more informed choices in the future.",life,LO-Use-State,I want to moderate my use,"{""🧠 What are some good self-reflective questions to ask yourself?"":""https://www.reddit.com/r/productivity/comments/repygu/what_are_some_good_selfreflective_questions_to/""}","{""📈 Informed Choices"":""How does reflecting on your cannabis use help you make better choices in the future?"",""🤔 Understand Effects"":""What insights can you gain by thinking about how cannabis influenced your day?"",""🧠 Mindful Consumption"":""How can you use self-reflection to improve your future cannabis experiences?"",""🪞 Reflect on the Experience"":""How did your recent cannabis use make you feel, and did it meet your expectations?""}","[""How did your last experience shape your day?""]",,,mindfulness,,,,,,,,
231,87,Self-Reflection Without Cannabis,Mindful Living Insights,"**Hi _CLIENTNAME_! 🌟**
 

 Reflecting on your day without cannabis is crucial for mindful living. Take a moment to deeply consider how your experience without any substances impacts your life and emotions.
 

 **Here’s how:**
 

 1. **🪞 Reflect on the Experience:** Think about your day without cannabis.
  - How do you feel mentally, emotionally, and physically?
  - Are there specific moments where you felt drawn to use cannabis? Why?
 

 2. **🔍 Compare and Contrast:** Reflect on your life now versus when you were using cannabis.
  - How has your mental clarity, mood stability, and physical well-being changed?
  - What benefits or challenges have you noticed since stopping cannabis use?
 

 3. **💭 Understand Your Draw:** Consider why you may have been drawn to cannabis in the past.
  - Was it for stress relief, social reasons, or something else?
  - How can you address these needs in a healthier, substance-free way?
 

 By mindfully reflecting on your cannabis-free days and understanding your motivations, you can gain valuable insights into your life and make more intentional choices for your well-being. 🚀",life,LO-Use-State,I want to stop entirely,"{""🌱 Reflections on 2 weeks without weed"":""https://www.reddit.com/r/leaves/comments/wbmart/reflections_on_2_weeks_without_weed/""}","{""🔍 Compare Life States"":""How has your mental clarity, mood stability, and overall well-being changed since stopping cannabis use?"",""💭 Understand Your Draw"":""What were the main reasons you felt drawn to cannabis in the past, and how can you address these needs healthily?"",""🌟 Mindful Living Insights"":""What benefits or challenges have you noticed in your cannabis-free life, and how can this awareness guide your future choices?"",""🪞 Reflect Without Cannabis"":""How do you feel mentally, emotionally, and physically after a day without cannabis?""}","[""How has stopping cannabis changed your daily emotional landscape?""]",,,mindfulness,,,,,,,,
232,88,Understanding Context,Your Environment's Impact on Your Mood and Life,"**Hi _CLIENTNAME_! 🌟**
 

 Let’s explore how different environments impact your mood and overall life. By paying attention to your surroundings, you can gain valuable insights into how they influence your well-being.
 

 **Here’s how:**
 

 1. **Observe Your Surroundings:** Notice how different environments make you feel.
  - 🌆 Are there specific places where you feel more relaxed or stressed?
  - 🏡 How does your home environment impact your mood compared to other places?
 

 2. **Reflect on Social Settings:** Consider how different social settings affect you.
  - 👫 Do you feel more energized or drained around certain people?
  - 🎉 How do social gatherings impact your emotions and energy levels?
 

 3. **Identify Patterns:** Look for patterns in how your environment influences your mood.
  - 📈 Are there consistent triggers that affect your emotions positively or negatively?
  - 🌟 What changes can you make to create a more supportive environment?
 

 By understanding how your environment affects your mood and life, you can make more intentional choices to enhance your well-being and create a positive, supportive atmosphere. 🚀",life,LO-Use-State,I want to stop entirely,"{""🌍 YSK: Your environment shapes you, and you can shape it too"":""https://www.reddit.com/r/YouShouldKnow/comments/10hjuog/ysk_your_environment_shapes_you_and_you_can_shape/""}","{""📈 Identify Patterns"":""What patterns have you noticed in how your environment influences your mood?"",""🏡 Create Supportive Spaces"":""What changes can you make to your surroundings to improve your well-being?"",""🌆 Observe Your Surroundings"":""How do different environments impact your mood and energy levels?"",""👥 Reflect on Social Settings"":""How do various social interactions affect your emotional state?""}","[""Which environments make you feel most at peace? Why?""]",,,mindfulness,,,,,,,,
233,88,Understanding Context,Cannabis Use Insights,"**Hi _CLIENTNAME_! 🌟**
 

 Let's explore how different contexts affect your cannabis use. Pay attention to your environment and social setting.
 

 **Here’s how:**
 

 1. **Observe Your Surroundings:** Notice how your environment influences your cannabis use.
  - 🌆 Are there specific contexts that lead to different experiences?
  - 👫 Do you use more in social settings or when alone?
 

 By observing these patterns, you can better understand how context affects your consumption and make more mindful choices.",life,LO-Use-State,I want to moderate my use,"{""🌍 YSK: Your environment shapes you, and you can shape it too"":""https://www.reddit.com/r/YouShouldKnow/comments/10hjuog/ysk_your_environment_shapes_you_and_you_can_shape/""}","{""💡 Mindful Choices"":""How can understanding your context help you make more mindful cannabis use decisions?"",""🧐 Observing Patterns"":""What patterns have you noticed about your cannabis use in different settings?"",""🗣️ Social vs. Solo Use"":""How does your consumption differ when you're alone versus with others?"",""🌆 Contextual Cannabis Use"":""How does your environment influence your cannabis consumption habits?""}","[""How does your environment shape your cannabis use?""]",,,mindfulness,,,,,,,,
234,89,Identifying Consumption Patterns 🔍,Understand Your Usage Habits,"**Hi _CLIENTNAME_! 🌟**
 

 Today's focus is on identifying patterns in your consumption. Reflect on when and why you use cannabis most frequently.
 

 **Here’s how:**
 

 1. **Identify Patterns:** Observe your cannabis use to find patterns.
  - 🕒 Are there certain times or situations where you use more?
  - 🔑 What triggers your use most frequently?
 

 By understanding these patterns, you can gain insight into your consumption habits and make more mindful choices.",life,LO-Use-State,I want to moderate my use,"{""🍃 I smoke weed and don't even know why I do it"":""https://www.reddit.com/r/Mindfulness/comments/15a3vnl/i_smoke_weed_and_dont_even_know_why_i_do_it/""}","{""🕒 Timing Triggers"":""How can identifying the times I use cannabis most help me manage my intake?"",""🔑 Trigger Analysis"":""What are the main triggers for my cannabis use and how can I address them?"",""📊 Mindful Consumption"":""How can understanding my consumption patterns lead to more mindful use?"",""🔍 Identify Usage Patterns"":""Can you help me recognize patterns in my cannabis consumption?""}","[""What triggers your cannabis use the most frequently?""]",,,mindfulness,,,,,,,,
235,89,Identifying Triggers 🔍,Understand Your Urges,"**Hi _CLIENTNAME_! 🌟**
 

 Today's focus is on identifying patterns related to your urges to smoke weed. Reflect on when and why you feel the strongest desire to use cannabis.
 

 **Here’s how:**
 

 1. **Identify Patterns:** Observe your thoughts and feelings to find patterns in your urges.
  - 🕒 Are there certain times or situations where resisting the urge to smoke is more challenging?
  - 🔑 What triggers your desire to use cannabis most frequently?
 

 By understanding these patterns, you can gain insight into your triggers and make more mindful choices to support your abstinence journey. 🚀",life,LO-Use-State,I want to stop entirely,"{""🍃 I smoke weed and don't even know why I do it"":""https://www.reddit.com/r/Mindfulness/comments/15a3vnl/i_smoke_weed_and_dont_even_know_why_i_do_it/""}","{""🕒 Time Patterns"":""Are there specific times of day when you feel the strongest urge to smoke? Why do you think this happens?"",""🔑 Trigger Analysis"":""What external or internal factors most frequently trigger your desire to use cannabis?"",""🔍 Identify Triggers"":""What are the common situations or emotions that trigger your urge to use cannabis?"",""🧠 Mindful Observations"":""How can observing your thoughts and feelings help you better understand your cannabis use triggers?""}","[""When do you feel the strongest urge to smoke?""]",,,mindfulness,,,,,,,,
236,90,Mindful Walking 🌿,Enhance Your Awareness,"**Hi _CLIENTNAME_! 🌟**
 

 Today's focus is on mindful walking. Pay attention to each step, the sensation of your feet touching the ground, and your surroundings.
 

 **Here’s how:**
 

 1. **Practice Mindful Walking:** Spend 10 minutes walking mindfully.
  - 👣 Focus on the sensation of each step.
  - 🌍 Notice how your feet touch the ground.
  - 🌳 Be aware of your environment and surroundings.
 

 By practicing mindful walking, you can enhance your awareness and enjoy the present moment more fully.",life,,,"{""🌿 Walking meditation is a game changer"":""https://www.reddit.com/r/Meditation/comments/gqi12y/walking_meditation_is_a_game_changer/""}","{""🌍 Sensation of Each Step"":""What do you notice about your body and mind when you focus on the sensation of each step?"",""🌿 Enhance Your Awareness"":""How can integrating mindful walking into your daily routine improve your overall mindfulness?"",""🌳 Environmental Awareness"":""How does paying attention to your environment during a walk change your experience?"",""👣 Mindful Walking Practice"":""How can mindful walking help you become more aware of your surroundings and sensations?""}","[""How does mindful walking change your perspective today?""]",,,mindfulness,,,,,,,,
237,91,The Calming Path 🧘‍♂️,Quick Meditation Guide,"**Hi _CLIENTNAME_! 🌟**
 

 Let’s incorporate a brief meditation session today. Find a quiet space and focus on your breath for a few minutes.
 

 **Here’s how:**
 

 1. **Set Aside 5 Minutes:** Dedicate a few minutes to meditation.
  - 🌿 Find a quiet, comfortable space.
  - 🛋️ Sit or lie down in a relaxed position.
 

 2. **Focus on Your Breathing:** Concentrate on your breath.
  - 🌬️ Inhale deeply through your nose, and exhale slowly through your mouth.
  - 🧠 Let go of any distractions and bring your attention back to your breath.
 

 By setting aside just 5 minutes for meditation, you can experience increased calm and clarity in your day.",life,,,"{""🧘‍♂️ People who meditate regularly, how does it really feel?"":""https://www.reddit.com/r/AskReddit/comments/kobnzw/people_who_meditate_regularly_how_does_it_really/""}","{""🌿 5-Minute Calm"":""How can a brief 5-minute meditation session benefit my daily routine?"",""🌬️ Focus on Breathing"":""What techniques can help me concentrate better on my breath during meditation?"",""🛋️ Relaxed Posture Tips"":""How should I position myself for the most comfortable and effective meditation session?"",""🧘‍♂️ Quick Meditation Guide"":""How can I create a calming space at home for daily meditation?""}","[""When do you feel most at peace in your day?""]",,,mindfulness,,,,,,,,
238,92,Mindful Eating 🍽️,"Taste, Texture, Aroma","**Hi _CLIENTNAME_! 🌟**
 

 Mindful eating can also be a powerful practice. Pay attention to the taste, texture, and aroma of your food.
 

 **Here’s how:**
 

 1. **Practice Mindful Eating:** During one meal today, focus on the eating experience.
  - 🍽️ Savor each bite and notice the taste, texture, and aroma.
  - 🕰️ Chew slowly and enjoy the process of eating.
 

 By practicing mindful eating, you can enhance your appreciation for your food and improve your overall eating habits.",life,,,"{""🍽️ Mindful Eating Tip"":""https://www.reddit.com/r/Mindfulness/comments/2qn9jf/mindful_eating_tip/""}","{""🕰️ Slow Down"":""How can chewing slowly and enjoying my food improve my eating habits?"",""🍽️ Mindful Eating"":""How can I practice mindful eating during my meals today?"",""🌟 Enhance Appreciation"":""Can mindful eating help me develop a better relationship with food? How?"",""👅 Taste, Texture, Aroma"":""What are some ways to fully experience the taste, texture, and aroma of my food?""}","[""How does mindful eating change your relationship with food?""]",,,mindfulness,,,,,,,,
239,93,Body Scan Exercise 🌟,Focus Your Mind,"**Hi _CLIENTNAME_! 🌟**
 

 Today, let’s try a body scan exercise. Slowly focus on each part of your body, from your toes to your head, noticing any sensations.
 

 **Here’s how:**
 

 1. **Practice a Body Scan Meditation:** Dedicate a few minutes to this mindful exercise.
  - 🦶 **Start at Your Toes:** Focus on any sensations you feel.
  - 🧍 **Move Up Slowly:** Gradually shift your attention to each part of your body, moving up to your head.
  - 🧠 **Notice Sensations:** Pay attention to how each part feels, without judgment.
 

 By practicing a body scan meditation, you can enhance your body awareness and promote relaxation.",life,,,"{""🧘 Any tips for body scanning?"":""https://www.reddit.com/r/Meditation/comments/pttt1r/any_tips_for_body_scanning/""}","{""🦶 Start at Toes"":""What sensations do you notice when you focus on your toes during a body scan exercise?"",""🧍 Move Up Slowly"":""Can you describe the process and benefits of moving attention slowly from toes to head in a body scan?"",""🧠 Notice Sensations"":""How does paying attention to bodily sensations without judgment improve mindfulness?"",""🧘‍♂️ Body Scan Focus"":""How can I effectively practice a body scan meditation to enhance relaxation?""}","[""How did the body scan exercise affect your physical and mental state? Did you notice any areas of tension or relaxation?""]",,,mindfulness,,,,,,,,
240,94,Integrate Mindfulness into Daily Tasks 🌟,Living with intention,"**Hi _CLIENTNAME_! 🌟**
 

 Integrate mindfulness into a routine activity, like brushing your teeth or washing dishes. Focus on the sensations and the process.
 

 **Here’s how:**
 

 1. **🪥 Practice Mindfulness During a Routine Activity:** Choose an everyday task to focus on.
  - Example: Brushing your teeth or washing dishes.
 

 2. **🔍 Pay Attention to Details:** Notice the sensations and the process involved.
  - Example: Feel the bristles on your teeth, the taste of the toothpaste, or the warmth of the water and the texture of the dishes.
 

 By practicing mindfulness during routine activities, you can bring more presence and awareness into your daily life.",life,,,"{""🧘‍♂️ What's your morning mindfulness ritual?"":""https://www.reddit.com/r/Mindfulness/comments/z7x4a0/whats_your_morning_mindfulness_ritual/""}","{""🧼 Mindful Washing"":""What are some mindfulness techniques I can use while washing dishes?"",""🔍 Sensory Awareness"":""What specific details should I focus on to practice mindfulness during routine tasks?"",""🪥 Mindful Routine Tasks"":""How can I incorporate mindfulness into my daily activities like brushing my teeth?"",""🌟 Presence in Daily Life"":""How can practicing mindfulness during everyday tasks improve my overall awareness and presence?""}","[""How did integrating mindfulness into a routine activity change your experience? What did you notice that you hadn’t before?""]",,,mindfulness,,,,,,,,
241,95,Stress Reduction Techniques 🌟,Manage Stress for Better Health,"**Hi _CLIENTNAME_! 🌟**
 

 Today, we’ll focus on stress reduction techniques. Learning how to manage stress effectively can improve your mental health and support your weed-free goals. 🌿
 

 **Here’s how:**
 

 1. 🌬️ **Practice Deep Breathing Exercises:** Try the 4-7-8 technique to calm your mind and body.
  - 🌀 **Inhale:** Breathe in through your nose for 4 seconds.
  - 🕒 **Hold:** Hold your breath for 7 seconds.
  - 🌬️ **Exhale:** Exhale slowly through your mouth for 8 seconds.
 

 By practicing deep breathing, you can reduce stress and enhance your overall well-being.",life,LO-Use-State,I want to moderate my use,"{""💡 LPT: Stress management lessons learned from a USAF fighter pilot"":""https://www.reddit.com/r/LifeProTips/comments/61vu5x/lpt_stress_management_lessons_learned_from_a_usaf/""}","{""🕒 4-7-8 Technique"":""What are the steps of the 4-7-8 breathing technique, and how do they contribute to stress reduction?"",""🌿 Stress Management"":""In what ways can managing stress support my cannabis moderation goals?"",""🌀 Breathing Practice Routine"":""How can I incorporate deep breathing exercises into my daily routine to improve my mental health?"",""🌬️ Deep Breathing Benefits"":""How can deep breathing exercises help me manage stress effectively?""}","[""How did the deep breathing exercise make you feel? Did you notice any changes in your stress levels or mood?""]",,,mindfulness,,,,,,,,
242,95,Stress Reduction Techniques 🌟,Manage Stress for Better Health,"**Hi _CLIENTNAME_! 🌟**
 

 Today, we’ll focus on stress reduction techniques. Learning how to manage stress effectively can improve your mental health and support your weed-free goals. 🌿
 

 **Here’s how:**
 

 1. 🌬️ **Practice Deep Breathing Exercises:** Try the 4-7-8 technique to calm your mind and body.
  - 🌀 **Inhale:** Breathe in through your nose for 4 seconds.
  - 🕒 **Hold:** Hold your breath for 7 seconds.
  - 🌬️ **Exhale:** Exhale slowly through your mouth for 8 seconds.
 

 By practicing deep breathing, you can reduce stress and enhance your overall well-being.",life,LO-Use-State,I want to stop entirely,"{""💡 LPT: Stress management lessons learned from a USAF fighter pilot"":""https://www.reddit.com/r/LifeProTips/comments/61vu5x/lpt_stress_management_lessons_learned_from_a_usaf/""}","{""🕒 4-7-8 Technique"":""What are the steps of the 4-7-8 breathing technique, and how do they contribute to stress reduction?"",""🌿 Stress Management"":""In what ways can managing stress support my weed-free goals?"",""🌀 Breathing Practice Routine"":""How can I incorporate deep breathing exercises into my daily routine to improve my mental health?"",""🌬️ Deep Breathing Benefits"":""How can deep breathing exercises help me manage stress effectively?""}","[""How did the deep breathing exercise make you feel? Did you notice any changes in your stress levels or mood?""]",,,mindfulness,,,,,,,,
243,96,Scheduling Relaxation Time 🌟,Unwind and Recharge,"**Hi _CLIENTNAME_! 🌟**
 

 Today, let’s focus on scheduling relaxation time. Set aside specific times each day for activities that help you unwind.
 

 **Here’s how:**
 

 1. **🗓️ Schedule Relaxation Time:** Set aside 15 minutes today for a relaxing activity.
  - **🎶 Example:** Choose something you enjoy, like listening to music, taking a walk, or reading a book.
 

 By dedicating time for relaxation, you can enhance your mental well-being and support your moderation goals.",life,LO-Use-State,I want to moderate my use,"{""🧘‍♂️ How do you productively relax?"":""https://www.reddit.com/r/productivity/comments/y5n4q2/how_do_you_productively_relax/""}","{""🌟 Enhance Mental Well-being"":""How does scheduling relaxation time contribute to achieving your cannabis moderation goals?"",""🗓️ Schedule Relaxation Time"":""How can I effectively schedule daily relaxation activities to support my well-being?"",""📅 Consistent Relaxation Routine"":""How can I create a consistent relaxation routine to enhance my mental well-being?"",""🎶 Personal Relaxation Strategies"":""What are some activities you enjoy that help you unwind and recharge?""}","[""How did taking dedicated relaxation time impact your stress levels and mood?"",""What activities helped you relax the most?""]",,,mindfulness,,,,,,,,
244,96,Scheduling Relaxation Time 🌟,Unwind and Recharge,"**Hi _CLIENTNAME_! 🌟**
 

 Today, let’s focus on scheduling relaxation time. Set aside specific times each day for activities that help you unwind.
 

 **Here’s how:**
 

 1. **🗓️ Schedule Relaxation Time:** Set aside 15 minutes today for a relaxing activity.
  - **🎶 Example:** Choose something you enjoy, like listening to music, taking a walk, or reading a book.
 

 By dedicating time for relaxation, you can enhance your mental well-being and support your moderation goals.",life,LO-Use-State,I want to stop entirely,"{""🧘‍♂️ How do you productively relax?"":""https://www.reddit.com/r/productivity/comments/y5n4q2/how_do_you_productively_relax/""}","{""🌟 Enhance Mental Well-being"":""How does scheduling relaxation time contribute to achieving your weed-free goals?"",""🗓️ Schedule Relaxation Time"":""How can I effectively schedule daily relaxation activities to support my well-being?"",""📅 Consistent Relaxation Routine"":""How can I create a consistent relaxation routine to enhance my mental well-being?"",""🎶 Personal Relaxation Strategies"":""What are some activities you enjoy that help you unwind and recharge?""}","[""How did taking dedicated relaxation time impact your stress levels and mood?"",""What activities helped you relax the most?""]",,,mindfulness,,,,,,,,
245,97,Mindfulness Meditation 🧘‍♂️,"Reduce Stress, Feel Better","**Hi _CLIENTNAME_! 🌟**
 

 Mindfulness meditation is a great tool for stress reduction. Try a short meditation session using an app like Headspace or Calm.
 

 **Here’s how:**
 

 1. **🕒 Spend 5-10 Minutes on Meditation:** Use a guided mindfulness meditation app.
  - **💭 Example:** Focus on your breath and let go of distractions.
 

 By incorporating a short meditation session into your day, you can effectively reduce stress and enhance your overall well-being.",life,,,"{""🧘‍♂️ What exactly are the benefits to meditating?"":""https://www.reddit.com/r/Meditation/comments/8zmewf/what_exactly_are_the_benefits_to_meditating/""}","{""💭 Focus on Breathing"":""Can you guide me through a basic mindfulness meditation focusing on breath?"",""🌟 Stress Reduction Tips"":""How does mindfulness meditation help in reducing stress and improving well-being?"",""🕒 Short Meditation Sessions"":""What are some effective ways to fit 5-10 minutes of meditation into my busy schedule?"",""🧘‍♂️ Try Mindfulness Meditation"":""How can I start incorporating mindfulness meditation into my daily routine?""}","[""How did the mindfulness meditation session affect your mental state and stress levels? What did you find most helpful?""]",,,mindfulness,,,,,,,,
246,98,Progressive Muscle Relaxation 🌟,Reduce Tension Easily,"**Hi _CLIENTNAME_! 🌟**
 

 Today, let’s explore progressive muscle relaxation. This technique can help reduce physical tension and stress.
 

 **Here’s how:**
 

 1. **Try Progressive Muscle Relaxation:** Follow these steps to practice.
  - 🦶 **Tense and Relax:** Start from your toes and move up to your head, tensing and then relaxing each muscle group.
 

 By incorporating this exercise into your routine, you can effectively reduce tension and enhance your overall well-being.",life,,,"{""💪 Has anyone done 30 days progressive muscle relaxation?"":""https://www.reddit.com/r/Meditation/comments/opdvjk/has_anyone_done_30_days_progressive_muscle/""}","{""🦶 Tense and Relax"":""What steps can I follow to practice progressive muscle relaxation effectively?"",""🌟 Well-Being Boost"":""How does progressive muscle relaxation enhance overall well-being?"",""😌 Progressive Relaxation"":""How can I incorporate progressive muscle relaxation into my daily routine to reduce stress?"",""💆‍♂️ Reduce Physical Tension"":""Can you guide me through a session of progressive muscle relaxation to help ease my tension?""}","[""How did the progressive muscle relaxation exercise make you feel? Did you notice any areas of tension or relaxation?""]",,,mindfulness,,,,,,,,
247,99,Thought-Action Fusion 🧠,Master Your Mind,"**Separate Thoughts from Actions**: Today, let’s challenge the belief that thinking about cannabis leads to use. Thought-action fusion is the mistaken belief that having a thought about an action is the same as performing the action.
 

 **Here’s how:**
 

 1. **🧩 Challenge the Belief:** Recognize that thinking about cannabis does not mean you have to use it.
  - Example: Understand that a craving is just a thought, not an obligation to act.
 

 2. **⏳ Practice Delaying Action:** When you have a craving, delay the action by 10 minutes.
  - **Example:** Set a timer for 10 minutes and distract yourself with another activity. Often, the craving will diminish or pass.
 

 By separating thoughts from actions and practicing delay, you can gain better control over your impulses and make more mindful choices.",life,,,"{""🧘‍♂️ Separate yourself from these thoughts again and again"":""https://www.reddit.com/r/Mindfulness/comments/kptpbg/separate_yourself_from_these_thoughts_again_and/""}","{""🕰️ Craving Control"":""How effective is delaying action in reducing cravings, and how can I implement this?"",""🧠 Thought vs. Action"":""What are strategies to help me separate my thoughts from my actions?"",""⏳ Delay Action Practice"":""Can you guide me on activities to distract myself when I have a craving?"",""🧩 Challenge the Belief"":""How can I recognize that thinking about cannabis doesn’t mean I have to use it?""}","[""How do you separate your thoughts from your actions?""]",,,mindfulness,,,,,,,,
248,100,The Power of Now 🌟,Present Moment Awareness,"**Stay Present**: Practice staying present to reduce stress-related cannabis use. By focusing on the current moment, you can alleviate stress and curb the impulse to use cannabis.
 

 **Here’s how:**
 

 1. 🌱 **Practice Present Moment Awareness:** Spend 5 minutes focusing entirely on your current activity.
  - 🍽️ **Example:** If you're washing dishes, pay attention to the feel of the water, the scent of the soap, and the texture of the dishes.
 

 By practicing present moment awareness, you can reduce stress and make more mindful choices, helping to manage cannabis use more effectively.",life,,,"{""🧘‍♂️ What's the big deal about the present moment?"":""https://www.reddit.com/r/Meditation/comments/9dhm10/whats_the_big_deal_about_the_present_moment/""}","{""🍽️ Sensory Focus"":""What are some everyday tasks where I can practice paying attention to sensory details to stay present?"",""🌟 Present Moment Awareness"":""How can I integrate present moment awareness into my daily routine to help manage my cannabis use?"",""🌱 Mindful Activity Practice"":""Can you guide me through a 5-minute activity to practice staying present?"",""🧘 Stress Reduction Techniques"":""How can focusing on the present moment help reduce my stress-related cannabis use?""}","[""When are you most present and how does it feel?""]",,,mindfulness,,,,,,,,
249,101,Mindful Breathing 🧘‍♀️,Manage Cravings and Stress,"**Manage Cravings and Stress**: Practice mindful breathing exercises to help manage cravings and reduce stress. Focusing on your breath can bring calm and clarity, making it easier to handle urges and anxiety.
 

 **Here’s how:**
 

 1. 🧘 **Mindful Breathing Exercise:** Spend a few minutes practicing this technique.
  - 🌬️ **Example:** Inhale deeply through your nose for 4 seconds, hold your breath for 7 seconds, and then exhale slowly through your mouth for 8 seconds.
 

 By incorporating mindful breathing into your daily routine, you can improve your ability to manage stress and cravings effectively.",life,,,"{""😊 Mindful breathing is so underrated and powerful! I just wanted to share my experience."":""https://www.reddit.com/r/Mindfulness/comments/hqeieq/mindful_breathing_is_so_underrated_and_powerful_i/""}","{""💭 Clarity Through Breath"":""How does focusing on my breath help in managing cravings and finding calm?"",""🕒 Daily Breathing Practice"":""What are some tips for incorporating mindful breathing into my daily routine?"",""🧘 Manage Cravings and Stress"":""How can I effectively use mindful breathing to reduce cravings and stress?"",""🌬️ Deep Breathing Technique"":""Can you guide me through a mindful breathing exercise to help manage anxiety?""}","[""When stressed, how does your body physically react?""]",,,mindfulness,,,,,,,,
250,102,Loving-Kindness Meditation 😊,Cultivate Compassion,"**Cultivate Compassion**: Engage in loving-kindness meditation to cultivate compassion for yourself and others. This practice helps enhance empathy, reduce stress, and promote emotional well-being.
 

 **Here’s how:**
 

 1. 🧘‍♂️ **Find a Quiet Space:** Sit comfortably and close your eyes.
 2. 🌬️ **Focus on Your Breath:** Take a few deep breaths to center yourself.
 3. 💖 **Send Loving-Kindness to Yourself:** Repeat phrases like, “May I be happy, may I be healthy, may I be safe, may I live with ease.”
 4. 🌍 **Extend Compassion to Others:** Gradually extend these wishes to loved ones, acquaintances, and even those you find challenging.
 

 By practicing loving-kindness meditation, you can build a sense of connection and empathy, benefiting both yourself and those around you.",life,,,"{""🧘 I tried loving kindness meditation while I was stuck in traffic"":""https://www.reddit.com/r/Meditation/comments/kx09uu/i_tried_loving_kindness_meditation_while_i_was/""}","{""🌍 Extend Compassion"":""How can I effectively extend loving-kindness to people I find challenging?"",""😊 Cultivate Compassion"":""How can loving-kindness meditation help me build empathy and emotional well-being?"",""💖 Self-Loving Affirmations"":""How can repeating self-affirming phrases enhance my overall well-being?"",""🧘‍♂️ Find Quiet Space"":""What are some tips for creating a peaceful space for meditation?""}","[""How do you show compassion to yourself daily?""]",,,mindfulness,,,,,,,,
251,103,Authenticity 🌟,Live Your True Self,"**Live Authentically**: Strive for authenticity by setting goals that align with your true self. Reflect on what it means to live authentically and how your goals support that.
 

 **Here’s how:**
 

 1. **Reflect on Authenticity:** Consider what living authentically means to you.
  - 🧠 **Example:** Think about your core values, passions, and beliefs.
 

 2. **Set Authentic Goals:** Ensure your goals align with your true self.
  - 🎨 **Example:** If creativity is important to you, set goals that allow you to express your creativity.
 

 3. **Evaluate Your Goals:** Regularly assess whether your goals reflect your authentic self.
  - 🔍 **Example:** Ask yourself if your current goals resonate with your personal values and aspirations.
 

 By focusing on authenticity, you can set meaningful goals that truly reflect who you are and what you want from life.",life,,,"{""💭 What does authenticity mean to you and what experiences in your life do you believe shaped your understanding of it?"":""https://www.reddit.com/r/Existentialism/comments/18yarw4/what_does_authenticity_mean_to_you_and_what/""}","{""🌟 Live Authentically"":""What does living authentically mean to you, and how can you integrate it into your daily life?"",""🎯 Set Authentic Goals"":""What goals can you set that align with your core values and passions?"",""🔍 Evaluate Your Goals"":""How do your current goals align with your true self, and what adjustments might be necessary?"",""🧠 Reflect on Authenticity"":""Can you identify moments in your life when you felt most authentic? What made those moments special?""}","[""What does living authentically look like in your daily life?""]",,,mindfulness,,,,,,,,
252,104,Unconditional Positive Regard 🌟,Boost Motivation with Self-Acceptance,"**Boost Motivation with Self-Acceptance**: Practice unconditional positive regard towards yourself to enhance motivation and well-being. This means accepting yourself fully, without judgment, and fostering a positive self-view.
 

 **Here’s how:**
 

 1. **🌸 Practice Self-Acceptance:** Embrace who you are without conditions.
  - **Example:** Acknowledge your strengths and weaknesses without self-criticism.
 

 2. **✍️ Write Affirmations:** Create affirmations that express self-acceptance and positivity.
  - **Example:** ""I accept myself as I am,"" ""I am worthy of love and respect,"" ""I am enough just as I am.""
 

 3. **🔁 Repeat Daily:** Incorporate these affirmations into your daily routine to reinforce a positive self-image.
 

 By practicing unconditional positive regard and writing affirmations, you can boost your motivation and foster a healthier, more accepting relationship with yourself.",life,,,"{""🌟 Why is self love so hard? Ways you have achieved it!"":""https://www.reddit.com/r/lawofattraction/comments/5511zv/why_is_self_love_so_hard_ways_you_have_achieved/""}","{""😊 Boost Motivation"":""How does practicing self-acceptance improve motivation and well-being?"",""✍️ Affirm Self-Worth"":""What are some affirmations I can write to enhance self-acceptance?"",""🌸 Embrace Self-Acceptance"":""How can I start practicing unconditional positive regard towards myself?"",""🔁 Daily Affirmation Practice"":""Can you suggest ways to incorporate affirmations into my daily routine?""}","[""What part of yourself do you find hardest to accept?""]",,,mindfulness,,,,,,,,
253,105,Embrace Your World 🌟,Mindfulness Tips,"**Hi _CLIENTNAME_! 🌟**
 

 Today, let’s embrace the concept of being fully present and engaged in your world. This involves practicing mindfulness and focusing on your daily activities without distraction.
 

 **Here’s how:**
 

 1. **🧘 Be Present:** Fully engage in your activities.
  - **🍽️ Example:** When eating, focus on the taste, texture, and aroma of your food without distractions like TV or phone.
 

 2. **🌀 Reflect on Your Experiences:** Think about a recent time when you were completely engaged in an activity.
  - **🤔 Example:** Compare how you felt during this experience versus times when you were distracted or using cannabis.
 

 3. **🌼 Incorporate Mindful Moments:** Include more mindful moments in your day.
  - **👣 Example:** Set aside time each day to engage in an activity mindfully, such as walking, cooking, or talking to a friend without distractions.
 

 By being fully present and engaged in your world, you can enhance your overall well-being and create a more fulfilling daily life.",life,,,"{""🧠 How does \""being-in-the-world\"" differ from mere \""being\""?"":""https://www.reddit.com/r/askphilosophy/comments/ck7w05/how_does_beingintheworld_differ_from_mere/""}","{""🧘 Be Present"":""How can I incorporate mindfulness into my daily activities to enhance my well-being?"",""🌼 Mindful Moments"":""How can I include more mindful moments throughout my day to reduce stress and increase fulfillment?"",""🍽️ Mindful Eating"":""What are some ways to practice mindful eating and fully enjoy my meals?"",""🌀 Reflect on Engagement"":""Can you help me reflect on a recent experience where I was fully engaged versus distracted?""}","[""When were you last fully present and how did it feel?""]",,,mindfulness,,,,,,,,
254,106,Five Senses Exercise 🌟,"Engage All Senses, Beat Cravings","**Hi _CLIENTNAME_! 🌟**
 

 Enhance mindfulness by engaging all five senses. This practice helps anchor you in the present moment and reduce cravings.
 

 **Here’s how:**
 

 1. **Find a Quiet Space:** Sit comfortably and take a few deep breaths.
 

 2. **Engage Your Senses:**
  - 👀 **See:** Look around and describe what you see in detail.
  - **Example:** Notice the colors, shapes, and objects in your environment.
  - 👂 **Hear:** Focus on the sounds around you.
  - **Example:** Listen to the hum of the air conditioner, birds chirping, or distant traffic.
  - 👃 **Smell:** Identify any scents in your immediate surroundings.
  - **Example:** Notice the smell of your coffee, a scented candle, or fresh air.
  - 👅 **Taste:** Pay attention to any tastes in your mouth.
  - **Example:** If you're eating or drinking, savor the flavors.
  - ✋ **Touch:** Focus on what you can feel.
  - **Example:** Notice the texture of your clothes, the chair you're sitting on, or the temperature of the air.
 

 3. **Describe Each Sensation:** Take a moment to describe each sensation in detail.
  - **Example:** ""I see the green leaves of the plants, the smooth texture of the table, and hear the gentle hum of the fridge.""
 

 By focusing on your senses, you can bring your attention to the present moment, helping to reduce cravings and enhance your mindfulness.",life,,,"{""🧘 Is mindfulness about being aware of all 5 senses?"":""https://www.reddit.com/r/Mindfulness/comments/8oqsjq/is_mindfulness_about_being_aware_of_all_5_senses/""}","{""✋ Touch Awareness"":""What textures are you noticing, and how do they influence your sense of presence?"",""👂 Hear and Be Present"":""What sounds can you focus on right now to anchor yourself in the moment?"",""👀 See Your Surroundings"":""How can describing the visual details around you help reduce cravings?"",""👃 Smell for Mindfulness"":""How can identifying scents in your environment help ground you in the present?""}","[""Which sense most anchors you to the present moment? Why?""]",,,mindfulness,,,,,,,,
255,107,Grounding Techniques 🌟,Manage Stress with Ease,"**Hi _CLIENTNAME_! 🌟**
 

 Use grounding techniques to stay present and manage stress. One effective method is the ""5-4-3-2-1"" technique.
 

 **Here’s how:**
 

 1. **Identify Five Things You Can See:**
  - 👀 **Example:** Look around and name five things you can see, such as a book, a plant, a picture on the wall, a cup, and your shoes.
 

 2. **Identify Four Things You Can Touch:**
  - ✋ **Example:** Notice the texture of four things you can touch, such as the fabric of your clothes, the smooth surface of a table, a soft cushion, and the cool metal of a doorknob.
 

 3. **Identify Three Things You Can Hear:**
  - 👂 **Example:** Listen and identify three sounds you can hear, such as birds chirping, a clock ticking, and distant chatter.
 

 4. **Identify Two Things You Can Smell:**
  - 👃 **Example:** Pay attention to two scents around you, like the aroma of coffee or the fresh smell of the outdoors.
 

 5. **Identify One Thing You Can Taste:**
  - 👅 **Example:** Focus on the taste in your mouth, whether it's a lingering flavor from a meal or a sip of water.
 

 By practicing the ""5-4-3-2-1"" technique, you can stay grounded, reduce anxiety, and manage cravings effectively.",life,,,"{""🧘‍♀️ Try This Technique Next Time You Feel Stressed Or Overwhelmed"":""https://www.reddit.com/r/coolguides/comments/pb8ax7/try_this_technique_next_time_you_feel_stressed_or/""}","{""✋ Touch for Calm"":""What are some textures you can focus on to ground yourself during stressful moments?"",""👂 Sound Awareness"":""How can recognizing and focusing on three different sounds help you stay present?"",""👀 Grounding Vision Check"":""How can identifying five things you can see help reduce stress and anxiety?"",""👃 Scent and Taste Grounding"":""How do scent and taste contribute to the effectiveness of the '5-4-3-2-1' grounding technique?""}","[""What do you notice about your feelings after grounding yourself?""]",,,mindfulness,,,,,,,,
256,108,Breath Counting 🧘‍♀️,Enhance Focus with Simple Meditation,"**Hi _CLIENTNAME_! 🌟**
 

 Use breath counting as a simple meditation technique to enhance focus.
 

 **Here’s how:**
 

 1. **🪑 Sit Comfortably:** Find a quiet place to sit comfortably.
 2. **🔢 Count Each Breath:** Inhale and count ""one,"" exhale and count ""two,"" and continue up to ten.
 3. **🔄 Start Over:** When you reach ten, start counting from one again.
 4. **🔙 Refocus When Needed:** If your mind wanders, gently bring your attention back to your breath and continue counting.
 

 By practicing breath counting, you can improve concentration, reduce stress, and enhance overall well-being.",life,,,"{""🧘‍♂️ Counting Breaths: Yay or Nay?"":""https://www.reddit.com/r/Meditation/comments/5nlbph/counting_breaths_yay_or_nay/""}","{""🔄 Refocus Technique"":""What should I do if my mind wanders while practicing breath counting meditation?"",""🔢 Count Each Breath"":""Can you guide me through the steps of breath counting meditation?"",""🪑 Comfortable Meditation Spot"":""How can I find or create the perfect spot in my home for breath counting meditation?"",""🧘‍♀️ Breath Counting Meditation"":""How can I incorporate breath counting meditation into my daily routine for better focus?""}","[""When your mind wanders, what thoughts typically distract you?""]",,,mindfulness,,,,,,,,
257,109,Strengthen Your Connections 🌟,Build strong relationships,"Hi _CLIENTNAME_! 🌟
 

 This week, we’ll focus on strengthening your social connections. Building strong relationships can provide valuable support and enhance your overall well-being. 🤝
 

 ⭐️ Plan a social activity with a friend or family member today. It could be:
 - 🚶 A walk
 - ☕ A coffee date
 - 💻 A video call",life,,,"{""❤️ LPT: If you want to build your relationships, make sure to acknowledge others' efforts"":""https://www.reddit.com/r/LifeProTips/comments/qb56yb/lpt_if_you_want_to_build_your_relationships/""}","{""🧩 Building Strong Ties"":""What steps can I take to build and maintain strong relationships?"",""📅 Plan Social Activities"":""What are some enjoyable social activities I can plan with friends or family?"",""💬 Meaningful Interactions"":""How can I ensure my social interactions are meaningful and supportive?"",""🤝 Strengthen Social Connections"":""How can I strengthen my relationships to enhance my overall well-being?""}","[""How can you deepen an important relationship this week?""]",,,relationships,,,,,,,,
258,110,Building Connections 🌟,Tips for Adults,"**Hi _CLIENTNAME_! 🌟**
 

 Making friends and social connections as an adult can be challenging, but it's essential for your well-being. Here are some tips to help you build meaningful relationships:
 

 1. **Be Friendly and Open:** Act like someone who isn’t lonely. Approach people with openness and friendliness, but don’t come on too strong.
  - **Tip:** Show genuine interest in others without expecting immediate deep connections.
 

 2. **Pursue Your Interests:** Engage in activities you enjoy to meet like-minded people.
  - **Examples:** 📝 Join a writing workshop, 🗣️ take a language class, or 🎨 learn a new hobby like pottery or dance.
 

 3. **Initiate Plans:** Don’t hesitate to be the one to initiate plans with friends.
  - **Tip:** It’s okay to be the initiator. It helps maintain relationships and makes it easier to invite new people along.
 

 **Action Step:**
 

 ⭐️ Plan a social activity with a friend or family member today. It could be a walk, a coffee date, or a video call. Also, consider joining a group or class related to your interests.",life,,,"{""🤝 LPT: Making friends and social connections as an adult can have significant positive impacts on your mental health"":""https://www.reddit.com/r/LifeProTips/comments/11igvtg/lpt_making_friends_and_social_connections_as_an/""}","{""🌟 Build Connections"":""How can I approach people with openness and friendliness without coming on too strong?"",""📅 Initiate Social Plans"":""How can I become more comfortable initiating plans with friends or acquaintances?"",""⭐️ Plan Social Activities"":""Can you suggest some social activities that I could plan with friends or family today?"",""🎨 Pursue Interests Together"":""What activities could I join to meet like-minded people and build connections?""}","[""What’s one genuine interest you can share to build connections?""]",,,relationships,,,,,,,,
259,111,Reconnecting with Old Friends 🤝,Strengthen Your Social Network,"**Hi _CLIENTNAME_! 🌟**
 

 Today, let's focus on reaching out to someone you haven't talked to in a while. Reconnecting with old friends can strengthen your social network.
 

 **Here’s how:**
 

 1. **📞 Reach Out:** Send a message or make a call to someone you've lost touch with.
  - **💬 Example:** Start with a simple greeting and ask how they’ve been.
 

 2. **🤗 Catch Up:** Share what’s been going on in your life and ask about theirs.
  - **🏞 Example:** Mention any recent activities, hobbies, or changes in your life.
 

 **Action Step:**
 

 ⭐️ Send a message or make a call to someone you've lost touch with. Catch up and share how you've been doing.
 

 Reconnecting with old friends can reignite meaningful relationships and expand your social support network.",life,,,"{""🤝 LPT REQUEST: How to reconnect with old friends"":""https://www.reddit.com/r/LifeProTips/comments/15qso49/lpt_request_how_to_reconnect_with_old_friends/""}","{""📞 Make the Call"":""What is a simple but effective way to start a conversation with someone I've lost touch with?"",""🗣 Share Your Life"":""How should I share updates about my recent activities and changes in life to reconnect meaningfully?"",""🤝 Reconnect with Friends"":""How can I effectively reach out to an old friend I haven't talked to in a while?"",""⭐️ Strengthen Social Network"":""What are the benefits of reconnecting with old friends and how can it impact my social network?""}","[""Who have you been wanting to reconnect with, and why?""]",,,relationships,,,,,,,,
260,112,Building Connections 🤝,Be There for Others,"**Hi _CLIENTNAME_! 🌟**
 

 Building strong social connections often involves being there for others. Offer support or lend a listening ear to someone in need.
 

 **Here’s how:**
 

 1. **🤔 Reach Out:** Identify a friend or family member who might need support.
  - **💡 Example:** Think of someone going through a tough time or who hasn't been themselves lately.
 

 2. **👂 Listen and Help:** Contact them to listen and offer your help.
  - **📞 Example:** Send a message or make a call, letting them know you're there for them and willing to listen.
 

 **Action Step:**
 

 ⭐️ Reach out to a friend or family member who might need support. Listen to them and offer your help.
 

 By offering support and being there for others, you can strengthen your social connections and foster meaningful relationships.",life,,,"{""❤️‍🩹 IWTL how to help/support someone who is going through cancer"":""https://www.reddit.com/r/IWantToLearn/comments/gaeliy/iwtl_how_to_helpsupport_someone_who_is_going/""}","{""📞 Reach Out and Listen"":""How can you make time to reach out and listen to a friend or family member today?"",""👂 Offer Genuine Support"":""What are some ways you can offer meaningful help to someone going through a tough time?"",""💡 Build Strong Connections"":""How has being there for others positively impacted your relationships in the past?"",""🤔 Identify Someone in Need"":""Who in your life could use some support right now?""}","[""Who needs your support right now, and how will you help?""]",,,relationships,,,,,,,,
261,113,Engage in Group Activities 🌟,Build Connections Effortlessly,"**Hi _CLIENTNAME_! 🌟**
 

 Today, let’s focus on participating in group activities. Engaging in group settings can help you build new connections and strengthen existing ones.
 

 **Here’s how:**
 

 1. **Join a Group Activity or Event:** Find a group activity that interests you.
  - 🎨 **Examples:** Join a hobby group, attend a community event, or participate in an online gathering.
 

 2. **Engage Actively:** Be present and participate fully in the activity.
  - 💬 **Example:** Introduce yourself, join conversations, and show interest in others.
 

 **Action Step:**
 

 ⭐️ Join a group activity or event. It could be a hobby group, a community event, or an online gathering.
 

 Participating in group activities can enhance your social network and provide opportunities to make new friends and strengthen existing relationships.",life,,,"{""🤝 What hobbies made you meet people and make friends?"":""https://www.reddit.com/r/socialskills/comments/16zm62b/what_hobbies_made_you_meet_people_and_make_friends/""}","{""💬 Engage Actively:"":""How can I be more present and engaged in group settings?"",""🌐 Online Gatherings:"":""What are some online group activities that can help me connect with others?"",""🎨 Join Group Activities:"":""What are some group activities I can join to build connections?"",""✨ Build Connections Effortlessly:"":""Can you suggest ways to strengthen my existing relationships through group activities?""}","[""How do group activities make you feel about social connections?""]",,,relationships,,,,,,,,
262,114,Quality Time Matters 😃,Build Stronger Bonds,"**Hi _CLIENTNAME_! 🌟**
 

 Let’s focus on quality over quantity. Spending meaningful time with a few close friends can be more fulfilling than brief interactions with many.
 

 **Here’s how:**
 

 1. **Plan a Meaningful Activity:** Choose an activity that allows for deeper connections.
  - 🍵 **Examples:** Have a heartfelt conversation over coffee, go for a hike, or cook a meal together.
 

 2. **Focus on Connection:** Use this time to strengthen your bond.
  - 💬 **Example:** Share your thoughts and listen actively to your friends.
 

 **Action Step:**
 

 ⭐️ Plan a meaningful activity with one or two close friends. Focus on deepening your connection.
 

 By prioritizing quality time with close friends, you can build stronger, more fulfilling relationships.",life,,,"{""🧠 How do you form deeper connections with people?"":""https://www.reddit.com/r/self/comments/11e4s31/how_do_you_form_deeper_connections_with_people/""}","{""💬 Deep Conversations"":""What meaningful activities can I plan to foster deeper connections with my friends?"",""⭐️ Bonding Activities"":""Can you suggest activities that encourage stronger bonds with close friends?"",""🍵 Quality Over Quantity"":""How can I prioritize quality time over quantity in my social interactions?"",""👥 Meaningful Connections"":""How can I focus on building more meaningful relationships rather than having many superficial ones?""}","[""How did spending quality time with close friends impact your relationship? Did it strengthen your bond?""]",,,relationships,,,,,,,,
263,115,Enhancing Communication Skills 🗣️,Improve Interactions Quickly,"**Hi _CLIENTNAME_! 🌟**
 

 This week, we’ll focus on enhancing your communication skills. Effective communication can improve your relationships and help you express your needs and boundaries clearly. 🗣️
 

 **Here’s how:**
 

 1. **Practice Active Listening:** Focus on truly understanding the speaker.
  - **👂 Examples:** Give your full attention, nod, make eye contact, and summarize what you’ve heard to show understanding.
 

 2. **Compose Your Thoughts:** Take a few seconds to think before you start talking.
  - **🧠 Example:** This helps you organize your thoughts and communicate more clearly.
 

 3. **Talk Slower and Breathe:** Speaking slowly and remembering to breathe can make your communication more effective.
  - **🌬️ Example:** It helps you stay calm and ensures that your message is understood.
 

 By enhancing your communication skills with these techniques, you can build stronger, more meaningful relationships and improve your overall interactions.",life,,,"{""🗣️ IWTL: How to improve communication skills and overcome social awkwardness"":""https://www.reddit.com/r/IWantToLearn/comments/2r7hx4/iwtl_how_to_improve_communication_skills_and/""}","{""👂 Active Listening Skills"":""How can I practice active listening to improve my relationships?"",""🗣️ Enhance Interactions"":""How can improving my communication skills help me build stronger relationships?"",""🧠 Thoughtful Communication"":""What are some techniques to help me organize my thoughts before speaking?"",""🌬️ Speak Calmly and Clearly"":""Can you provide tips on how to speak slower and remember to breathe during conversations?""}","[""How did practicing active listening change your interactions today? Did you notice any differences in how others responded to you?""]",,,relationships,,,,,,,,
264,116,Enhancing Communication Skills 🗣️,Improve Interactions Quickly,"**Hi _CLIENTNAME_! 🌟**
 

 This week, we’ll focus on enhancing your communication skills. Effective communication can improve your relationships and help you express your needs and boundaries clearly. 🗣️
 

 **Here’s how:**
 

 1. **Practice Active Listening:** Focus on truly understanding the speaker.
  - **👂 Examples:** Give your full attention, nod, make eye contact, and summarize what you’ve heard to show understanding.
 

 2. **Compose Your Thoughts:** Take a few seconds to think before you start talking.
  - **🧠 Example:** This helps you organize your thoughts and communicate more clearly.
 

 3. **Talk Slower and Breathe:** Speaking slowly and remembering to breathe can make your communication more effective.
  - **🌬️ Example:** It helps you stay calm and ensures that your message is understood.
 

 By enhancing your communication skills with these techniques, you can build stronger, more meaningful relationships and improve your overall interactions.",life,,,"{""🗣️ IWTL: How to improve communication skills and overcome social awkwardness"":""https://www.reddit.com/r/IWantToLearn/comments/2r7hx4/iwtl_how_to_improve_communication_skills_and/""}","{""👂 Active Listening Skills"":""How can I practice active listening to improve my relationships?"",""🗣️ Enhance Interactions"":""How can improving my communication skills help me build stronger relationships?"",""🧠 Thoughtful Communication"":""What are some techniques to help me organize my thoughts before speaking?"",""🌬️ Speak Calmly and Clearly"":""Can you provide tips on how to speak slower and remember to breathe during conversations?""}","[""How did clear expression impact your conversations today? Did it make your interactions more effective?""]",,,relationships,,,,,,,,
265,117,Using Open-Ended Questions 🌟,Enhance Your Conversations,"**Hi _CLIENTNAME_! 🌟**
 

 Open-ended questions encourage deeper conversations and understanding. They invite the other person to share more about their thoughts and experiences.
 

 **Here’s how:**
 

 1. **🗣️ Ask Open-Ended Questions:** These questions can't be answered with a simple ""yes"" or ""no.""
  - **Examples:** ""What was the highlight of your day?"" or ""How did that experience make you feel?""
 

 2. **🤝 Engage More Deeply:** Use these questions to engage more deeply with others.
  - **Example:** ""Can you tell me more about that?"" or ""What are your thoughts on this topic?""
 

 By asking open-ended questions in your conversations today, you can foster deeper connections and better understand the people around you.",life,,,"{""🗣️ Never run out of things to ask: asking open-ended questions"":""https://www.reddit.com/r/socialskills/comments/55ntpy/never_run_out_of_things_to_ask_asking_openended/""}","{""🌟 Highlight Moments"":""Can you suggest ways to ask about the highlights of someone's day to encourage more meaningful dialogue?"",""👂 Understand Better"":""What are some examples of open-ended questions that can help me understand someone’s experiences more fully?"",""🤝 Engage More Deeply"":""How can asking open-ended questions help me form deeper connections with others?"",""🗣️ Ask Open-Ended Questions"":""How can I incorporate more open-ended questions into my daily conversations?""}","[""How did asking open-ended questions affect your conversations? Did it lead to more meaningful interactions?""]",,,relationships,,,,,,,,
266,118,Mindful Body Language 😊,Improve Your Connections,"**Hi _CLIENTNAME_! 🌟**
 

 Body language is a crucial part of communication. Today, pay attention to your body language and that of others.
 

 **Here’s how:**
 

 1. **Relax and Open Up:** Keep your body relaxed and welcoming.
  - **Examples:** 
  - 😊 Let your shoulders down
  - 😀 Smile
  - 👀 Make eye contact
 

 2. **Engage Positively:** Approach people and start light-hearted conversations.
  - **Examples:** 
  - 👍 Nod
  - 👋 Say hi
  - 😄 Smile at people
  - 🤔 Prepare some interesting or funny discussion topics in your head
 

 3. **Be Thoughtful:** Show small acts of kindness.
  - **Examples:** 
  - 🚪 Hold doors open
  - 💧 Offer to fill someone’s water bottle
  - 🗣️ Ask them about their day or weekend
 

 4. **Show Genuine Interest:** Ask questions and listen attentively.
  - **Examples:** 
  - 🛠️ Ask work-related questions they can easily answer
  - 👂 Make sure to listen carefully to their responses
 

 By being mindful of your body language and engaging positively, you can improve your communication skills and build stronger connections with others.",life,,,"{""🤔 How do I signal to someone using body language?"":""https://www.reddit.com/r/socialskills/comments/dac8vd/how_do_i_signal_to_someone_using_body_language/""}","{""👂 Genuine Interest"":""How can I ask better questions and listen more attentively to strengthen my connections?"",""😄 Engage Positively"":""What light-hearted conversation starters can help me connect better with others?"",""😊 Relax and Open Up"":""How can I make my body language more welcoming in social situations?"",""💧 Show Thoughtfulness"":""What small acts of kindness can I incorporate into my daily routine to improve my interactions?""}","[""How did being aware of body language influence your interactions? Did it change the way you communicated?""]",,,relationships,,,,,,,,
267,119,Reflecting on Relationships 🌟,Strengthen Your Connections,"**Hi _CLIENTNAME_! 🌟**
 

 Today, reflect on the quality of your relationships. Are your connections supportive, balanced, and fulfilling?
 

 **Here’s how:**
 

 1. **Evaluate Your Relationships:** Consider the strengths and areas for improvement in each relationship.
  - 🌟 **Examples:** Is the relationship supportive? Do you feel heard and valued? Is the connection balanced and mutually fulfilling?
 

 2. **Identify Strengths:** Reflect on what makes each relationship strong.
  - 💪 **Examples:** Good communication, mutual respect, shared interests, and support during tough times.
 

 3. **Look for Improvements:** Think about where each relationship could improve.
  - 🔄 **Examples:** More open communication, spending more quality time together, addressing any imbalances in support or effort.
 

 By reflecting on the quality of your relationships, you can identify ways to strengthen your connections and ensure they are supportive and fulfilling.",life,,,"{""❤️ How do you know you're in a healthy relationship?"":""https://www.reddit.com/r/AskReddit/comments/6qab5h/how_do_you_know_youre_in_a_healthy_relationship/""}","{""💪 Identify Strengths"":""Can you list the key elements that make your strongest relationships thrive?"",""🔄 Look for Improvements"":""How can you enhance your relationships to make them more balanced and fulfilling?"",""🌟 Evaluate Relationships"":""What are the strengths and areas for improvement in your current relationships?"",""🧠 Reflect on Connections"":""How do you currently feel about the support and balance in your relationships?""}","[""Describe a relationship that feels strong and fulfilling. What elements contribute to its quality?""]",,,relationships,,,,,,,,
268,120,Strengthening Relationships 💪,Tips to Deepen Connections,"**Hi _CLIENTNAME_! 🌟**
 

 Based on your reflections, set specific intentions to strengthen your relationships. This could include scheduling regular check-ins, being more present during interactions, or expressing appreciation more often.
 

 **Here’s how:**
 

 1. **Set an Intention:** Choose one relationship you'd like to improve and set a clear intention.
  - **Example:** Schedule a weekly call with a family member or make a point to express appreciation to a friend more often.
 

 2. **🚀 Plug into Your Community:** Get involved in local groups or activities.
  - **Example:** Join a sports team, volunteer group, or hobby club to meet new people and strengthen existing connections.
 

 3. **💬 Master Small Talk:** Use small talk to build comfort and connections.
  - **Example:** Ask about their day, mention the weather, or discuss shared interests to find common ground.
 

 4. **🔒 Build and Maintain Trust:** Follow through on promises, listen actively, and plan fun activities together.
  - **Example:** Make time for regular outings or activities that you both enjoy.
 

 **Action Step:**
 

 ⭐️ Set an intention for one relationship you'd like to improve. This could involve regular check-ins, being more present during interactions, or showing appreciation more frequently.
 

 By focusing on these strategies, you can build stronger, healthier relationships that enhance your overall well-being.",life,,,"{""🌟 This is how I make strong, healthy friendships"":""https://www.reddit.com/r/socialskills/comments/jwn02q/this_is_how_i_make_strong_healthy_friendships/""}","{""🔒 Trust Building"":""What are effective ways to build and maintain trust in my relationships?"",""💬 Master Small Talk"":""How can I use small talk to deepen my relationships?"",""🚀 Community Involvement"":""What are some local groups or activities I can join to build connections?"",""💪 Strengthen a Relationship"":""How can I set a clear intention to improve one of my relationships?""}","[""What specific actions can you take to improve this relationship? How will you implement them?""]",,,relationships,,,,,,,,
269,121,Reflecting on Relationships 🚀,Impact on Moderation,"**Hi _CLIENTNAME_! 🌟**
 

 Reflect on how your relationships have impacted your weed-free journey. Consider both positive and negative influences.
 

 **Here’s how:**
 

 1. **Assess Positive Influences:** Identify relationships that support your goals.
  - 🌟 **Examples:** Friends or family members who encourage healthy habits, provide emotional support, or share similar weed-free goals.
 

 2. **Recognize Negative Influences:** Consider relationships that might hinder your progress.
  - ⚠️ **Examples:** Individuals who pressure you to use cannabis, ignore your boundaries, or engage in behaviors that contradict your goals.
 

 3. **Set Boundaries:** Establish boundaries with relationships that negatively impact your weed-free journey.
  - 🚧 **Example:** Communicate your goals clearly and limit interactions that trigger cravings or unhealthy behaviors.
 

 By evaluating the influence of your relationships, you can strengthen the positive connections and set boundaries where needed to support your weed-free journey.",life,LO-Use-State,I want to stop entirely,"{""❤️ Did Friends have a great impact in your life?"":""https://www.reddit.com/r/howyoudoin/comments/4h4l19/did_friends_have_a_great_impact_in_your_life/""}","{""🚧 Set Boundaries"":""What steps can you take to establish boundaries with individuals who negatively affect your weed-free goals?"",""🔍 Reflect and Adjust"":""How can you strengthen positive relationships and minimize the impact of negative ones in your life?"",""🌟 Positive Influences"":""How have certain relationships positively impacted your weed-free journey?"",""⚠️ Negative Influences"":""Can you identify relationships that might be hindering your progress and how to address them?""}","[""Which relationships have been most supportive of your moderation goals? How have they helped you stay on track?""]",,,relationships,,,,,,,,
270,121,Reflecting on Relationships 🚀,Impact on Moderation,"**Hi _CLIENTNAME_! 🌟**
 

 Reflect on how your relationships have impacted your weed-free journey. Consider both positive and negative influences.
 

 **Here’s how:**
 

 1. **Assess Positive Influences:** Identify relationships that support your goals.
  - 🌟 **Examples:** Friends or family members who encourage healthy habits, provide emotional support, or share similar weed-free goals.
 

 2. **Recognize Negative Influences:** Consider relationships that might hinder your progress.
  - ⚠️ **Examples:** Individuals who pressure you to use cannabis, ignore your boundaries, or engage in behaviors that contradict your goals.
 

 3. **Set Boundaries:** Establish boundaries with relationships that negatively impact your weed-free journey.
  - 🚧 **Example:** Communicate your goals clearly and limit interactions that trigger cravings or unhealthy behaviors.
 

 By evaluating the influence of your relationships, you can strengthen the positive connections and set boundaries where needed to support your weed-free journey.",life,LO-Use-State,I want to moderate my use,"{""❤️ Did Friends have a great impact in your life?"":""https://www.reddit.com/r/howyoudoin/comments/4h4l19/did_friends_have_a_great_impact_in_your_life/""}","{""🚧 Set Boundaries"":""What steps can you take to establish boundaries with individuals who negatively affect your moderation goals?"",""🔍 Reflect and Adjust"":""How can you strengthen positive relationships and minimize the impact of negative ones in your life?"",""🌟 Positive Influences"":""How have certain relationships positively impacted your moderation journey?"",""⚠️ Negative Influences"":""Can you identify relationships that might be hindering your progress and how to address them?""}","[""Which relationships have been most supportive of your moderation goals? How have they helped you stay on track?""]",,,relationships,,,,,,,,
271,122,Expressing Appreciation 🌟,Strengthen Bonds in Simple Ways,"**Hi _CLIENTNAME_! 🌟**
 

 Today, focus on expressing appreciation. Let the important people in your life know how much they mean to you.
 

 **Here’s how:**
 

 1. **📞 Send a Message or Call:** Reach out to someone who supports you.
  - **Examples:** Send a heartfelt message or make a call to express your gratitude.
 

 2. **📝 Be Specific About How They Helped:** According to a new study, people appreciate hearing how their actions met your needs more than how costly or difficult their actions were.
 

 **Example of What to Do:**
 - **💖 Effective Gratitude:** ""Thank you for always listening to me and offering great advice. Your support helped me navigate a tough situation and meant a lot to me.""
  - **Reason:** This focuses on how the person’s actions positively impacted you, which is more meaningful.
 

 **Example of What Not to Do:**
 - **🚫 Less Effective Gratitude:** ""I appreciate that you took time out of your busy schedule to help me. It must have been hard for you.""
  - **Reason:** This emphasizes the cost or difficulty for the other person, which is less impactful.
 

 By expressing appreciation in this way, you can strengthen your relationships and show the important people in your life how much they mean to you.",life,,,"{""❤️ What are little ways you show someone you're thinking of them?"":""https://www.reddit.com/r/CasualConversation/comments/6o9ae5/what_are_little_ways_you_show_someone_youre/""}","{""📝 Specific Gratitude"":""Can you help me craft a message that highlights how someone's support positively impacted me?"",""💖 Effective Thank Yous"":""What are some examples of meaningful ways to express gratitude without focusing on the cost or effort for the other person?"",""📞 Heartfelt Connections"":""How can I effectively express appreciation to someone who has supported me recently?"",""🚫 Avoiding Less Impactful Gratitude"":""How can I ensure my expressions of gratitude are more focused on the impact rather than the effort or cost?""}","[""How did expressing appreciation affect your relationship? How did it make you feel?""]",,,relationships,,,,,,,,
272,123,Leveraging Social Proof 🚀,Boost Your Motivation,"**Hi _CLIENTNAME_! 🌟**
 

 Leverage social proof by surrounding yourself with people who have achieved similar goals. This can motivate and inspire you to reach your own goals.
 

 **Here’s how:**
 

 1. **Identify Role Models:** Find individuals who have successfully achieved the goals you aspire to.
  - 🌟 **Examples:** Look for people in your community, online forums, or social media who have accomplished what you aim to achieve.
 

 2. **Connect with Them:** Engage with these role models and learn from their experiences.
  - 🤝 **Examples:** Follow them on social media, join groups or communities they are part of, or attend events where they are speaking.
 

 By surrounding yourself with people who have achieved similar goals, you can gain motivation, insights, and support, making it easier to reach your own objectives.",life,,,"{""😔 I don't have any friends that share the same goals"":""https://www.reddit.com/r/Advice/comments/10soo20/i_dont_have_any_friends_that_share_the_same_goals/""}","{""🔄 Boost Motivation"":""How can surrounding myself with people who have achieved similar goals enhance my motivation and support?"",""🤝 Connect with Them"":""Can you suggest strategies for engaging with role models and learning from their experiences?"",""🌟 Identify Role Models"":""What are some effective ways to identify individuals who have accomplished what I aim to achieve?"",""🚀 Leveraging Social Proof"":""How can I find and connect with role models who have achieved similar goals to mine?""}","[""Who inspires you most in your goal journey and why?""]",,,relationships,,,,,,,,
273,124,The Power of Reciprocity 🌟,Boost Your Motivation,"**Hi _CLIENTNAME_! 🌟**
 

 Use the principle of reciprocity to motivate yourself by helping others achieve their goals. This mutual support can strengthen your relationships and boost your own motivation.
 

 **Here’s how:**
 

 1. **Identify Someone to Support:** Find someone in your life who could use your help.
  - 🌱 **Examples:** A friend who is trying to develop a new habit, a family member working towards a personal goal, or a colleague aiming to improve a skill.
 

 2. **Offer Your Help:** Provide support, advice, or encouragement to help them reach their goals.
  - 🌟 **Examples:** Share resources, offer to be an accountability partner, or simply provide a listening ear.
 

 By helping others, you not only foster a sense of community and support but also motivate yourself to continue working towards your own goals.",life,,,"{""🎯 Having a goal setting night with a friend, looking for tips!"":""https://www.reddit.com/r/selfimprovement/comments/31wb96/having_a_goal_setting_night_with_a_friend_looking/""}","{""🌱 Support Network"":""How can building a support network through helping others enhance my own journey towards personal goals?"",""🌟 Mutual Motivation"":""What are some effective ways to offer help and support to others while also boosting my own motivation?"",""🤝 Reciprocity in Action"":""How can I identify someone in my life to support and help them achieve their goals?"",""🗣️ Encouragement Exchange"":""Can you share examples of how providing encouragement and resources to others can also benefit me?""}","[""Who can you help to inspire your own motivation?""]",,,relationships,,,,,,,,
274,125,Understanding Group Dynamics 🌟,How to Boost Motivation,"**Hi _CLIENTNAME_! 🌟**
 

 Understand how group dynamics influence your motivation. Joining a support group or community with similar goals can provide encouragement and accountability.
 

 **Here’s how:**
 

 1. **Identify a Relevant Group:** Find a support group or community that aligns with your goals.
  - 📌 **Examples:** Consider joining the Clear30 support group or other online forums and local meetup groups focused on health, wellness, or specific interests.
 

 2. **Participate Actively:** Engage with the group, share your experiences, and learn from others.
  - 💬 **Examples:** Attend meetings, join discussions, and offer support to fellow members.
 

 By joining a group with similar goals, you can benefit from the collective motivation and support, enhancing your own commitment and progress.",life,,,"{""🌿 Don't throw your weed friends away"":""https://www.reddit.com/r/leaves/comments/xbh3pw/dont_throw_your_weed_friends_away/""}","{""📌 Find Your Tribe"":""What are some tips for finding the right support group for my specific goals?"",""💬 Active Participation"":""How can I actively engage in a group to maximize its benefits?"",""🤝 Collective Motivation"":""How does being part of a community with similar goals influence individual success?"",""🌟 Group Dynamics Insight"":""How can joining a support group enhance my motivation to achieve my goals?""}","[""How do group dynamics influence your personal motivation?""]",,,relationships,,,,,,,,
275,126,Understanding Cognitive Dissonance 🤔,Unveil Your Inner Conflicts,"**Hi _CLIENTNAME_! 🌟**
 

 Cognitive dissonance is the uncomfortable feeling you get when you hold two contradictory beliefs or actions. It’s not the act of resolving these contradictions but the discomfort of noticing them.
 

 **Here’s how:**
 

 1. **Recognize the Feeling:** Understand that cognitive dissonance is a natural response to conflicting beliefs or actions.
  - **Example:** Feeling conflicted if you value honesty but find yourself telling a lie.
 

 2. **Identify Discrepancies:** Reflect on areas where your actions do not align with your values.
  - **Examples:** If you value health but frequently skip workouts or eat unhealthy foods, identify this as a discrepancy.
 

 3. **Resolve the Dissonance:** Make changes to align your actions with your values.
  - **Examples:** Commit to a regular workout routine or adjust your diet to healthier choices.
 

 Experiencing cognitive dissonance is not a character flaw; it's a natural feeling when you notice contradictions in your beliefs or actions. Resolving this dissonance takes practice and humility, and involves making conscious changes to better align with your core values.",life,,,"{""🧠 YSK what cognitive dissonance actually means"":""https://www.reddit.com/r/YouShouldKnow/comments/16lm01e/ysk_what_cognitive_dissonance_actually_means/""}","{""🧠 Recognize the Feeling"":""How can I become more aware of the discomfort that comes from cognitive dissonance?"",""🔍 Identify Discrepancies"":""Can you help me identify areas where my actions do not align with my values?"",""🌟 Resolve Inner Conflicts"":""What steps can I take to better align my actions with my core values?"",""🤔 Understanding Cognitive Dissonance"":""How can I recognize and address cognitive dissonance in my daily life?""}","[""When do you feel most conflicted about your values?""]",,,relationships,,,,,,,,
276,127,Using Social Comparison Theory 🌟,Draw Motivation from Others,"**Hi _CLIENTNAME_! 🌟**
 

 Use social comparison positively by comparing yourself to those who inspire you. Reflect on how their achievements can motivate you.
 

 **Here’s how:**
 

 1. **Identify Role Models:** Find individuals whose achievements inspire you.
  - 🌟 **Examples:** Successful colleagues, public figures, or community leaders.
 

 2. **Reflect on Achievements:** Consider how their successes can guide your goals.
  - 🌟 **Example:** Think about the steps they took and how you can apply similar strategies.
 

 **Benefits and Cautions:**
 

 - **Benefits:**
  - 🚀 **Motivation:** Upward comparison can push you to achieve more.
  - 🎯 **Direction:** Provides a clear target to aim for.
 

 - **Cautions:**
  - ⚠️ **Incomplete Picture:** You might not know their full story.
  - 🌱 **Neglecting Strengths:** Don’t lose sight of your own abilities.
  - 😟 **Jealousy:** Can lead to negative feelings if not managed properly.
 

 By positively comparing yourself to those who inspire you and being mindful of potential pitfalls, you can draw motivation from their achievements and use it to fuel your own progress.",life,,,"{""🔥 The Pros and Cons of Comparing Ourselves to Others"":""https://www.reddit.com/r/selfimprovement/comments/ljnu5c/the_pros_and_cons_of_comparing_ourselves_to_others/""}","{""🎯 Clear Targets"":""How can setting specific goals based on others' achievements help me in my own progress?"",""⚠️ Mindful Comparisons"":""What should I be cautious about when comparing myself to others to avoid negative feelings?"",""🌟 Inspiring Role Models"":""Who are some role models I can look up to for motivation in my cannabis moderation journey?"",""🚀 Motivation From Achievements"":""How can I use the successes of others to guide and motivate my personal goals?""}","[""Who inspires you and why do they motivate you?""]",,,relationships,,,,,,,,
277,128,Random Acts of Kindness 😊,Boost Your Mood Instantly,"**Hi _CLIENTNAME_! 🌟**
 

 Improve your mood and well-being by performing random acts of kindness.
 

 **Here’s how:**
 

 1. **Plan One Small Act Daily:** Choose a simple act of kindness to perform each day.
  - **🌸 Examples:** Compliment a stranger, help a friend, or send an encouraging message.
 

 2. **Reflect on the Impact:** Notice how these acts make you feel and how they affect your motivation for moderation.
 

 By incorporating random acts of kindness into your daily routine, you can enhance your mood, boost your well-being, and find additional motivation for your moderation goals.",life,LO-Use-State,I want to stop entirely,"{""🤗 What's the best random act of kindness you've ever witnessed?"":""https://www.reddit.com/r/CasualConversation/comments/111qilx/whats_the_best_random_act_of_kindness_youve_ever/""}","{""🌸 Plan Daily Kind Acts"":""Can you help me plan a daily act of kindness to improve my mood?"",""✨ Reflect on Kindness Impact"":""How can reflecting on my acts of kindness affect my motivation for staying weed-free?"",""💬 Encourage Through Kindness"":""How can sending encouraging messages to others improve my own well-being?"",""😊 Mood Boost Through Kindness"":""What are some small acts of kindness I can incorporate into my daily routine?""}","[""How do random acts of kindness make you feel?""]",,,relationships,,,,,,,,
278,128,Random Acts of Kindness 😊,Boost Your Mood Instantly,"**Hi _CLIENTNAME_! 🌟**
 

 Improve your mood and well-being by performing random acts of kindness.
 

 **Here’s how:**
 

 1. **Plan One Small Act Daily:** Choose a simple act of kindness to perform each day.
  - **🌸 Examples:** Compliment a stranger, help a friend, or send an encouraging message.
 

 2. **Reflect on the Impact:** Notice how these acts make you feel and how they affect your motivation for moderation.
 

 By incorporating random acts of kindness into your daily routine, you can enhance your mood, boost your well-being, and find additional motivation for your moderation goals.",life,LO-Use-State,I want to moderate my use,"{""🤗 What's the best random act of kindness you've ever witnessed?"":""https://www.reddit.com/r/CasualConversation/comments/111qilx/whats_the_best_random_act_of_kindness_youve_ever/""}","{""🌸 Plan Daily Kind Acts"":""Can you help me plan a daily act of kindness to improve my mood?"",""✨ Reflect on Kindness Impact"":""How can reflecting on my acts of kindness affect my motivation for moderation?"",""💬 Encourage Through Kindness"":""How can sending encouraging messages to others improve my own well-being?"",""😊 Mood Boost Through Kindness"":""What are some small acts of kindness I can incorporate into my daily routine?""}","[""How do random acts of kindness make you feel?""]",,,relationships,,,,,,,,
279,129,Discover New Hobbies 🌟,Exciting Ideas to Try,"**Hi _CLIENTNAME_! 🌟**
 

 Today, think about activities that have always intrigued you. Make a list of hobbies you’ve been curious about but haven’t tried yet.
 

 **Here’s how:**
 

 1. **Reflect on Your Interests:** Consider what activities have piqued your curiosity.
  - 🎨 **Examples:** Cooking, painting, hiking, photography, or learning a new language.
 

 2. **Make a List:** Write down at least three new hobbies you’d like to explore.
  - 🎸 **Example:** ""1. Learn to play the guitar, 2. Try pottery classes, 3. Start a garden.""
 

 By exploring new hobbies, you can discover new passions, boost your creativity, and enhance your overall well-being.",life,,,"{""🎨 How do I find a hobby/passion if I have no idea?"":""https://www.reddit.com/r/DecidingToBeBetter/comments/12xynxl/how_do_i_find_a_hobbypassion_if_i_have_no_idea/""}","{""🌿 Boost Creativity"":""How do you think exploring new hobbies could enhance your well-being?"",""📝 Make a Hobby List"":""Can you list three hobbies that you’ve always wanted to try?"",""🎨 Discover New Hobbies"":""What new hobbies have piqued your curiosity recently?"",""🔍 Reflect on Interests"":""What interests have you been curious about but haven’t yet explored?""}","[""How do you feel when you think about trying these new hobbies?"",""What excites you the most about them?""]",,,exploration,,,,,,,,
280,130,Exploring New Hobbies 🌟,Make It a Routine,"**Hi _CLIENTNAME_! 🌟**
 

 Schedule specific times during the week to explore your new hobby. Consistency is key to making it a part of your routine.
 

 **Here’s how:**
 

 1. **Set a Schedule:** Dedicate time each day to your new hobby.
  - ⏰ **Examples:** Choose a consistent time, like 30 minutes each evening after dinner or in the morning before work.
 

 2. **No Zero Days:** Embrace the concept of ""non-zero days."" Even a small effort counts.
  - 🏋️ **Example:** If you only have time for one push-up or five minutes of practice, it’s still a non-zero day. Aim to build a streak and maintain momentum.
 

 ⭐️ Set aside 30 minutes each day this week to focus on your new hobby. Remember, even a small effort each day can help you build consistency and momentum.",life,,,"{""🔥 Discussion: How do you guys commit and stay motivated?"":""https://www.reddit.com/r/GetMotivated/comments/7yfmc2/discussion_how_do_you_guys_commit_and/""}","{""📅 Non-Zero Days"":""What strategies can I use to ensure I have no zero days in pursuing my new hobby?"",""💪 Build Momentum"":""How can small daily efforts help in making my new hobby a routine?"",""🕰️ Set a Schedule"":""How can I consistently dedicate time each day to my new hobby?"",""⏳ Evening or Morning Routine"":""Should I explore my new hobby in the evening or morning? What works best for you?""}","[""How did dedicating time to your new hobby impact your day? Did you notice any changes in your mood or stress levels?""]",,,exploration,,,,,,,,
281,131,Finding Resources for Your New Hobby 📚,Learn and Grow Quickly,"**Hi _CLIENTNAME_! 🌟**
 

 Explore resources that can help you learn more about your new hobby. This could include online tutorials, local classes, or books.
 

 **Here’s how:**
 

 1. **Look Online:** Search for tutorials or videos related to your hobby.
  - 🌐 **Examples:** Websites like YouTube, Skillshare, or Coursera often have comprehensive guides and tutorials.
 

 2. **Check Local Classes:** See if there are any local classes or workshops you can join.
  - 🏫 **Examples:** Community centers, libraries, or local colleges often offer classes.
 

 3. **Read Books:** Find books or e-books on your hobby.
  - 📚 **Examples:** Look for beginner guides or how-to books at your local library or online bookstores.
 

 ⭐️ Find at least one resource to help you learn more about your new hobby.
 

 By exploring these resources, you can deepen your knowledge and enhance your skills in your new hobby.",life,,,"{""🎨 What is a skill or a hobby you want to start?"":""https://www.reddit.com/r/AskReddit/comments/2lkfhg/what_is_a_skill_or_a_hobby_you_want_to_start/""}","{""📚 Resource Hunt"":""What are the best online tutorials I can find for my new hobby?"",""🏫 Local Learning"":""How can I discover local classes or workshops related to my new hobby?"",""🌐 Online Exploration"":""What are some reliable websites where I can learn more about my new hobby?"",""📖 Hobby Reading List"":""Can you suggest some books or e-books to help me get started with my new hobby?""}","[""What resources did you find, and how do you plan to use them? How will they help you improve your skills?""]",,,exploration,,,,,,,,
282,132,Master Your Hobby 🎨,Stay Consistent,"**Hi _CLIENTNAME_! 🌟**
 

 Practice your new hobby today. Even a small amount of practice can lead to improvement over time.
 

 **Here’s how:**
 

 1. **🕒 Dedicate Time:** Set aside 30 minutes to focus on your new hobby.
  - **Example:** Whether it’s playing an instrument, painting, or writing, consistent practice helps you improve.
 

 2. **🔄 Make it a Habit:** Incorporate this practice into your daily routine.
  - **Example:** Treat this time as a non-negotiable part of your day, similar to brushing your teeth or eating meals.
 

 ⭐️ Spend 30 minutes practicing your new hobby today.
 

 By dedicating regular time to your hobby, you'll steadily improve and find more enjoyment in the activity.",life,,,"{""🎨 LPT Request: Activities/hobbies that can make you smarter"":""https://www.reddit.com/r/LifeProTips/comments/13d42cr/lpt_request_activitieshobbies_that_can_make_you/""}","{""🕒 Dedicate Time"":""How can I carve out 30 minutes each day for my hobby?"",""🔄 Make it a Habit"":""What strategies can I use to make my hobby practice a non-negotiable part of my daily routine?"",""⭐️ Hobby Time Tips"":""What are some tips to ensure I stay motivated and consistent with my new hobby?"",""🎨 Consistent Practice Benefits"":""How does consistent daily practice enhance my skills and enjoyment in my hobby?""}","[""How did your practice session go? What did you learn, and how did it make you feel?""]",,,exploration,,,,,,,,
283,133,Stepping Out of Your Comfort Zone 🌟,Try Something New,"**Hi _CLIENTNAME_! 🌟**
 

 This week, we’ll focus on stepping out of your comfort zone. Trying new things can lead to personal growth and exciting new experiences. 🌟
 

 **Here’s how:**
 

 1. **Identify a Challenge:** Choose something that pushes your boundaries.
  - 🎭 **Examples:** Audition for a play, join a public speaking group, or try a new sport.
 

 2. **Embrace the Experience:** Approach it with an open mind and a positive attitude.
  - 🌱 **Example:** View it as an opportunity to learn and grow, even if it feels intimidating.
 

 ⭐️ Challenge yourself to try something new that pushes your boundaries today.
 

 By stepping out of your comfort zone, you can discover new passions, build confidence, and experience personal growth.",life,,,"{""💪 Forcing yourself out of your comfort zone"":""https://www.reddit.com/r/howtonotgiveafuck/comments/8ycnr0/forcing_yourself_out_of_your_comfort_zone/""}","{""⭐️ Personal Growth"":""Reflect on a time when stepping out of your comfort zone led to personal growth. What did you learn?"",""🎭 Try Something New"":""What is one challenge you can take on this week to step out of your comfort zone?"",""🔍 Discover Passions"":""How can trying new activities help you discover new interests and passions?"",""🌱 Embrace the Experience"":""How can you approach new experiences with a positive mindset?""}","[""What’s one activity you’ve always wanted to try but felt hesitant about? Why does it excite you?""]",,,exploration,,,,,,,,
284,134,Embrace New Experiences 🌟,Discover Growth in Anxiety,"**Hi _CLIENTNAME_! 🌟**
 

 Understand that feeling anxious about new experiences is normal. Try to see your anxiety as a sign of growth and excitement rather than fear. Remember, stepping out of your comfort zone often leads to the most rewarding experiences.
 

 **Here’s how:**
 

 1. **🌟 Reframe Your Anxiety:** View your anxiety as excitement and a signal that you're growing.
  - **💡 Example:** When you feel nervous about trying something new, remind yourself that this feeling often precedes personal growth and exciting opportunities.
 

 2. **🌍 Embrace the Unknown:** Use this mindset to tackle new challenges with a positive attitude.
  - **🔍 Example:** Approach new experiences with curiosity and openness, recognizing that they can lead to personal development.
 

 ⭐️ Reframe your anxiety as excitement and a sign of growth.
 

 By viewing your anxiety as a positive sign, you can embrace new experiences with confidence and make the most of the opportunities for personal growth and rewarding experiences.",life,,,"{""🤔 How to reframe anxious thoughts if I don’t believe in myself?"":""https://www.reddit.com/r/Healthygamergg/comments/ry5cct/how_to_reframe_anxious_thoughts_if_i_dont_believe/""}","{""💡 Anxiety as Excitement"":""Can you help me reframe my nervousness about new experiences into excitement?"",""🔍 Embrace New Challenges"":""What strategies can I use to tackle new experiences with a positive attitude?"",""🌍 Curiosity in the Unknown"":""How can I approach new situations with curiosity and openness to foster personal development?"",""🌟 Reframe Anxiety as Growth"":""How can I shift my mindset to view anxiety as a sign of growth?""}","[""How does rethinking your anxiety as excitement change your perspective on trying new things?""]",,,exploration,,,,,,,,
285,135,Embrace New Experiences 🌟,Push Your Boundaries,"**Hi _CLIENTNAME_! 🌟**
 

 Think about activities or experiences that intimidate you but also excite you. These are often the ones that lead to the most growth and fulfillment.
 

 **Here’s how:**
 

 1. **Identify Exciting Yet Intimidating Activities:** Reflect on things you’ve wanted to try but felt hesitant about.
  - 🎤 **Examples:** Activities like public speaking, learning a new instrument, or traveling solo.
 

 2. **Make a List:** Write down these activities to set clear goals.
  - 📝 **Example:** ""1. Try rock climbing, 2. Join a dance class, 3. Start a blog.""
 

 ⭐️ Write down three activities that intimidate but excite you.
 

 By acknowledging and listing these activities, you can take the first step toward overcoming hesitation and embracing exciting new experiences.",life,,,"{""😌 How to let go of fear"":""https://www.reddit.com/r/awakened/comments/116jjss/how_to_let_go_of_fear/""}","{""✍️ Make a List"":""Can you write down three activities that you've wanted to try but felt hesitant about?"",""🎤 Try New Things"":""How does the thought of trying something like public speaking or traveling solo make you feel?"",""🌟 Push Boundaries"":""What activities intimidate you but also excite you? How can you start pursuing them?"",""🚀 Embrace Excitement"":""How can stepping out of your comfort zone help you grow and find fulfillment?""}","[""What are the three activities you listed, and why do they both intimidate and excite you?""]",,,exploration,,,,,,,,
286,136,Embracing Change 🌟,Discover New Joys,"**Hi _CLIENTNAME_! 🌟**
 

 Recognize that changing your routine can help you break free from monotony and discover new joys. Embrace the uncertainty and see it as an adventure.
 

 **Here’s how:**
 

 1. **🌟 Acknowledge the Benefits:** Understand that new experiences can bring unexpected joys and growth.
  - **🆕 Example:** Changing your routine can introduce you to new hobbies, friends, and opportunities.
 

 2. **🔮 Embrace the Uncertainty:** View the changes as an exciting adventure rather than a disruption.
  - **🔍 Example:** Approach each new experience with curiosity and a positive mindset.
 

 ⭐️ Embrace change and view it as an exciting adventure.
 

 By seeing change as an opportunity for adventure, you can break free from monotony and discover new aspects of yourself and the world around you.",life,,,"{""🌍 I want to learn how to live a life of adventure"":""https://www.reddit.com/r/IWantToLearn/comments/1p4tmj/i_want_to_learn_how_to_live_a_life_of_adventure/""}","{""🔄 Embrace Change"":""How can I incorporate new experiences into my routine to break free from monotony?"",""🆕 New Opportunities"":""How do new routines help in discovering new hobbies and making new friends?"",""🌟 Discover New Joys"":""What are some unexpected benefits you’ve found from changing your daily routine?"",""🔮 Adventure Mindset"":""How can I view changes in my life as an exciting adventure?""}","[""How does viewing change as an adventure alter your perspective on trying new things?""]",,,exploration,,,,,,,,
287,137,Reflecting on Growth 🌟,Discover Your New Strengths,"**Hi _CLIENTNAME_!**
 

 Reflect on how stepping out of your comfort zone and changing your routine has impacted you. What new strengths or interests have you discovered?
 

 **Here’s how:**
 

 1. **Identify New Strengths:** Consider skills or qualities you’ve gained.
  - 🎤 **Examples:** Confidence in public speaking, creativity, or resilience.
 

 2. **Recognize New Interests:** Think about new activities you’ve enjoyed.
  - 🎨 **Examples:** Painting, hiking, or learning a new language.
 

 ⭐️ Understand your growth by recognizing new strengths and interests.
 

 By reflecting on these changes, you can appreciate how stepping out of your comfort zone has enriched your life and contributed to personal growth.",life,,,"{""🚀 Serious: How did you get out of your comfort zone?"":""https://www.reddit.com/r/AskReddit/comments/awe39q/serious_how_did_you_get_out_of_your_comfort_zone/""}","{""🔍 Identify Skills"":""Can you list some new skills or qualities you’ve gained recently?"",""🌱 Reflect on Growth"":""What new strengths have you discovered by stepping out of your comfort zone?"",""🎨 Explore New Interests"":""What new activities have you found enjoyable and fulfilling?"",""🧗‍♂️ Comfort Zone Impact"":""How has changing your routine affected your personal growth?""}","[""What strengths or interests have you discovered through your recent explorations?""]",,,exploration,,,,,,,,
288,138,Celebrating Growth 🌟,"Positive Changes, New You","**Hi _CLIENTNAME_! 🌟**
 

 List the positive changes you've noticed in yourself. This could include increased confidence, new skills, or simply more joy in your daily life.
 

 **Here’s how:**
 

 1. **Identify Positive Changes:** Reflect on the improvements you’ve experienced.
  - 🌟 **Examples:** Increased confidence, new skills, or greater joy in daily activities.
 

 2. **Celebrate Your Growth:** Acknowledge and appreciate these positive changes.
  - 🎉 **Example:** Take a moment to feel proud of your progress and the efforts you’ve made.
 

 ⭐️ Identify and celebrate the positive changes you've experienced.
 

 By recognizing and celebrating these positive changes, you can reinforce your progress and stay motivated on your journey.",life,,,"{""🏆 How do you celebrate your achievements and milestones?"":""https://www.reddit.com/r/AskReddit/comments/18agtf9/how_do_you_celebrate_your_achievements_and/""}","{""🎉 Celebrate Your Growth"":""How do you celebrate and appreciate your personal growth?"",""📝 Reflect on Improvements"":""Can you list and reflect on the new skills or qualities you've developed?"",""🌟 Recognize Positive Changes"":""What positive changes have you noticed in yourself recently?"",""🚀 Motivation Through Recognition"":""How does acknowledging your progress help you stay motivated?""}","[""What positive changes have you noticed in yourself this month? How do they make you feel?""]",,,exploration,,,,,,,,
289,139,Journey 🌟,Keep Growing and Evolving,"**Hi _CLIENTNAME_! 🌟**
 

 Think about how you can continue integrating these new activities or mindsets into your life. Set intentions to keep exploring and growing.
 

 **Here’s how:**
 

 1. **Plan for Integration:** Identify ways to regularly include these new activities or mindsets in your routine.
  - 🗓️ **Examples:** Schedule time each week for a new hobby, practice mindfulness daily, or set goals for continued learning.
 

 2. **Set Intentions:** Create specific plans to keep exploring and growing.
  - 🎨 **Example:** ""I will dedicate 30 minutes every evening to painting,"" or ""I will attend a monthly workshop on public speaking.""
 

 ⭐️ Plan to continue your journey of exploration and growth.
 

 By setting clear intentions, you can ensure that these positive changes become lasting parts of your life, leading to ongoing personal growth and fulfillment.",life,,,"{""💪 Serious: How do you keep going even when it doesn't seem worth it?"":""https://www.reddit.com/r/AskReddit/comments/r7m9mm/serious_how_do_you_keep_going_even_when_it_doesnt/""}","{""🎨 Set Clear Intentions"":""What specific plans can I make to keep exploring and growing?"",""🧠 Mindfulness Practices"":""What daily mindfulness practices can help me stay focused on my growth journey?"",""🗓️ Plan for Integration"":""How can I regularly include new activities or mindsets into my routine?"",""🌟 Continued Learning Goals"":""How can I set goals for continued learning and personal development?""}","[""How can you integrate the new activities or mindsets you've discovered into your daily routine?""]",,,exploration,,,,,,,,
290,140,Exploring Flow State 🌊,Find Your Natural High,"**Hi _CLIENTNAME_! 🌟**
 

 Explore Mihaly Csikszentmihalyi's concept of flow and how engaging in activities that create flow can replace cannabis use.
 

 **Here’s how:**
 

 1. **Understand Flow:** Flow is a state of deep immersion where you lose track of time and feel completely engaged in an activity.
  - 🎨 **Examples:** Activities like painting, playing an instrument, or engaging in sports can induce flow.
 

 2. **Identify Flow Activities:** Find activities that naturally draw you in and make you lose track of time.
  - 🕺 **Examples:** Writing, dancing, cooking, or any hobby that you are passionate about.
 

 3. **Replace Cannabis Use:** Engage in these flow-inducing activities to fill the time and mental space previously occupied by cannabis use.
  - 🌟 **Example:** Instead of reaching for cannabis, immerse yourself in a hobby that captivates you.
 

 By integrating flow activities into your routine, you can experience natural highs and deep satisfaction, reducing the need for cannabis.",life,,,"{""🌊 I'm a psychologist specialized in flow states, the optimal state of consciousness where you feel your best and perform your best. AMA"":""https://www.reddit.com/r/selfimprovement/comments/r78p2c/im_a_psychologist_specialized_in_flow_states_the/""}","{""🎨 Understand Flow"":""What are some examples of flow-inducing activities I can try?"",""🌊 Exploring Flow State"":""How can I identify activities that naturally draw me into a flow state?"",""🌟 Replace Cannabis Use"":""How can I integrate flow activities into my routine to reduce my cannabis use?"",""🕺 Find Passionate Hobbies"":""Can you suggest hobbies that might help me achieve a flow state?""}","[""What activity makes you lose track of time?""]",,,exploration,,,,,,,,
291,141,Discovering Purpose 🧭,Uncover Deeper Meaning in Your Goals,"**Hi _CLIENTNAME_! 🌟**
 

 Ever wondered why some goals feel more fulfilling than others? It’s because they carry deeper meaning. Let's dive into how you can find purpose in your goals and make them truly impactful.
 

 **Here’s how:**
 

 1. **Identify Meaningful Goals:** Reflect on why your goals matter to you and how they contribute to your overall sense of purpose.
  - 🌱 **Examples:** Personal growth, helping others, or achieving long-term dreams.
 

 2. **Engage in Meaning-Making Activities:** Participate in activities that help you uncover the deeper meaning behind your goals.
  - ✍️ **Examples:** Volunteering, journaling about your experiences, or discussing your goals with a mentor or friend.
 

 3. **Reflect on Contributions:** Think about how achieving your goals will impact your life and the lives of others.
  - 🌟 **Example:** Consider how personal development goals can lead to greater self-fulfillment and positively influence those around you.
 

 By engaging in meaning-making activities and reflecting on the deeper purpose of your goals, you can enhance your motivation and find greater satisfaction in your pursuits.",life,,,"{""🧠 How do you guys create your meaning?"":""https://www.reddit.com/r/Existentialism/comments/s8sv0k/how_do_you_guys_create_your_meaning/""}","{""🌟 Meaningful Goals"":""How do I identify goals that truly matter to me and contribute to my sense of purpose?"",""🧭 Discovering Purpose"":""How can I uncover the deeper meaning behind my personal goals?"",""🌱 Engage in Meaning-Making"":""What activities can help me understand the purpose behind my goals?"",""✍️ Reflect on Contributions"":""In what ways can achieving my goals impact my life and others?""}","[""What makes a goal deeply meaningful to you?""]",,,exploration,,,,,,,,
292,142,Using Existential Anxiety 🌟,Flipping the script,"**Hi _CLIENTNAME_! 🌟**
 

 Feeling a bit of existential anxiety? It’s a powerful motivator for change. Let’s use that energy to identify areas in your life where you feel unfulfilled and set meaningful goals to transform them.
 

 **Here’s how:**
 

 1. **Acknowledge Your Anxiety**: Recognize the areas of your life that cause you existential anxiety.
  - 🏢 **Examples**: Feeling stuck in a job you don’t love, longing for more meaningful relationships, or wanting to pursue a passion you’ve neglected.
 

 2. **Identify Unfulfilled Areas**: Reflect on the aspects of your life that feel lacking or unsatisfying.
  - 💭 **Examples**: Career, personal growth, relationships, or hobbies.
 

 3. **Set Related Goals**: Use your anxiety as a catalyst to set specific, actionable goals that address these unfulfilled areas.
  - 🎯 **Examples**: Enroll in a course to change careers, schedule regular meet-ups with friends, or dedicate time each week to a hobby you love.
 

 By using existential anxiety as a motivator, you can transform your feelings of unease into powerful actions that lead to a more fulfilling and meaningful life.",life,,,"{""🧠 How many of you experience existential dread regularly?"":""https://www.reddit.com/r/AskReddit/comments/eests/how_many_of_you_experience_existential/""}","{""🎯 Set Meaningful Goals"":""Can you help me set specific goals to transform my areas of dissatisfaction?"",""🏢 Acknowledge Your Anxiety"":""How can I recognize and understand the sources of my existential anxiety?"",""🌟 Using Existential Anxiety"":""How can I transform my existential anxiety into positive motivation for change?"",""💭 Reflect on Unfulfilled Areas"":""What aspects of my life feel unfulfilled and how can I address them?""}","[""What aspect of your life feels most unfulfilled right now?""]",,,exploration,,,,,,,,
293,143,Seeking Peak Experiences 🌟,Ignite Your Goals,"**Hi _CLIENTNAME_! 🌟**
 

 Remember those moments when you felt truly alive and inspired? These are peak experiences, and they can be powerful motivators. Let’s identify and seek out more of these moments to inspire your goals.
 

 **Here’s how:**
 

 1. **Identify Past Peak Experiences:** Reflect on a time when you felt exceptionally inspired or fulfilled.
  - 🌍 **Examples:** A memorable trip, a significant personal achievement, or a deep, meaningful conversation.
 

 2. **Reflect on Their Influence:** Think about how these experiences have shaped your goals and aspirations.
  - 🌱 **Examples:** Did a hiking trip inspire your love for nature? Did a volunteer project ignite your passion for helping others?
 

 3. **Seek New Peak Experiences:** Actively look for opportunities to create new peak experiences that align with your goals.
  - 🚀 **Examples:** Plan an adventure that challenges you, take up a new hobby that excites you, or engage in activities that push your boundaries.
 

 By identifying and seeking out peak experiences, you can find inspiration and motivation to set and achieve meaningful goals.",life,,,"{""🌟 Most Important Life Experiences"":""https://www.reddit.com/r/slatestarcodex/comments/uyojqm/most_important_life_experiences/""}","{""🔥 Ignite Your Goals"":""How can seeking out new peak experiences help you stay motivated on your journey to achieve your goals?"",""🚀 Seek New Adventures"":""Can you identify new activities or hobbies that could create peak experiences aligned with your aspirations?"",""🌍 Reflect on Peak Moments"":""What past experiences have made you feel truly alive and how can they shape your current goals?"",""🌱 Influence of Experiences"":""How have your past peak experiences influenced your personal goals and aspirations?""}","[""What peak experience shaped your current goals the most?""]",,,exploration,,,,,,,,
294,144,Challenging Mental Models 🌟,Rethink for Healthier Habits,"**Hi _CLIENTNAME_! 🌟**
 

 Identify and challenge mental models that influence your behavior and decision-making. Let’s explore how rethinking these models can lead to healthier habits.
 

 **Here’s how:**
 

 1. **Identify Mental Models:** Reflect on the beliefs you hold about cannabis use.
  - 🌿 **Examples:** ""I need cannabis to relax,"" or ""Cannabis helps me manage stress.""
 

 2. **Challenge These Models:** Gather new information or try alternative techniques to see if these beliefs hold true.
  - 📚 **Examples:** Research the effects of cannabis on relaxation and stress, or experiment with other relaxation methods like meditation, exercise, or deep breathing.
 

 3. **Create Healthier Models:** Write down new, healthier mental models based on your findings.
  - 📝 **Examples:** ""I can relax through meditation,"" or ""Exercise helps me manage stress better than cannabis.""
 

 By identifying and challenging your mental models, you can adopt healthier beliefs and practices that support your well-being.",life,,,"{""🧠 What mental models do you find to be most helpful?"":""https://www.reddit.com/r/slatestarcodex/comments/83phqz/what_mental_models_do_you_find_to_be_most_helpful/""}","{""🌿 Identify Mental Models"":""What beliefs about cannabis use might be influencing your behavior?"",""📚 Challenge Your Beliefs"":""How can you gather new information or try alternative techniques to test your beliefs about cannabis?"",""📝 Create Healthier Models"":""Can you write down new, healthier mental models based on your findings?"",""🔄 Rethink for Healthier Habits"":""How can rethinking your mental models lead to better habits for your well-being?""}","[""What belief about cannabis do you rely on most?""]",,,exploration,,,,,,,,
295,145,Developing a Resilient Mindset 🌟,Handle Setbacks with Grace,"**Hi _CLIENTNAME_! 🌟**
 

 This week, we’ll focus on developing a resilient mindset. Building resilience helps you handle challenges and setbacks with strength and grace. 💪
 

 **Here’s how:**
 

 1. **Embrace Challenges:** View setbacks as opportunities to grow and learn.
  - **Example:** When faced with a difficult situation, ask yourself what you can learn from it and how it can help you grow stronger.
 

 2. **Stay Positive:** Maintain a positive outlook even during tough times.
  - **Example:** Practice gratitude and focus on the positive aspects of your life, no matter how small they may seem.
 

 3. **Build Support Systems:** Surround yourself with supportive people who encourage and uplift you.
  - **Example:** Reach out to friends, family, or support groups when you need a boost or advice.
 

 ⭐️ Develop a resilient mindset to handle setbacks with confidence and perseverance.
 

 By building resilience, you can navigate life's challenges with greater strength and maintain a positive outlook, no matter what comes your way.",life,,,"{""🧠 IWLT: How to be mentally resilient?"":""https://www.reddit.com/r/IWantToLearn/comments/ntl59e/iwtl_how_to_be_mentally_resilient/""}","{""🌟 Stay Positive"":""How can I maintain a positive outlook during tough times?"",""🌱 Resilient Mindset"":""How can I develop habits that foster resilience in the face of challenges?"",""💪 Embrace Challenges"":""What can I learn from a recent setback to help me grow stronger?"",""👥 Build Support Systems"":""Who are the supportive people in my life that I can reach out to for encouragement?""}","[""Reflect on a recent setback. How can you reframe it as an opportunity for growth?""]",,,resilience,,,,,,,,
296,146,Embracing Setbacks 🌟,Turn Challenges into Growth,"**Hi _CLIENTNAME_! 🌟**
 

 View setbacks as opportunities for growth. Understand that every challenge is a chance to learn and become stronger.
 

 **Here’s how:**
 

 1. **🔄 Reframe Challenges:** See setbacks as valuable learning experiences.
  - **📊 Example:** If you didn't reach a fitness goal, analyze your routine and diet to identify areas for improvement. Adjust your plan based on what you learn.
 

 2. **🌟 Stay Positive and Objective:** Focus on actionable insights from each setback.
  - **📝 Example:** If a work project fails, review what went wrong without self-criticism. Determine what can be done differently next time and document these strategies.
 

 3. **🔍 Reflect and Adapt:** Use each setback to reflect on your approach and develop new strategies.
  - **🤝 Example:** After a disagreement with a friend, reflect on the communication breakdown. Learn new conflict resolution skills and practice them in future interactions.
 

 ⭐️ Embrace challenges as opportunities to grow stronger and wiser.
 

 By viewing setbacks as opportunities for growth and focusing on specific, actionable insights, you can turn challenges into valuable lessons that enhance your personal and professional development.",life,,,"{""🛤️ LPT Request: How do you get over setbacks and failures?"":""https://www.reddit.com/r/DecidingToBeBetter/comments/vtrjuq/every_setback_or_failure_results_in_me_thinking/""}","{""🌟 Stay Positive"":""What actionable insights can I gain from a setback without self-criticism?"",""📊 Learn and Improve"":""Can you help me analyze a failed goal to identify areas for improvement?"",""🔍 Reflect and Adapt"":""How can I develop new strategies based on a recent challenge I faced?"",""🔄 Reframe Challenges"":""How can I turn a recent setback into a valuable learning experience?""}","[""Think about a past challenge that helped you grow. What did you learn from it?""]",,,resilience,,,,,,,,
297,147,Building Resilience 🌟,Lessons from Past Wins,"**Hi _CLIENTNAME_! 🌟**
 

 Reflect on past situations where you’ve overcome difficulties. Write down what helped you succeed and how you can apply those lessons now.
 

 **Here’s how:**
 

 1. **Identify Past Successes:** Think of specific instances where you faced challenges and overcame them.
  - 💼 **Examples:** Completing a tough project at work, resolving a personal conflict, or achieving a difficult personal goal.
 

 2. **Analyze What Worked:** Determine the strategies and actions that contributed to your success.
  - 🛠️ **Examples:** Persistence, seeking support from others, breaking tasks into smaller steps, or maintaining a positive attitude.
 

 3. **Apply Those Lessons:** Use these insights to tackle current challenges.
  - 🌟 **Examples:** If persistence helped you succeed before, remind yourself to stay persistent now. If seeking support was crucial, reach out to friends or mentors for guidance.
 

 ⭐️ Use your past successes to build resilience for current challenges.
 

 By reflecting on past successes and applying those lessons, you can strengthen your ability to handle current difficulties with confidence and resilience.",life,,,"{""😊 You'll always overcome your challenges and find happiness 😊"":""https://www.reddit.com/r/wholesomememes/comments/pjpsxt/youll_always_overcome_your_challenges_and_find/""}","{""⭐️ Build Resilience"":""How can reflecting on past achievements boost my confidence and resilience in facing new difficulties?"",""💼 Identify Past Wins"":""How can I reflect on past successes to build resilience for current challenges?"",""🌟 Apply Learned Lessons"":""How can I use insights from past successes to tackle my current obstacles?"",""🛠️ Analyze Success Strategies"":""What strategies have worked for me in overcoming past challenges, and how can I apply them now?""}","[""Recall a time when you overcame a difficult situation. What strategies did you use?""]",,,resilience,,,,,,,,
298,148,Building Confidence with Small Goals 🏆,It's all about stacking,"**Hi _CLIENTNAME_! 🌟**
 

 Set small, achievable goals to build your confidence. Success in these areas will strengthen your resilience for larger challenges.
 

 **Here’s how:**
 

 1. **Identify Small Goals:** Choose goals that are easily attainable and relevant to your overall objectives.
  - 📋 **Examples:** Complete a 10-minute daily workout, read one chapter of a book, or organize a small part of your workspace.
 

 2. **Achieve and Reflect:** Accomplish these small goals and reflect on your success.
  - 🎉 **Examples:** After completing your workout, acknowledge your effort and progress. Celebrate finishing a chapter or tidying up your workspace.
 

 3. **Build Momentum:** Use the confidence from these small successes to tackle larger challenges.
  - 🚀 **Examples:** Gradually increase the complexity or duration of your goals, such as extending your workout time or organizing a larger area.
 

 ⭐️ Achieve small goals to boost your confidence and resilience.
 

 By consistently achieving small goals, you can build the confidence and resilience needed to face larger challenges with determination and success.",life,,,"{""🔍 How do I build genuine confidence?"":""https://www.reddit.com/r/DecidingToBeBetter/comments/vbbn0j/how_do_i_build_genuine_confidence/""}","{""🚀 Build Momentum"":""How can I use the success from small goals to tackle larger challenges?"",""🎉 Reflect on Success"":""How can I effectively reflect on my achievements to boost my confidence?"",""🏆 Building Confidence"":""What small, achievable goals can I set to build my confidence and resilience?"",""📋 Identify Small Wins"":""Can you suggest some easily attainable goals that align with my overall objectives?""}","[""What small goal can you set for yourself this week? How will achieving it make you feel?""]",,,resilience,,,,,,,,
299,149,Positive Affirmations for Resilience 🌟,Reinforcing resilience,"**Hi _CLIENTNAME_! 🌟**
 

 Use positive affirmations to reinforce a resilient mindset. Replace negative thoughts with empowering ones like, ""I can handle this"" or ""I grow stronger with each challenge.""
 

 **Here’s how:**
 

 1. **🔍 Identify Negative Thoughts:** Pay attention to any negative self-talk.
  - **Examples:** Thoughts like ""I can't do this"" or ""This is too hard.""
 

 2. **💪 Create Positive Affirmations:** Replace those negative thoughts with empowering affirmations.
  - **Examples:** ""I can handle this,"" ""I grow stronger with each challenge,"" or ""Every step forward is progress.""
 

 3. **📅 Practice Daily:** Regularly repeat these affirmations in relevant contexts to ensure they are effective and memorable.
  - **Example:** Use affirmations during stressful moments or as part of your daily routine.
 

 4. **👀 Observe Thoughts:** Instead of trying to stop negative thoughts, practice observing them without judgment. This helps you understand and manage them better.
  - **Example:** Notice the thought, acknowledge it, and then let it pass without criticism.
 

 ⭐️ Practice positive self-talk to strengthen your resilience.
 

 By consistently using positive affirmations and observing your thoughts without judgment, you can build a resilient mindset that helps you tackle challenges with confidence and strength.",life,,,"{""🌟 Positive self talk isn't cheesy platitudes. Here's why. 🌟"":""https://www.reddit.com/r/Codependency/comments/pf6k99/positive_self_talk_isnt_cheesy_platitudes_heres/""}","{""📅 Practice Daily"":""How can I incorporate positive affirmations into my daily routine?"",""👀 Observe Thoughts"":""How can I learn to observe my negative thoughts without judgment?"",""🔍 Identify Negative Thoughts"":""How can I become more aware of my negative self-talk?"",""💪 Create Positive Affirmations"":""What are some empowering affirmations to replace negative thoughts?""}","[""Write down a negative thought you’ve had recently. How can you reframe it into a positive affirmation?""]",,,resilience,,,,,,,,
300,150,Acknowledging Your Strengths 🌟,Daily practices for self-empowerment,"**Hi _CLIENTNAME_! 🌟**
 

 Take time each day to remind yourself of your strengths. Acknowledge your ability to overcome challenges and stay committed to your goals.
 

 **Here’s how:**
 

 1. **Reflect Daily:** Spend a few minutes each day reflecting on your strengths and achievements.
  - 📅 **Examples:** Think about times when you successfully handled difficult situations or achieved important milestones.
 

 2. **Acknowledge Your Strengths:** Recognize and affirm your abilities and resilience.
  - 💪 **Examples:** ""I am capable of overcoming obstacles,"" or ""I have the strength to stay committed to my goals.""
 

 3. **Stay Committed:** Use this practice to reinforce your commitment to your journey and goals.
  - 📓 **Examples:** Keep a journal where you write down your strengths and reflect on them regularly.
 

 ⭐️ Acknowledge your strengths and stay committed to your journey.
 

 By taking time each day to recognize your strengths, you can reinforce your resilience and dedication to achieving your goals.",life,,,"{""💪 Is there a healthy way to admit your strengths?"":""https://www.reddit.com/r/aftergifted/comments/10uihyk/is_there_a_healthy_way_to_admit_your_strengths/""}","{""🌟 Reflect Daily"":""How can I incorporate daily reflection on my strengths to boost my self-empowerment?"",""📅 Success Milestones"":""Can you help me identify past achievements that showcase my resilience and capabilities?"",""📓 Journaling Strengths"":""How can keeping a strengths journal help me stay committed to my goals?"",""💪 Acknowledge Strengths"":""What specific strengths can I affirm each day to stay motivated and committed?""}","[""What's one habit you want to change, and why?""]",,,resilience,,,,,,,,
301,151,Embracing Change and Persistence 🌟,A Path to Resilience,"**Hi _CLIENTNAME_! 🌟**
 

 Resilience is about persistence and adaptability. Embrace change and stay persistent in your efforts to improve.
 

 **Here’s how:**
 

 1. **Embrace Change:** Accept that change is inevitable and take charge of it.
  - 🌟 **Examples:** Don’t stay in a job you dislike out of fear. Proactively seek opportunities that align with your goals.
 

 2. **Stay Persistent:** Keep pushing forward, even when things get tough.
  - 💪 **Examples:** Use setbacks as learning opportunities and stay committed to your goals.
 

 3. **Adapt and Thrive:** Flexibility is key to building resilience.
  - 🔄 **Examples:** When a plan doesn’t work, adjust it rather than giving up.
 

 ⭐️ Embrace change and persist in your efforts to build resilience.
 

 By taking charge of change and remaining persistent, you can develop a resilient mindset that helps you navigate life's challenges with confidence and strength.",life,,,"{""🌿 LPT: Change is inevitable, whether we embrace it or resist it"":""https://www.reddit.com/r/LifeProTips/comments/1448xml/lpt_change_is_inevitable_whether_we_embrace_it_or/""}","{""🌟 Embrace Change"":""How can I proactively embrace changes in my life to build resilience?"",""💪 Stay Persistent"":""What are some strategies to stay persistent when facing setbacks?"",""🔄 Adapt and Thrive"":""How can I become more flexible and adapt when plans don’t work out?"",""⭐️ Resilience Building Tips"":""Can you suggest ways to strengthen my resilience through persistence and adaptability?""}","[""How can you stay adaptable and persistent in the face of challenges?""]",,,resilience,,,,,,,,
302,152,Seeking Constructive Feedback 🌟,Gain Valuable Perspectives,"**Hi _CLIENTNAME_! 🌟**
 

 Identify people you trust, such as friends, family, or mentors, and ask for their feedback on your progress. Be open to their insights and suggestions.
 

 **Here’s how:**
 

 1. **Choose Trusted Sources:** Select individuals whose opinions you value and who have your best interests at heart.
  - 👫 **Examples:** Friends who know you well, family members who support you, or mentors who guide you professionally.
 

 2. **Ask for Specific Feedback:** Be clear about the areas where you want feedback.
  - 🗣️ **Examples:** ""Can you give me feedback on my recent project?"" or ""What do you think about my approach to this goal?""
 

 3. **Be Open to Insights:** Listen to their suggestions without defensiveness and consider how you can apply their advice.
  - 🤔 **Examples:** Reflect on their comments and make adjustments where needed.
 

 ⭐️ Seek constructive feedback from trusted sources to gain valuable perspectives.
 

 By actively seeking and considering feedback, you can gain new insights, improve your strategies, and continue progressing toward your goals with confidence.",life,,,"{""💬 How can I get unbiased feedback about my social skills?"":""https://www.reddit.com/r/socialskills/comments/8u4nr4/how_can_i_get_unbiased_feedback_about_my_social/""}","{""🌟 Apply Feedback"":""What are some ways you can effectively apply the feedback you receive to improve your approach?"",""🤔 Open to Insights"":""How can you practice being open to feedback without becoming defensive?"",""👫 Trusted Feedback Sources"":""Who are the trusted individuals in your life you can ask for honest feedback?"",""🗣️ Specific Feedback Requests"":""How can you frame your requests for feedback to be clear and specific?""}","[""What specific feedback have you received from your trusted sources? How do you plan to implement their suggestions?""]",,,resilience,,,,,,,,
303,153,Implementing Feedback 📈,The source of truth,"**Hi _CLIENTNAME_! 🌟**
 

 Use the feedback you receive to make adjustments to your goals or strategies. Focus on actionable changes that can help you improve.
 

 **Here’s how:**
 

 1. **Review Feedback:** Carefully consider the insights and suggestions you received.
  - 📋 **Examples:** Reflect on specific comments about your approach, skills, or areas for improvement.
 

 2. **Identify Actionable Changes:** Determine what specific adjustments you can make based on the feedback.
  - 🎯 **Examples:** Modify your goal timeline, adopt new strategies, or focus on developing particular skills.
 

 3. **Implement Adjustments:** Put these changes into practice and monitor your progress.
  - 🚀 **Examples:** Set new milestones, try different techniques, or seek additional resources to support your growth.
 

 ⭐️ Implement feedback to enhance your progress and refine your strategies.
 

 By using feedback to make targeted improvements, you can enhance your progress and achieve your goals more effectively.",life,,,"{""🌟 Anyone who has changed their life for the better"":""https://www.reddit.com/r/DecidingToBeBetter/comments/18fl0ok/anyone_who_has_changed_their_life_for_the_better/""}","{""📋 Review Feedback"":""Can you help me reflect on and analyze the feedback I've received to identify key insights and areas for improvement?"",""🎯 Identify Changes"":""What specific adjustments can I make based on the feedback to enhance my strategies or skills?"",""🚀 Implement Adjustments"":""How can I effectively put the feedback into practice and track my progress?"",""🛠 Focus on Actionable Steps"":""What steps should I take to ensure that the feedback leads to tangible improvements in my goals?""}","[""What actionable changes can you make based on the feedback you received? How will these changes impact your journey?""]",,,resilience,,,,,,,,
304,154,Harnessing Willpower,Strengthen Your Resolve,"**Hi _CLIENTNAME_! 🌟**
 

 Harness Nietzsche's concept of willpower to strengthen your resolve. Remember, it's about gaining power over yourself, not others.
 

 **Here’s how:**
 

 1. **Understand Will to Power:** Recognize that Nietzsche's ""Will to Power"" is about self-overcoming and becoming who you truly are.
  - 🌟 **Example:** Use your inner drive to improve and control your own life.
 

 2. **Identify a Challenge:** Pinpoint a specific situation where you need to assert your willpower.
  - 🎯 **Examples:** Facing a difficult project, breaking a bad habit, or starting a new routine.
 

 3. **Plan Your Approach:** Develop a strategy to assert your willpower and tackle the challenge.
  - 📝 **Examples:** Break the challenge into smaller tasks, set clear goals, and stay positive.
 

 ⭐️ Identify a challenging situation and plan how to assert your willpower over it.
 

 By channeling Nietzsche's concept of willpower, you can strengthen your resolve and effectively overcome challenges, leading to personal growth and empowerment.",life,,,"{""🤔 The will to power is one of the most fundamental concepts in Nietzsche's philosophy"":""https://www.reddit.com/r/philosophy/comments/oo0a70/the_will_to_power_is_one_of_the_most_fundamental/""}","{""📝 Plan Approach"":""Can you outline a strategy to tackle a challenge using willpower?"",""🌟 Self-Overcoming"":""How can I use my inner drive to make positive changes in my life?"",""💪 Harness Willpower"":""How can understanding Nietzsche's 'Will to Power' help me improve self-control?"",""🎯 Pinpoint Challenges"":""What specific situation do you need more willpower in, and why?""}","[""What's one challenge where you need to assert willpower?""]",,,resilience,,,,,,,,
305,155,Re-authoring Your Story 🌟,Rewrite for Resilience,"**Hi _CLIENTNAME_! 🌟**
 

 Rewrite your personal narrative to highlight strengths and successes in your weed-free journey. Identify a challenging experience related to cannabis use and reframe it as a story of resilience.
 

 **Here’s how:**
 

 1. **🔍 Identify a Challenge:** Think of a difficult experience you’ve faced with cannabis use.
  - **Examples:** A time when you struggled with cravings or faced social pressure to use.
 

 2. **🛠️ Reframe the Experience:** Focus on how you demonstrated resilience and strength during this time.
  - **Examples:** Highlight how you persevered through cravings, used alternative coping strategies, or sought support from friends or the Clear30 community.
 

 3. **✍️ Rewrite Your Narrative:** Craft a new personal story that emphasizes your strengths and successes in your weed-free journey.
  - **Examples:** ""Instead of seeing this period as a struggle, I view it as a time when I learned to manage my cravings and build healthier habits.""
 

 ⭐️ Identify a challenging experience related to cannabis use and reframe it as a story of resilience.
 

 By re-authoring your personal narrative, you can transform challenges in your weed-free journey into empowering stories of strength and growth, boosting your confidence and resilience.",life,LO-Use-State,I want to stop entirely,"{""🌟 Change is not hard. Your attachment to your story is. 🌟"":""https://www.reddit.com/r/awakened/comments/lkc2r6/change_is_not_hard_your_attachment_to_your_story/""}","{""⭐️ Empowering Stories"":""How can transforming my challenges into empowering stories boost my confidence and resilience in my cannabis moderation journey?"",""🔍 Challenge to Strength"":""How can I identify a challenging experience with staying weed-free and reframe it to highlight my resilience?"",""✍️ Rewrite Your Narrative"":""What steps can I take to rewrite my personal story in a way that emphasizes my successes in moderation?"",""🛠️ Reframe for Resilience"":""Can you guide me through the process of reframing a difficult moment as a story of strength?""}","[""What's a past struggle you can now see as strength?""]",,,looking_back,,,,,,,,
306,155,Re-authoring Your Story 🌟,Rewrite for Resilience,"**Hi _CLIENTNAME_! 🌟**
 

 Rewrite your personal narrative to highlight strengths and successes in your weed-free journey. Identify a challenging experience related to cannabis use and reframe it as a story of resilience.
 

 **Here’s how:**
 

 1. **🔍 Identify a Challenge:** Think of a difficult experience you’ve faced with cannabis use.
  - **Examples:** A time when you struggled with cravings or faced social pressure to use.
 

 2. **🛠️ Reframe the Experience:** Focus on how you demonstrated resilience and strength during this time.
  - **Examples:** Highlight how you persevered through cravings, used alternative coping strategies, or sought support from friends or the Clear30 community.
 

 3. **✍️ Rewrite Your Narrative:** Craft a new personal story that emphasizes your strengths and successes in your weed-free journey.
  - **Examples:** ""Instead of seeing this period as a struggle, I view it as a time when I learned to manage my cravings and build healthier habits.""
 

 ⭐️ Identify a challenging experience related to cannabis use and reframe it as a story of resilience.
 

 By re-authoring your personal narrative, you can transform challenges in your weed-free journey into empowering stories of strength and growth, boosting your confidence and resilience.",life,LO-Use-State,I want to moderate my use,"{""🌟 Change is not hard. Your attachment to your story is. 🌟"":""https://www.reddit.com/r/awakened/comments/lkc2r6/change_is_not_hard_your_attachment_to_your_story/""}","{""⭐️ Empowering Stories"":""How can transforming my challenges into empowering stories boost my confidence and resilience in my cannabis moderation journey?"",""🔍 Challenge to Strength"":""How can I identify a challenging experience with cannabis moderation and reframe it to highlight my resilience?"",""✍️ Rewrite Your Narrative"":""What steps can I take to rewrite my personal story in a way that emphasizes my successes in moderation?"",""🛠️ Reframe for Resilience"":""Can you guide me through the process of reframing a difficult moment as a story of strength?""}","[""What's a past struggle you can now see as strength?""]",,,looking_back,,,,,,,,
307,156,Externalization 🎯,Overcome Challenges,"**Hi _CLIENTNAME_! 🌟**
 

 Externalize problems by viewing them as separate from your identity. Write about your goal-related challenges as external obstacles to overcome.
 

 **Here’s how:**
 

 1. **Identify Challenges:** Recognize specific challenges you face in your moderation journey.
  - 🍽️ **Examples:** Cravings, social pressure to use cannabis, or moments of stress.
 

 2. **Externalize the Problem:** View these challenges as separate from your identity.
  - 🧠 **Examples:** Instead of saying, ""I am struggling with cravings,"" say, ""Cravings are an obstacle I need to manage.""
 

 3. **Write About Your Obstacles:** Describe your challenges as external issues to tackle.
  - 📜 **Examples:** ""Cravings are a hurdle I can overcome with my coping strategies,"" or ""Social pressure is a challenge I can navigate by planning ahead.""
 

 ⭐️ Write about your goal-related challenges as external obstacles to overcome.
 

 By externalizing problems, you can view them more objectively and create strategies to manage them without internalizing them as part of your identity. This approach helps you focus on solutions and maintain a positive mindset in your moderation journey.",life,LO-Use-State,I want to moderate my use,"{""🧠 What does internalization and externalization mean in psychology?"":""https://www.reddit.com/r/askpsychology/comments/5viy4b/what_does_internalization_and_externalization/""}","{""📜 Write About Obstacles"":""Can you guide me on how to write about my challenges as external issues?"",""🎯 Externalize Challenges"":""How can I view my cannabis moderation challenges as external obstacles to overcome?"",""🍽️ Challenge Identification"":""What specific challenges do I face in my cannabis moderation journey, and how can I externalize them?"",""🧠 Separate Identity from Issues"":""What are some techniques for seeing my challenges as separate from my identity?""}","[""What external obstacles are hindering your progress right now?""]",,,looking_back,,,,,,,,
308,156,Externalization 🎯,Overcome Challenges,"**Hi _CLIENTNAME_! 🌟**
 

 Externalize problems by viewing them as separate from your identity. Write about your goal-related challenges as external obstacles to overcome.
 

 **Here’s how:**
 

 1. **Identify Challenges:** Recognize specific challenges you face in your moderation journey.
  - 🍽️ **Examples:** Cravings, social pressure to use cannabis, or moments of stress.
 

 2. **Externalize the Problem:** View these challenges as separate from your identity.
  - 🧠 **Examples:** Instead of saying, ""I am struggling with cravings,"" say, ""Cravings are an obstacle I need to manage.""
 

 3. **Write About Your Obstacles:** Describe your challenges as external issues to tackle.
  - 📜 **Examples:** ""Cravings are a hurdle I can overcome with my coping strategies,"" or ""Social pressure is a challenge I can navigate by planning ahead.""
 

 ⭐️ Write about your goal-related challenges as external obstacles to overcome.
 

 By externalizing problems, you can view them more objectively and create strategies to manage them without internalizing them as part of your identity. This approach helps you focus on solutions and maintain a positive mindset in your moderation journey.",life,LO-Use-State,I want to stop entirely,"{""🧠 What does internalization and externalization mean in psychology?"":""https://www.reddit.com/r/askpsychology/comments/5viy4b/what_does_internalization_and_externalization/""}","{""📜 Write About Obstacles"":""Can you guide me on how to write about my challenges as external issues?"",""🎯 Externalize Challenges"":""How can I view my challenges being weed-free as external obstacles to overcome?"",""🍽️ Challenge Identification"":""What specific challenges do I face in my cannabis moderation journey, and how can I externalize them?"",""🧠 Separate Identity from Issues"":""What are some techniques for seeing my challenges as separate from my identity?""}","[""What external obstacles are hindering your progress right now?""]",,,looking_back,,,,,,,,
309,157,Unique Outcomes 🌟,Achieve Against the Odds,"**Hi _CLIENTNAME_! 🌟**
 

 Identify unique outcomes where you succeeded against the odds. Reflect on these moments to build confidence and motivation.
 

 **Here’s how:**
 

 1. **Spot Successes:** Recall times you managed to keep areas weed-free despite challenges.
  - 📌 **Examples:** Resisting cravings or navigating social situations without using cannabis.
 

 2. **Reflect on Achievements:** Consider what helped you succeed.
  - 📌 **Examples:** Using support networks, stress management techniques, or setting clear boundaries.
 

 3. **Build Confidence:** Use these successes to boost your confidence.
  - 📌 **Examples:** ""I stayed sober at the party by sticking to my plan,"" or ""I overcame cravings by going for a run.""
 

 ⭐️ Reflect on these moments to build confidence and motivation.
 

 By focusing on these unique outcomes, you can reinforce your confidence and stay motivated in your weed-free journey.",life,LO-Use-State,I want to moderate my use,"{""🎉 What is your biggest success in life so far?"":""https://www.reddit.com/r/AskReddit/comments/1b3ryo/what_is_your_biggest_success_in_life_so_far/""}","{""🔍 Spot Successes"":""Can you recall times you resisted cravings or managed social situations without using cannabis?"",""🌟 Unique Outcomes"":""What are some moments where you successfully moderated cannabis despite challenges?"",""💪 Build Confidence"":""How can you use your past successes to boost your confidence and motivation?"",""🧩 Reflect on Achievements"":""What strategies helped you succeed in your moderation efforts?""}","[""What’s one success that showed you your true strength?""]",,,looking_back,,,,,,,,
310,157,Unique Outcomes 🌟,Achieve Against the Odds,"**Hi _CLIENTNAME_! 🌟**
 

 Identify unique outcomes where you succeeded against the odds. Reflect on these moments to build confidence and motivation.
 

 **Here’s how:**
 

 1. **Spot Successes:** Recall times you managed to keep areas weed-free despite challenges.
  - 📌 **Examples:** Resisting cravings or navigating social situations without using cannabis.
 

 2. **Reflect on Achievements:** Consider what helped you succeed.
  - 📌 **Examples:** Using support networks, stress management techniques, or setting clear boundaries.
 

 3. **Build Confidence:** Use these successes to boost your confidence.
  - 📌 **Examples:** ""I stayed sober at the party by sticking to my plan,"" or ""I overcame cravings by going for a run.""
 

 ⭐️ Reflect on these moments to build confidence and motivation.
 

 By focusing on these unique outcomes, you can reinforce your confidence and stay motivated in your weed-free journey.",life,LO-Use-State,I want to stop entirely,"{""🎉 What is your biggest success in life so far?"":""https://www.reddit.com/r/AskReddit/comments/1b3ryo/what_is_your_biggest_success_in_life_so_far/""}","{""🔍 Spot Successes"":""Can you recall times you resisted cravings or managed social situations without using cannabis?"",""🌟 Unique Outcomes"":""What are some moments where you successfully resisted weed despite challenges?"",""💪 Build Confidence"":""How can you use your past successes to boost your confidence and motivation?"",""🧩 Reflect on Achievements"":""What strategies helped you succeed in your moderation efforts?""}","[""What’s one success that showed you your true strength?""]",,,looking_back,,,,,,,,
311,158,Crafting Your Future ✨,Visualize and Achieve Your Goals,"**Hi _CLIENTNAME_! 🌟**
 

 Envision and articulate your preferred reality. Describe in detail the future you are working towards.
 

 **Here’s how:**
 

 1. 🌟 **Visualize Your Future:** Imagine the life you want to achieve through a weed-free lifestyle.
  - **Examples:** Being healthier, having more energy, or feeling more in control.
 

 2. ✍️ **Describe It in Detail:** Write down specific aspects of your preferred reality.
  - **Examples:** ""I see myself waking up refreshed, enjoying exercise, and thriving in my social life without relying on cannabis.""
 

 3. 🎯 **Use It as Motivation:** Keep this vision in mind to stay focused and motivated.
  - **Examples:** Regularly revisit and refine your description to keep your goals clear and inspiring.
 

 ⭐️ Envision your preferred reality and use it as motivation to achieve your goals.
 

 By clearly articulating your preferred reality, you can create a vivid and motivating picture of the future you are working towards, helping you stay committed to your weed-free journey.",life,LO-Use-State,I want to stop entirely,"{""🌟 You create your own reality"":""https://www.reddit.com/r/lawofattraction/comments/rep5xu/you_create_your_own_reality/""}","{""🎯 Use It as Motivation"":""How can I use my vision of the future to stay focused on my goals?"",""🌟 Visualize Your Future"":""How can I imagine the life I want to achieve through staying weed-free?"",""📝 Articulate Your Goals"":""What are some tips for clearly articulating my preferred reality to boost motivation?"",""✍️ Describe It in Detail"":""What specific aspects of my preferred reality should I write down to stay motivated?""}","[""What does your ideal future self look like?""]",,,looking_back,,,,,,,,
312,158,Crafting Your Future ✨,Visualize and Achieve Your Goals,"**Hi _CLIENTNAME_! 🌟**
 

 Envision and articulate your preferred reality. Describe in detail the future you are working towards.
 

 **Here’s how:**
 

 1. 🌟 **Visualize Your Future:** Imagine the life you want to achieve through a weed-free lifestyle.
  - **Examples:** Being healthier, having more energy, or feeling more in control.
 

 2. ✍️ **Describe It in Detail:** Write down specific aspects of your preferred reality.
  - **Examples:** ""I see myself waking up refreshed, enjoying exercise, and thriving in my social life without relying on cannabis.""
 

 3. 🎯 **Use It as Motivation:** Keep this vision in mind to stay focused and motivated.
  - **Examples:** Regularly revisit and refine your description to keep your goals clear and inspiring.
 

 ⭐️ Envision your preferred reality and use it as motivation to achieve your goals.
 

 By clearly articulating your preferred reality, you can create a vivid and motivating picture of the future you are working towards, helping you stay committed to your weed-free journey.",life,LO-Use-State,I want to moderate my use,"{""🌟 You create your own reality"":""https://www.reddit.com/r/lawofattraction/comments/rep5xu/you_create_your_own_reality/""}","{""🎯 Use It as Motivation"":""How can I use my vision of the future to stay focused on my goals?"",""🌟 Visualize Your Future"":""How can I imagine the life I want to achieve through cannabis moderation?"",""📝 Articulate Your Goals"":""What are some tips for clearly articulating my preferred reality to boost motivation?"",""✍️ Describe It in Detail"":""What specific aspects of my preferred reality should I write down to stay motivated?""}","[""What does your ideal future self look like?""]",,,looking_back,,,,,,,,
313,159,Mapping Motivation 🧭,Find Your Drive,"**Hi _CLIENTNAME_! 🌟**
 

 Map the influence of various factors on your motivation. Identify key people, events, and experiences that have shaped your goals.
 

 **Here’s how:**
 

 1. **Identify Influential People:** Consider who has positively influenced your weed-free journey.
  - 🌟 **Examples:** Friends who support your goals, mentors who provide guidance, or public figures who inspire you.
 

 2. **Recall Key Events:** Think about significant moments that have impacted your motivation.
  - 🎉 **Examples:** A breakthrough moment in your weed-free efforts, a supportive conversation, or a motivating event you attended.
 

 3. **Reflect on Experiences:** Consider experiences that have shaped your perspective and goals.
  - 🏆 **Examples:** Personal achievements, overcoming challenges, or learning new strategies for maintaining a weed-free space.
 

 ⭐️ Map the influence of various factors to understand what drives your motivation and shapes your goals.
 

 By mapping these influences, you can gain insight into the factors that support your motivation and use this understanding to strengthen your commitment to your goals.",life,LO-Use-State,I want to moderate my use,"{""💪 People who are motivated to do things, how the heck do you do that?"":""https://www.reddit.com/r/AskReddit/comments/hcrqgh/people_who_are_motivated_to_do_things_how_the/""}","{""🧍 Influential People"":""Who are some individuals that have positively impacted your motivation for moderation, and how have they influenced you?"",""🧭 Mapping Motivation"":""How can understanding the key people, events, and experiences that influence you help strengthen your commitment to your goals?"",""🏆 Reflect on Experiences"":""What personal experiences have most significantly shaped your perspective on moderation? How did they contribute to your journey?"",""🎉 Key Motivational Events"":""Can you describe significant events that have boosted your motivation? How did they shape your goals?""}","[""What pivotal moment most shaped your current motivation?""]",,,looking_back,,,,,,,,
314,159,Mapping Motivation 🧭,Find Your Drive,"**Hi _CLIENTNAME_! 🌟**
 

 Map the influence of various factors on your motivation. Identify key people, events, and experiences that have shaped your goals.
 

 **Here’s how:**
 

 1. **Identify Influential People:** Consider who has positively influenced your weed-free journey.
  - 🌟 **Examples:** Friends who support your goals, mentors who provide guidance, or public figures who inspire you.
 

 2. **Recall Key Events:** Think about significant moments that have impacted your motivation.
  - 🎉 **Examples:** A breakthrough moment in your weed-free efforts, a supportive conversation, or a motivating event you attended.
 

 3. **Reflect on Experiences:** Consider experiences that have shaped your perspective and goals.
  - 🏆 **Examples:** Personal achievements, overcoming challenges, or learning new strategies for maintaining a weed-free space.
 

 ⭐️ Map the influence of various factors to understand what drives your motivation and shapes your goals.
 

 By mapping these influences, you can gain insight into the factors that support your motivation and use this understanding to strengthen your commitment to your goals.",life,LO-Use-State,I want to stop entirely,"{""💪 People who are motivated to do things, how the heck do you do that?"":""https://www.reddit.com/r/AskReddit/comments/hcrqgh/people_who_are_motivated_to_do_things_how_the/""}","{""🧍 Influential People"":""Who are some individuals that have positively impacted your motivation for staying weed-free, and how have they influenced you?"",""🧭 Mapping Motivation"":""How can understanding the key people, events, and experiences that influence you help strengthen your commitment to your goals?"",""🏆 Reflect on Experiences"":""What personal experiences have most significantly shaped your perspective on weed? How did they contribute to your journey?"",""🎉 Key Motivational Events"":""Can you describe significant events that have boosted your motivation? How did they shape your goals?""}","[""What pivotal moment most shaped your current motivation?""]",,,looking_back,,,,,,,,
315,160,Confucian Self-Cultivation 🌱,Cultivate Your Best Self,"**Hi _CLIENTNAME_! 🌟**
 

 Cultivation is development through conscious intent. Focus on self-cultivation to improve yourself through moral and ethical practices.
 

 **Here’s how:**
 

 1. **Identify Ethical Principles:** Choose three principles you want to cultivate.
  - 🌟 **Examples:** Honesty, respect, responsibility.
 

 2. **Reflect on Impact:** Consider how these principles support your moderation goals.
  - 🌟 **Examples:** Being honest about your progress, respecting your body, taking responsibility for your actions.
 

 3. **Set Specific Actions:** Decide on one action for each principle to practice this week.
  - 🌟 **Examples:** 
  - **Honesty:** Journal about your true feelings.
  - **Respect:** Practice mindful eating.
  - **Responsibility:** Plan your week to include exercise.
 

 ⭐️ Write down three ethical principles and set a specific action for each to practice this week.
 

 By focusing on these principles, you can consciously cultivate your moral and ethical growth, supporting your moderation goals.",life,LO-Use-State,I want to stop entirely,"{""🌱 Does anyone here cultivate?"":""https://www.reddit.com/r/taoism/comments/ey612e/does_anyone_here_cultivate/""}","{""🔍 Reflect on Impact"":""How might practicing specific ethical principles support my weed-free goals?"",""📝 Set Weekly Actions"":""Can you help me set specific actions for each ethical principle I want to cultivate this week?"",""🌱 Cultivate Self-Cultivation"":""How can I identify and choose ethical principles to focus on for personal growth?"",""🌟 Ethical Principles Practice"":""What are some examples of actions I can take to practice honesty, respect, and responsibility?""}","[""How can you practice one of your chosen principles today?""]",,,looking_back,,,,,,,,
316,160,Confucian Self-Cultivation 🌱,Cultivate Your Best Self,"**Hi _CLIENTNAME_! 🌟**
 

 Cultivation is development through conscious intent. Focus on self-cultivation to improve yourself through moral and ethical practices.
 

 **Here’s how:**
 

 1. **Identify Ethical Principles:** Choose three principles you want to cultivate.
  - 🌟 **Examples:** Honesty, respect, responsibility.
 

 2. **Reflect on Impact:** Consider how these principles support your moderation goals.
  - 🌟 **Examples:** Being honest about your progress, respecting your body, taking responsibility for your actions.
 

 3. **Set Specific Actions:** Decide on one action for each principle to practice this week.
  - 🌟 **Examples:** 
  - **Honesty:** Journal about your true feelings.
  - **Respect:** Practice mindful eating.
  - **Responsibility:** Plan your week to include exercise.
 

 ⭐️ Write down three ethical principles and set a specific action for each to practice this week.
 

 By focusing on these principles, you can consciously cultivate your moral and ethical growth, supporting your moderation goals.",life,LO-Use-State,I want to moderate my use,"{""🌱 Does anyone here cultivate?"":""https://www.reddit.com/r/taoism/comments/ey612e/does_anyone_here_cultivate/""}","{""🔍 Reflect on Impact"":""How might practicing specific ethical principles support my moderation goals?"",""📝 Set Weekly Actions"":""Can you help me set specific actions for each ethical principle I want to cultivate this week?"",""🌱 Cultivate Self-Cultivation"":""How can I identify and choose ethical principles to focus on for personal growth?"",""🌟 Ethical Principles Practice"":""What are some examples of actions I can take to practice honesty, respect, and responsibility?""}","[""How can you practice one of your chosen principles today?""]",,,looking_back,,,,,,,,
317,161,Kant’s Categorical Imperative 🌟,Your Ethical Blueprint,"**Hi _CLIENTNAME_! 🌟**
 

 Act according to maxims that you would want to become universal laws. This means making decisions based on principles that you believe everyone should follow.
 

 **Here’s how:**
 

 1. **Understand the Concept:** Kant's Categorical Imperative is about creating ethical guidelines that could apply universally.
  - 🌍 **Example:** If you believe something is right for you, it should be right for everyone in similar circumstances.
 

 2. **Create a Personal Guideline:** Formulate a guideline for cannabis use that you believe should be a universal principle.
  - 🌱 **Example:** ""Use substances in ways that enhance life and do not cause harm.""
 

 3. **Reflect on Its Impact:** Consider how adhering to this guideline can help you achieve balance and support your well-being.
  - 💭 **Example:** Following this principle encourages mindful and responsible use, promoting a healthier lifestyle and positive habits.
 

 4. **Apply the Guideline:** Implement this principle in your daily life to ensure your actions align with your values.
  - 🍃 **Example:** If you choose to use cannabis, do so in a weed-free manner and in a way that positively contributes to your life.
 

 ⭐️ Create a personal guideline for cannabis use that you believe should be a universal principle and reflect on how it supports your well-being.
 

 By adhering to Kant’s Categorical Imperative, you can make thoughtful decisions that promote balance and overall well-being in your life. This approach helps you live in a way that aligns with your values and encourages ethical behavior.",life,LO-Use-State,I want to moderate my use,"{""🤔 Can someone simply explain what Kant categorical imperative is?"":""https://www.reddit.com/r/askphilosophy/comments/leyz2o/can_someone_simply_explain_what_kant_categorical/""}","{""🌍 Universal Ethics"":""How can I create a personal guideline for cannabis use that could apply universally?"",""🍃 Apply Your Values"":""How can I implement a principle of moderate cannabis use in my daily life to align with my values?"",""💭 Reflect on Impact"":""How can following a universal guideline for cannabis use improve my well-being?"",""🌱 Personal Guideline"":""What principle can I formulate for responsible cannabis use and why should it be a universal rule?""}","[""What personal guideline would you universalize for mindful substance use?""]",,,looking_back,,,,,,,,
318,161,Kant’s Categorical Imperative 🌟,Your Ethical Blueprint,"**Hi _CLIENTNAME_! 🌟**
 

 Act according to maxims that you would want to become universal laws. This means making decisions based on principles that you believe everyone should follow.
 

 **Here’s how:**
 

 1. **Understand the Concept:** Kant's Categorical Imperative is about creating ethical guidelines that could apply universally.
  - 🌍 **Example:** If you believe something is right for you, it should be right for everyone in similar circumstances.
 

 2. **Create a Personal Guideline:** Formulate a guideline for cannabis use that you believe should be a universal principle.
  - 🌱 **Example:** ""Use substances in ways that enhance life and do not cause harm.""
 

 3. **Reflect on Its Impact:** Consider how adhering to this guideline can help you achieve balance and support your well-being.
  - 💭 **Example:** Following this principle encourages mindful and responsible use, promoting a healthier lifestyle and positive habits.
 

 4. **Apply the Guideline:** Implement this principle in your daily life to ensure your actions align with your values.
  - 🍃 **Example:** If you choose to use cannabis, do so in a weed-free manner and in a way that positively contributes to your life.
 

 ⭐️ Create a personal guideline for cannabis use that you believe should be a universal principle and reflect on how it supports your well-being.
 

 By adhering to Kant’s Categorical Imperative, you can make thoughtful decisions that promote balance and overall well-being in your life. This approach helps you live in a way that aligns with your values and encourages ethical behavior.",life,LO-Use-State,I want to stop entirely,"{""🤔 Can someone simply explain what Kant categorical imperative is?"":""https://www.reddit.com/r/askphilosophy/comments/leyz2o/can_someone_simply_explain_what_kant_categorical/""}","{""🌍 Universal Ethics"":""How can I create a personal guideline for cannabis use that could apply universally?"",""🍃 Apply Your Values"":""How can I implement a principle of staying weed-free in my daily life to align with my values?"",""💭 Reflect on Impact"":""How can following a universal guideline for cannabis use improve my well-being?"",""🌱 Personal Guideline"":""What principle can I formulate for responsible cannabis use and why should it be a universal rule?""}","[""What personal guideline would you universalize for mindful substance use?""]",,,looking_back,,,,,,,,
319,162,Connecting with Nature 🌿,Discover the Outdoors,"**Hi _CLIENTNAME_! 🌟**
 

 This week, we’ll focus on connecting with nature in a fun, interesting, beautiful, and rich way. Spending time in nature can enhance your sense of peace and help you feel more grounded and rejuvenated. 🌿
 

 **Here’s how:**
 

 🌳 **Creative Nature Walks:** Explore parks or trails and bring a camera or sketchpad. Turn it into a scavenger hunt by listing items to find, like unique leaves or specific flowers.
 

 🧘 **Mindful Meditation:** Sit by a stream or under a tree and focus on your senses. Listen to water, birds, and leaves, and feel the textures around you.
 

 🌲 **Forest Bathing:** Walk slowly through a forest, taking in the sights, sounds, and smells. Breathe deeply and move mindfully.
 

 ⭐️ Make an effort to connect with nature in a fun and meaningful way to enhance your sense of peace and rejuvenation.
 

 By engaging in these activities, you can cultivate a deeper connection with nature, enrich your experiences, and support your overall mental health and well-being.",life,,,"{""🌿 How to Connect with Nature? Any Tips or Ways You Do?"":""https://www.reddit.com/r/druidism/comments/5kqwr5/how_to_connect_with_nature_any_tips_or_ways_you_do/""}","{""🌳 Creative Nature Walks"":""How can I make my next walk in nature more engaging and creative?"",""🌲 Embrace Forest Bathing"":""How can I fully experience and benefit from forest bathing?"",""⭐️ Nature's Rejuvenation"":""How does spending time in nature contribute to mental health and well-being?"",""🧘 Mindful Meditation Outdoors"":""What are some tips for practicing mindful meditation in a natural setting?""}","[""When did nature last make you feel truly alive?""]",,,spirituality,,,,,,,,
320,163,Engaging Your Senses 🌿,Stay Present in Nature,"**Hi _CLIENTNAME_! 🌟**
 

 While in nature, engage all your senses. Notice the sights, sounds, smells, and textures around you. This helps you stay present and fully appreciate the natural world.
 

 **Here’s how:**
 

 1. **👀 Sight:** Observe the colors, shapes, and movements in your surroundings. Notice the details in leaves, flowers, and wildlife.
 

 2. **🎶 Sound:** Listen to the sounds of nature. Pay attention to the birds singing, the rustling of leaves, and the flow of water.
 

 3. **🌸 Smell:** Take in the different scents around you. Breathe deeply and notice the smell of fresh grass, flowers, and the earth.
 

 4. **✋ Touch:** Feel the textures of natural elements. Touch the bark of a tree, the softness of moss, or the smoothness of a rock.
 

 ⭐️ Engage your senses in nature to stay present and connected.
 

 By fully engaging your senses, you can deepen your connection with nature and enhance your overall sense of peace and well-being.",life,,,"{""🌸 What is the secret to experiencing the beauty in everyday life?"":""https://www.reddit.com/r/Mindfulness/comments/17qc1pt/what_is_the_secret_to_experiencing_the_beauty_in/""}","{""🎶 Sounds of Nature"":""How do the natural sounds around you enhance your sense of peace and connection to the environment?"",""👀 Nature's Details"":""How can observing the small details in nature help you stay present and mindful?"",""✋ Texture Connection"":""How does touching different natural textures affect your mindfulness and presence?"",""🌸 Scent Exploration"":""What scents in nature bring you the most joy and why?""}","[""Which natural element do you feel most connected with? Why?""]",,,spirituality,,,,,,,,
321,164,Exploring Spiritual Practices 🧘‍♂️,Discover What Resonates,"**Hi _CLIENTNAME_! 🌟**
 

 Research and try out different spiritual practices such as meditation, prayer, yoga, chanting, or mindfulness. See which ones resonate with you the most.
 

 **Here’s how:**
 

 1. **🧘‍♀️ Meditation:** Try different types of meditation, like guided, silent, or walking meditations. Notice which style helps you feel calm and centered.
  
 2. **🙏 Prayer:** Engage in prayer if it aligns with your beliefs. It can be a powerful way to connect with a higher power and reflect on your life.
 

 3. **🧘 Yoga:** Practice yoga to combine physical movement with mental and spiritual awareness. Explore different styles like Hatha, Vinyasa, or Kundalini.
 

 4. **🎶 Chanting:** Experiment with chanting or singing mantras. This can help focus your mind and elevate your spiritual practice.
 

 5. **🌸 Mindfulness:** Practice being present in the moment through mindfulness exercises. This can be done anywhere, anytime, and helps ground you in the present.
 

 ⭐️ Experiment with various spiritual practices to discover what resonates with you.
 

 By trying out different spiritual practices, you can find what best supports your mental, emotional, and spiritual well-being.",life,,,"{""🙏 How do you begin your spiritual journey?"":""https://www.reddit.com/r/spirituality/comments/mm2630/how_do_you_begin_your_spiritual_journey/""}","{""🙏 Power of Prayer"":""How can incorporating prayer into your daily routine enhance your spiritual practice?"",""🧘 Yoga Exploration"":""Which yoga styles have you explored, and how do they impact your mental and spiritual awareness?"",""🎶 Chanting and Mantras"":""How does chanting or singing mantras influence your focus and elevate your spiritual practice?"",""🧘‍♀️ Meditation Styles"":""What types of meditation have you tried, and which style helps you feel the most centered?""}","[""How does your current spiritual practice support your well-being?""]",,,spirituality,,,,,,,,
322,165,Creating a Sacred Space 🌟,Design Your Sanctuary,"**Hi _CLIENTNAME_! 🌟**
 

 Designate a space in your home for spiritual practice. Fill it with items that bring you peace and inspiration, like candles, crystals, or meaningful objects.
 

 **Here’s how:**
 

 1. **Choose a Quiet Spot:** Select a peaceful area in your home where you can practice without distractions.
  - 🛋️ **Examples:** A corner in your bedroom, a quiet nook in the living room, or even a space on your balcony.
 

 2. **Add Meaningful Items:** Fill the space with objects that inspire and calm you.
  - 🕯️ **Examples:** Candles for warmth and light, crystals for energy, plants for a natural touch, or meaningful objects like photos or souvenirs.
 

 3. **Personalize Your Space:** Make it uniquely yours by adding personal touches.
  - 🧘 **Examples:** A comfortable cushion for meditation, a small altar for prayer, or a yoga mat for practice.
 

 ⭐️ Create a sacred space in your home for spiritual practice.
 

 By designing a dedicated space for your spiritual practices, you can create a sanctuary that fosters peace, inspiration, and personal growth.",life,,,"{""🕯️ Sacred space at home"":""https://www.reddit.com/r/spirituality/comments/1b7nou4/sacred_space_at_home/""}","{""🕯️ Meaningful Items"":""What types of items can I add to my sacred space to inspire and calm me?"",""🏡 Design Your Sanctuary"":""How can I create a sacred space in my home for spiritual practice?"",""🧘 Personalize Your Space"":""How can I personalize my spiritual space to make it uniquely mine?"",""🛋️ Quiet Spot Selection"":""What are some ideal quiet spots in my home for setting up a spiritual practice area?""}","[""What inspires peace and comfort in your personal space?""]",,,spirituality,,,,,,,,
323,166,Mindful Spiritual Practice 🌿,"Stay Present, Enhance Peace","**Hi _CLIENTNAME_! 🌟**
 

 Practice mindfulness by focusing on the present moment during your spiritual practices. Being fully present can enhance the effectiveness of your practice.
 

 **Here’s how:**
 

 1. **Stay Present:** Focus on the here and now during your spiritual practices, whether it’s meditation, prayer, or yoga.
  - 🧘 **Examples:** Pay attention to your breath, the sensations in your body, or the words of a prayer or mantra.
 

 2. **Eliminate Distractions:** Create an environment that minimizes interruptions and distractions.
  - 📵 **Examples:** Turn off your phone, find a quiet space, and set a specific time for your practice.
 

 3. **Observe Without Judgment:** Notice thoughts and feelings as they arise, but let them pass without judgment.
  - 🧠 **Examples:** If your mind wanders, gently bring your focus back to the present activity.
 

 ⭐️ Incorporate mindfulness into your spiritual practices to stay present and focused.
 

 By practicing mindfulness, you can deepen your spiritual experience and enhance your overall sense of peace and well-being.",life,LO-Use-State,I want to moderate my use,"{""🧘‍♂️ How can meditation lead to spiritual awakening?"":""https://www.reddit.com/r/Meditation/comments/pa5gju/how_can_meditation_lead_to_spiritual_awakening_if/""}","{""🧍 Influential People"":""Who are some individuals that have positively impacted your motivation for moderation, and how have they influenced you?"",""🧭 Mapping Motivation"":""How can understanding the key people, events, and experiences that influence you help strengthen your commitment to your goals?"",""🏆 Reflect on Experiences"":""What personal experiences have most significantly shaped your perspective on moderation? How did they contribute to your journey?"",""🎉 Key Motivational Events"":""Can you describe significant events that have boosted your motivation? How did they shape your goals?""}","[""What distractions most often pull you away from being present?""]",,,spirituality,,,,,,,,
324,166,Mindful Spiritual Practice 🌿,"Stay Present, Enhance Peace","**Hi _CLIENTNAME_! 🌟**
 

 Practice mindfulness by focusing on the present moment during your spiritual practices. Being fully present can enhance the effectiveness of your practice.
 

 **Here’s how:**
 

 1. **Stay Present:** Focus on the here and now during your spiritual practices, whether it’s meditation, prayer, or yoga.
  - 🧘 **Examples:** Pay attention to your breath, the sensations in your body, or the words of a prayer or mantra.
 

 2. **Eliminate Distractions:** Create an environment that minimizes interruptions and distractions.
  - 📵 **Examples:** Turn off your phone, find a quiet space, and set a specific time for your practice.
 

 3. **Observe Without Judgment:** Notice thoughts and feelings as they arise, but let them pass without judgment.
  - 🧠 **Examples:** If your mind wanders, gently bring your focus back to the present activity.
 

 ⭐️ Incorporate mindfulness into your spiritual practices to stay present and focused.
 

 By practicing mindfulness, you can deepen your spiritual experience and enhance your overall sense of peace and well-being.",life,LO-Use-State,I want to stop entirely,"{""🧘‍♂️ How can meditation lead to spiritual awakening?"":""https://www.reddit.com/r/Meditation/comments/pa5gju/how_can_meditation_lead_to_spiritual_awakening_if/""}","{""🧍 Influential People"":""Who are some individuals that have positively impacted your motivation for moderation, and how have they influenced you?"",""🧭 Mapping Motivation"":""How can understanding the key people, events, and experiences that influence you help strengthen your commitment to your goals?"",""🏆 Reflect on Experiences"":""What personal experiences have most significantly shaped your perspective on moderation? How did they contribute to your journey?"",""🎉 Key Motivational Events"":""Can you describe significant events that have boosted your motivation? How did they shape your goals?""}","[""What distractions most often pull you away from being present?""]",,,spirituality,,,,,,,,
325,167,Reflecting on Inner Peace 🌟,Find Tranquility in Your Life,"Hi _CLIENTNAME_! 🌟
 

 Welcome to the fourth week of Month Eleven! 🎉 This week, we’ll focus on reflecting on inner peace. Taking time to reflect on your journey towards inner peace helps you appreciate your progress and find ways to maintain this tranquility in your life. 🧘‍♀️
 

 ⭐️ Reflect on your journey towards inner peace and identify what practices have been most effective for you.",life,,,"{""🧘‍♂️ You are not your thoughts. I was wrong about inner peace"":""https://www.reddit.com/r/Mindfulness/comments/iby0fo/you_are_not_your_thoughts_i_was_wrong_about_inner/""}","{""🌟 Effective Practices"":""Which inner peace practices do you find yourself returning to, and why do you think they resonate with you?"",""🔍 Reflect on Progress"":""Can you identify specific moments or practices that significantly contributed to your sense of inner peace?"",""🏞️ Inner Peace Reflection"":""How has your journey towards inner peace progressed, and what practices have been most effective for you?"",""🧘‍♀️ Maintain Tranquility"":""What strategies can you use to maintain the tranquility you’ve achieved in your life?""}","[""What brings you the deepest sense of inner peace?""]",,,spirituality,,,,,,,,
326,168,Discover Inner Peace 🧘,Find Your Balance,"**Hi _CLIENTNAME_! 🌟**
 

 Identify the key elements that contribute to your inner peace. This could include specific practices, environments, or mindsets.
 

 **Here’s how:**
 

 1. **Reflect on Practices:** Think about the activities that help you feel calm and centered.
  - 🌿 **Examples:** Meditation, yoga, journaling, or spending time in nature.
 

 2. **Consider Environments:** Identify places where you feel most at peace.
  - 🏞️ **Examples:** A quiet room at home, a favorite park, or a peaceful garden.
 

 3. **Focus on Mindsets:** Recognize the attitudes and beliefs that support your inner peace.
  - 💭 **Examples:** Practicing gratitude, letting go of control, or maintaining a positive outlook.
 

 ⭐️ Identify the key elements that help you maintain inner peace.
 

 By understanding what contributes to your inner peace, you can incorporate these elements into your daily life to enhance your overall well-being and tranquility.",life,,,"{""🧘‍♂️ How to find true inner peace"":""https://www.reddit.com/r/Mindfulness/comments/1aezi5d/how_to_find_true_inner_peace/""}","{""🌿 Calming Practices"":""Which activities help you feel centered, and how can you incorporate them into your daily routine?"",""💭 Positive Mindsets"":""What attitudes or beliefs contribute to your inner peace, and how can you cultivate them?"",""🧘 Reflect for Peace"":""How can reflecting on your practices, environments, and mindsets enhance your overall well-being?"",""🏞️ Peaceful Environments"":""What places make you feel at peace, and how can you spend more time there?""}","[""What truly brings you inner peace?""]",,,spirituality,,,,,,,,
327,169,Connecting with Spirituality 🌟,Deepen Your Goals,"Hi _CLIENTNAME_! 🌟
 

 Today, let’s focus on connecting your goals with your existing religion or spirituality. Tying your goals to something deeper can provide powerful motivation and clarity. 🕊️
 

 **Here’s how:**
 

 1. **Reflect on Your Beliefs**: Think about the ideals and values of your religion or spiritual practice.
  - 📖 **Example**: Reflect on teachings that emphasize growth, compassion, and self-discipline.
 

 2. **Align Your Goals**: Connect your weed-free goals to these deeper values.
  - 🌱 **Example**: If your faith values stewardship, view weed-free living as taking better care of your body.
 

 3. **Practice Daily**: Incorporate spiritual practices to reinforce your goals.
  - 🙏 **Example**: Include prayer, meditation, or reading spiritual texts in your routine.
 

 By aligning your goals with your spiritual beliefs, you can find deeper meaning and motivation in your journey.",life,LO-Use-State,I want to stop entirely,"{""🧘‍♂️ How do you stay spiritually connected in this chaotic world?"":""https://www.reddit.com/r/spirituality/comments/193gff4/how_do_you_stay_spiritually_connected_in_this/""}","{""🌱 Align Your Values"":""What are some ways I can connect my moderation goals with the core values of my faith?"",""📖 Reflect on Beliefs"":""Can you guide me on how to reflect on my spiritual or religious values to support my goals?"",""🙏 Daily Spiritual Practice"":""How can I incorporate spiritual practices into my daily routine to reinforce my weed-free goals?"",""🕊️ Spiritual Goal Connection"":""How can I align my cannabis moderation goals with my spiritual beliefs?""}","[""How do your spiritual beliefs shape your personal goals?""]",,,spirituality,,,,,,,,
328,169,Connecting with Spirituality 🌟,Deepen Your Goals,"Hi _CLIENTNAME_! 🌟
 

 Today, let’s focus on connecting your goals with your existing religion or spirituality. Tying your goals to something deeper can provide powerful motivation and clarity. 🕊️
 

 **Here’s how:**
 

 1. **Reflect on Your Beliefs**: Think about the ideals and values of your religion or spiritual practice.
  - 📖 **Example**: Reflect on teachings that emphasize growth, compassion, and self-discipline.
 

 2. **Align Your Goals**: Connect your weed-free goals to these deeper values.
  - 🌱 **Example**: If your faith values stewardship, view weed-free living as taking better care of your body.
 

 3. **Practice Daily**: Incorporate spiritual practices to reinforce your goals.
  - 🙏 **Example**: Include prayer, meditation, or reading spiritual texts in your routine.
 

 By aligning your goals with your spiritual beliefs, you can find deeper meaning and motivation in your journey.",life,LO-Use-State,I want to moderate my use,"{""🧘‍♂️ How do you stay spiritually connected in this chaotic world?"":""https://www.reddit.com/r/spirituality/comments/193gff4/how_do_you_stay_spiritually_connected_in_this/""}","{""🌱 Align Your Values"":""What are some ways I can connect my moderation goals with the core values of my faith?"",""📖 Reflect on Beliefs"":""Can you guide me on how to reflect on my spiritual or religious values to support my goals?"",""🙏 Daily Spiritual Practice"":""How can I incorporate spiritual practices into my daily routine to reinforce my moderation goals?"",""🕊️ Spiritual Goal Connection"":""How can I align my cannabis moderation goals with my spiritual beliefs?""}","[""How do your spiritual beliefs shape your personal goals?""]",,,spirituality,,,,,,,,
329,170,Sharing Your Success 🎉,Celebrate Your Journey,"**Hi _CLIENTNAME_! 🌟**
 

 Share your journey with a friend or family member. Celebrating your success with others can reinforce your sense of accomplishment and motivation.
 

 **Here’s how:**
 

 1. **Choose Someone Trustworthy:** Pick a person who supports and encourages you.
  - 👫 **Examples:** A close friend, family member, or mentor.
 

 2. **Share Your Journey:** Talk about the progress you’ve made and the challenges you’ve overcome.
  - 📈 **Examples:** ""I've been able to reduce my cannabis use by half,"" or ""I've stuck to my new exercise routine for a month.""
 

 3. **Celebrate Together:** Find a way to celebrate your achievements with them.
  - 🎉 **Examples:** Have a small get-together, go out for a meal, or simply enjoy a meaningful conversation.
 

 ⭐️ Share your success with someone you trust to reinforce your sense of accomplishment.
 

 By sharing your journey, you not only celebrate your progress but also strengthen your support system, which can be a powerful motivator for continued success.",life,,,"{""🌟 How do I share success without being hated?"":""https://www.reddit.com/r/selfimprovement/comments/11tjnio/how_do_i_share_success_without_being_hated/""}","{""🥳 Joint Celebrations"":""What are some meaningful ways you can celebrate your achievements with someone close?"",""📈 Discuss Your Progress"":""What milestones have you achieved that you can share with others?"",""🎉 Celebrate Your Journey"":""How can I share my cannabis moderation success with someone supportive?"",""👫 Choose Trustworthy Support"":""Who in your life can provide encouragement for your cannabis goals?""}","[""Who supports and encourages your personal growth the most?""]",,,spirituality,,,,,,,,
330,171,Discover Your Ikigai 🌟,Find Your Purpose,"**Hi _CLIENTNAME_! 🌟**
 

 Discover your Ikigai, or reason for being, by finding the intersection of what you love, what you are good at, what the world needs, and what you can be paid for.
 

 **Here’s how:**
 

 1. **Reflect on Joy:** 🎨 Identify activities that bring you happiness and fulfillment.
 2. **Assess Strengths:** 💪 Recognize your talents and skills.
 3. **Identify Needs:** 🌍 Consider how you can contribute to the world.
 4. **Consider Value:** 💰 Think about how you can be compensated for your contributions.
 5. **Set Goals:** 🎯 Align your goals with your Ikigai to motivate your weed-free journey.
 

 ⭐️ Reflect on activities that bring you joy and fulfillment. Set goals that align with your Ikigai to motivate your weed-free journey.
 

 By discovering and aligning with your Ikigai, you can find deeper motivation and purpose in your weed-free journey, leading to a more fulfilling and balanced life.",life,LO-Use-State,I want to stop entirely,"{""🌸 What is your Ikigai?"":""https://www.reddit.com/r/simpleliving/comments/yf8d1d/what_is_your_ikigai/""}","{""🌍 Identify Needs"":""In what ways can you contribute to the world that align with your passions and skills?"",""🎨 Reflect on Joy"":""What activities bring you true happiness and fulfillment, and how can you integrate them into your daily life?"",""💪 Assess Strengths"":""How can you leverage your talents and skills to support your cannabis weed-free goals?"",""🎯 Align Goals with Ikigai"":""How can you set meaningful goals that reflect your Ikigai to stay motivated in your weed-free journey?""}","[""What activities make you lose track of time?""]",,,spirituality,,,,,,,,
331,171,Discover Your Ikigai 🌟,Find Your Purpose,"**Hi _CLIENTNAME_! 🌟**
 

 Discover your Ikigai, or reason for being, by finding the intersection of what you love, what you are good at, what the world needs, and what you can be paid for.
 

 **Here’s how:**
 

 1. **Reflect on Joy:** 🎨 Identify activities that bring you happiness and fulfillment.
 2. **Assess Strengths:** 💪 Recognize your talents and skills.
 3. **Identify Needs:** 🌍 Consider how you can contribute to the world.
 4. **Consider Value:** 💰 Think about how you can be compensated for your contributions.
 5. **Set Goals:** 🎯 Align your goals with your Ikigai to motivate your weed-free journey.
 

 ⭐️ Reflect on activities that bring you joy and fulfillment. Set goals that align with your Ikigai to motivate your weed-free journey.
 

 By discovering and aligning with your Ikigai, you can find deeper motivation and purpose in your weed-free journey, leading to a more fulfilling and balanced life.",life,LO-Use-State,I want to moderate my use,"{""🌸 What is your Ikigai?"":""https://www.reddit.com/r/simpleliving/comments/yf8d1d/what_is_your_ikigai/""}","{""🌍 Identify Needs"":""In what ways can you contribute to the world that align with your passions and skills?"",""🎨 Reflect on Joy"":""What activities bring you true happiness and fulfillment, and how can you integrate them into your daily life?"",""💪 Assess Strengths"":""How can you leverage your talents and skills to support your cannabis moderation goals?"",""🎯 Align Goals with Ikigai"":""How can you set meaningful goals that reflect your Ikigai to stay motivated in your moderation journey?""}","[""What activities make you lose track of time?""]",,,spirituality,,,,,,,,
332,172,Values Clarification 🌟,Strengthen Your Motivation,"**Hi _CLIENTNAME_! 🌟**
 

 Clarify your core values to strengthen your motivation for change.
 

 **Here’s how:**
 

 1. **📝 Identify Core Values:** Write down your top five core values (e.g., health, family, freedom).
 

 2. **🔍 Reflect on Alignment:** Consider how moderating your cannabis use aligns with these values.
 

 3. **❓ Ask the Opposite Question:** If you’re struggling, think about what you strongly dislike and what behaviors or attitudes you want no part of.
 

 4. **🛠️ Create a Plan:** Incorporate actions that honor these values into your daily routine.
 

 ⭐️ Clarify your core values to strengthen your motivation for change.
 

 By understanding and aligning your actions with your core values, you can enhance your motivation and commitment to your moderation journey.",life,LO-Use-State,I want to moderate my use,"{""📝 Need help on how to sit down and set a core of values"":""https://www.reddit.com/r/simpleliving/comments/1bs8pjy/need_help_on_how_to_sit_down_and_set_a_core_of/""}","{""🛠️ Create a Plan"":""What actions can you incorporate into your daily routine to better honor your core values?"",""📝 Identify Core Values"":""What are your top five core values, and how do they relate to your cannabis moderation goals?"",""🔍 Reflect on Alignment"":""How does moderating your cannabis use align with your identified core values?"",""❓ Ask the Opposite Question"":""What behaviors or attitudes do you strongly dislike, and how can avoiding these help you in your moderation journey?""}","[""Which of your core values feels most challenging to honor right now?""]",,,spirituality,,,,,,,,
333,172,Values Clarification 🌟,Strengthen Your Motivation,"**Hi _CLIENTNAME_! 🌟**
 

 Clarify your core values to strengthen your motivation for change.
 

 **Here’s how:**
 

 1. **📝 Identify Core Values:** Write down your top five core values (e.g., health, family, freedom).
 

 2. **🔍 Reflect on Alignment:** Consider how moderating your cannabis use aligns with these values.
 

 3. **❓ Ask the Opposite Question:** If you’re struggling, think about what you strongly dislike and what behaviors or attitudes you want no part of.
 

 4. **🛠️ Create a Plan:** Incorporate actions that honor these values into your daily routine.
 

 ⭐️ Clarify your core values to strengthen your motivation for change.
 

 By understanding and aligning your actions with your core values, you can enhance your motivation and commitment to your moderation journey.",life,LO-Use-State,I want to stop entirely,"{""📝 Need help on how to sit down and set a core of values"":""https://www.reddit.com/r/simpleliving/comments/1bs8pjy/need_help_on_how_to_sit_down_and_set_a_core_of/""}","{""🛠️ Create a Plan"":""What actions can you incorporate into your daily routine to better honor your core values?"",""📝 Identify Core Values"":""What are your top five core values, and how do they relate to your cannabis moderation goals?"",""🔍 Reflect on Alignment"":""How does not smoking weed align with your identified core values?"",""❓ Ask the Opposite Question"":""What behaviors or attitudes do you strongly dislike, and how can avoiding these help you in your weed-free journey?""}","[""Which of your core values feels most challenging to honor right now?""]",,,spirituality,,,,,,,,
334,173,Savoring Positive Experiences 🌟,Enhance Your Well-Being,"**Hi _CLIENTNAME_! 🌟**
 

 Enhance well-being by consciously savoring positive experiences and emotions. Savoring involves recognizing, appreciating, and prolonging positive moments.
 

 **Here’s how:**
 

 1. **Reflect Daily:** Take a few moments each day to reflect on a positive experience.
  - 🌅 **Examples:** A pleasant conversation, a beautiful sunset, or a personal achievement.
 

 2. **Describe in Detail:** Focus on the emotions and sensations you felt during the experience.
  - 😊 **Examples:** The warmth of the sun, the joy of laughter, or the pride in your accomplishment.
 

 3. **Take Your Time:** Savoring involves ""taking your time"" and ""doing things slowly"" to prolong the experience.
  - 🍽️ **Examples:** Enjoy each bite of a meal or spend a few extra minutes appreciating a view.
 

 4. **Be Mindful:** Practice mindfulness to stay in the moment without clinging to it.
  - 🧘 **Examples:** Fully appreciate the experience while it lasts and let it go when it’s over.
 

 ⭐️ Savoring positive experiences can help enhance your well-being and shift your focus from cravings to the positive aspects of your life.
 

 By consciously savoring positive moments, you can cultivate a more positive mindset and reinforce the joy and satisfaction in your weed-free journey.",life,LO-Use-State,I want to stop entirely,"{""🍃 Savoring is the act of recognizing & appreciating"":""https://www.reddit.com/r/Mindfulness/comments/15g8vzt/savoring_is_the_act_of_recognizing_appreciating/""}","{""🧘 Be Mindful"":""What are some mindfulness practices that can help me fully appreciate positive experiences in the moment?"",""🌅 Reflect Daily"":""How can I make a habit of reflecting on positive experiences each day?"",""🍽️ Take Your Time"":""How can I incorporate savoring into my daily routine by taking my time and doing things slowly?"",""😊 Describe in Detail"":""Can you guide me in detailing the emotions and sensations from a recent positive experience?""}","[""What's a recent moment you truly savored, and why?""]",,,celebration,,,,,,,,
335,173,Savoring Positive Experiences 🌟,Enhance Your Well-Being,"**Hi _CLIENTNAME_! 🌟**
 

 Enhance well-being by consciously savoring positive experiences and emotions. Savoring involves recognizing, appreciating, and prolonging positive moments.
 

 **Here’s how:**
 

 1. **Reflect Daily:** Take a few moments each day to reflect on a positive experience.
  - 🌅 **Examples:** A pleasant conversation, a beautiful sunset, or a personal achievement.
 

 2. **Describe in Detail:** Focus on the emotions and sensations you felt during the experience.
  - 😊 **Examples:** The warmth of the sun, the joy of laughter, or the pride in your accomplishment.
 

 3. **Take Your Time:** Savoring involves ""taking your time"" and ""doing things slowly"" to prolong the experience.
  - 🍽️ **Examples:** Enjoy each bite of a meal or spend a few extra minutes appreciating a view.
 

 4. **Be Mindful:** Practice mindfulness to stay in the moment without clinging to it.
  - 🧘 **Examples:** Fully appreciate the experience while it lasts and let it go when it’s over.
 

 ⭐️ Savoring positive experiences can help enhance your well-being and shift your focus from cravings to the positive aspects of your life.
 

 By consciously savoring positive moments, you can cultivate a more positive mindset and reinforce the joy and satisfaction in your weed-free journey.",life,LO-Use-State,I want to moderate my use,"{""🍃 Savoring is the act of recognizing & appreciating"":""https://www.reddit.com/r/Mindfulness/comments/15g8vzt/savoring_is_the_act_of_recognizing_appreciating/""}","{""🧘 Be Mindful"":""What are some mindfulness practices that can help me fully appreciate positive experiences in the moment?"",""🌅 Reflect Daily"":""How can I make a habit of reflecting on positive experiences each day?"",""🍽️ Take Your Time"":""How can I incorporate savoring into my daily routine by taking my time and doing things slowly?"",""😊 Describe in Detail"":""Can you guide me in detailing the emotions and sensations from a recent positive experience?""}","[""What's a recent moment you truly savored, and why?""]",,,celebration,,,,,,,,
336,174,Documenting Your Journey 📔,Progress and Success,"**Hi _CLIENTNAME_! 🌟**
 

 Create a simple record of your progress and achievements. Document milestones and moments of success during your Clear30 journey.
 

 **Here’s how:**
 

 1. 📓 **Start a Journal:** Write brief entries about your experiences, challenges, and successes.
  - **Examples:** Note how you felt after overcoming a craving or achieving a milestone.
 

 2. 🔄 **Reflect Regularly:** Review your entries to see your progress.
  - **Examples:** Look back at initial goals and celebrate how far you’ve come.
 

 ⭐️ Documenting your progress helps you stay motivated and recognize your accomplishments throughout your Clear30 journey.
 

 By keeping a simple record, you can track your progress and celebrate your successes, reinforcing your commitment to the Clear30 program.",life,,,"{""🏆 LPT: Document your achievements each week or month"":""https://www.reddit.com/r/LifeProTips/comments/1atzdp2/lpt_document_your_achievements_each_week_or_month/""}","{""📓 Start a Journal"":""How can I effectively document my experiences, challenges, and successes during my Clear30 journey?"",""🔄 Reflect Regularly"":""What are the best practices for regularly reviewing my journal entries to track progress?"",""📔 Track Your Journey"":""Why is it important to document progress and how can it aid in my Clear30 success?"",""⭐️ Celebrate Milestones"":""What are some creative ways to celebrate my milestones and achievements in the Clear30 program?""}","[""What small wins have you celebrated recently?""]",,,celebration,,,,,,,,
337,175,Letters to Self 💌,Reflect and Encourage,"**Hi _CLIENTNAME_! 🌟**
 

 Write a letter to your past self offering advice and encouragement. Reflect on how far you’ve come and what you’ve learned along the way.
 

 **Here’s how:**
 

 1. **📜 Address Your Past Self:** Begin by acknowledging where you were at the start of your journey.
  - **Examples:** ""Dear Past Me, I know you were struggling with moderation and seeking a better balance.""
 

 2. **💡 Offer Advice and Encouragement:** Share the wisdom you’ve gained and the progress you’ve made.
  - **Examples:** ""You’ve learned to manage cravings and found healthier ways to relax. Keep going; you’re doing great.""
 

 3. **🌱 Reflect on Growth:** Highlight the changes and improvements you’ve experienced.
  - **Examples:** ""You’ve become stronger, more resilient, and more in tune with your true self.""
 

 ⭐️ Writing a letter to your past self can help you reflect on your journey and recognize your growth.
 

 By reflecting on your progress and offering advice to your past self, you can celebrate your achievements and stay motivated in your Clear30 journey.",life,LO-Use-State,I want to moderate my use,"{""✉️ Write a letter to your past self"":""https://www.reddit.com/r/WritingPrompts/comments/2uj4vp/rf_write_a_letter_to_your_past_self/""}","{""💌 Letters to Self"":""How would you address your past self at the start of your moderation journey?"",""🌱 Reflect on Growth"":""How have you grown and improved since the beginning of your Clear30 journey?"",""💡 Advice and Encouragement"":""What valuable advice would you give to your past self about managing cravings?"",""✉️ Write a letter to your past self"":""What advice would you give your past self today?""}","[""What advice would you give your past self today?""]",,,celebration,,,,,,,,
338,175,Letters to Self 💌,Reflect and Encourage,"**Hi _CLIENTNAME_! 🌟**
 

 Write a letter to your past self offering advice and encouragement. Reflect on how far you’ve come and what you’ve learned along the way.
 

 **Here’s how:**
 

 1. **📜 Address Your Past Self:** Begin by acknowledging where you were at the start of your journey.
  - **Examples:** ""Dear Past Me, I know you were struggling with moderation and seeking a better balance.""
 

 2. **💡 Offer Advice and Encouragement:** Share the wisdom you’ve gained and the progress you’ve made.
  - **Examples:** ""You’ve learned to manage cravings and found healthier ways to relax. Keep going; you’re doing great.""
 

 3. **🌱 Reflect on Growth:** Highlight the changes and improvements you’ve experienced.
  - **Examples:** ""You’ve become stronger, more resilient, and more in tune with your true self.""
 

 ⭐️ Writing a letter to your past self can help you reflect on your journey and recognize your growth.
 

 By reflecting on your progress and offering advice to your past self, you can celebrate your achievements and stay motivated in your Clear30 journey.",life,LO-Use-State,I want to stop entirely,"{""✉️ Write a letter to your past self"":""https://www.reddit.com/r/WritingPrompts/comments/2uj4vp/rf_write_a_letter_to_your_past_self/""}","{""💌 Letters to Self"":""How would you address your past self at the start of your weed-free journey?"",""🌱 Reflect on Growth"":""How have you grown and improved since the beginning of your Clear30 journey?"",""💡 Advice and Encouragement"":""What valuable advice would you give to your past self about managing cravings?"",""✉️ Write a letter to your past self"":""What advice would you give your past self today?""}","[""What advice would you give your past self today?""]",,,celebration,,,,,,,,
339,0,🎉 Your Clear30 Starts Here,"Remove Temptation, Build Focus","It’s tough to stay on track when weed is everywhere, _CLIENTNAME_. Your environment plays a huge role in your choices—let’s set it up to help you succeed.
 

 Start with what’s around you. Got a stash in your drawer or paraphernalia on your desk? 🧹 **Clear it out.** *Keeping it close makes it harder to resist.* Give it to a trusted friend or let it go entirely.
 

 Next, tackle your digital space. 📱 **Delete the apps, unsubscribe from the emails, mute the notifications.** Digital nudges like Weedmaps or dispensary promos make staying on track so much harder.
 

 Finally, bring someone in. 🗣️ **Share your goals** with a friend you trust. A quick message like, *“I’m taking a 30-day break and would love your support,”* can make all the difference.
 

 By removing temptation, _CLIENTNAME_, you’re giving yourself a better shot at success. Set your space—and yourself—up to win. You’ve got this. 🚀",clear30,,,"{""🌌 How a space can improve (or destroy) your life"":""https://www.youtube.com/watch?v=ikz3ECL5NEk"",""💪 ADVICE REMEMBER, YOUR ENVIRONMENT WILL ALWAYS BE STRONGER THAN YOUR WILLPOWER"":""https://www.reddit.com/r/getdisciplined/comments/in1mqi/advice_remember_your_environment_will_always_be/""}","{""🧹 Can You Help Me Clear My Space"":""Hey Claire, I want to set myself up for success by clearing out my space, but I’m not sure how to approach it. Can you help me identify the physical and digital things in my environment that might make it harder to take a break? Then, guide me on the best way to handle them so I can stay on track.""}","[""What’s one tempting thing you could remove from your space, and how might it change how you feel about starting this break?""]","{""Growing Into Your Space"":""https://m.clear30.org/meditations/0_Growing Into Your Space.m4a""}",,preparation,environment,,,https://m.clear30.org/videos/day_0.png,https://m.clear30.org/videos/day_0.mp4,"[{""video_url"":""https://m.clear30.org/ig_vids/0.mp4""},{""video_url"":""https://m.clear30.org/ig_vids/0_0.mp4""}]","[""https://m.clear30.org/carousels/0/1.png"",""https://m.clear30.org/carousels/0/2.png"",""https://m.clear30.org/carousels/0/3.png"",""https://m.clear30.org/carousels/0/4.png"",""https://m.clear30.org/carousels/0/5.png"",""https://m.clear30.org/carousels/0/6.png"",""https://m.clear30.org/carousels/0/7.png"",""https://m.clear30.org/carousels/0/8.png"",""https://m.clear30.org/carousels/0/9.png"",""https://m.clear30.org/carousels/0/10.png""]",
340,0,🚫 Out of Sight,"Remove the Cart, Regain Control","Carts make it *too* easy. _CLIENTNAME_, before your rational brain kicks in, you’ve already taken a hit. Their combination of **instant access** and **high potency** quickly ramps up tolerance and makes breaks feel harder.
 

 **The solution? Get rid of the cart.** Toss it, hand it to a trusted friend, or store it somewhere inconvenient. By creating distance, you’re breaking the cycle of impulsive use.
 

 It’s not about perfection—it’s about making success easier for yourself. Out of sight, out of mind, and one step closer to your goals.",clear30,Consumption-Method,Pen,"{""🚫 At this point I think carts are actually the worst"":""https://www.reddit.com/r/leaves/comments/1esi9mz/at_this_point_i_think_carts_are_actually_the_worst/""}",,"[""Did you remove the cart? How did it feel—or if not, what’s holding you back?""]",,,preparation,,,,,,,,
341,0,🚀 Maximize Productivity,"Shape Your Space, Shape Your Focus","Your space doesn’t just hold your stuff, _CLIENTNAME_—it shapes your mindset. A messy desk whispers chaos; an intentional setup shouts clarity. Let’s make it work *for* you.  
 

 🧹 **Start with a reset.** Take 10 minutes to clear the clutter and organize your tools. *94% of people* say they’re more productive in a clean space—join them.  
 

 🌱 **Add something alive.** A desk plant isn’t just decoration—it’s a 15% productivity boost. Growth vibes only.  
 

 📌 **Prime your zone.** Lay out tomorrow’s tools tonight. Add a sticky note with your top goal. And banish distractions—your phone can wait.  
 

 🏡 **Feeling stuck? Step out.** A coffee shop, park, or library can spark fresh ideas. New scenery, new energy.
 

 Your environment isn’t just where you work—it’s how you work, _CLIENTNAME_. Shape it with care, and let it transform your focus. ✨",clear30,Break-Reason,Increase Productivity,"{""🌿 Change. Your. Environment."":""https://www.reddit.com/r/productivity/comments/1ehekph/change_your_environment/"",""🧘 How has minimalism benefitted you in the workplace?"":""https://www.reddit.com/r/minimalism/comments/p5mnwv/how_has_minimalism_benefitted_you_in_the_workplace/"",""💼 Perfect Productive Workspace – Minimal Office + Desk Tour"":""https://www.youtube.com/watch?v=cNJYWHhXM58"",""🖥️✨Minimal Desk Tour | Calm, Creative, & Productive Setup"":""https://www.youtube.com/watch?v=liBUs1Rf-FA"",""🔄 Did your productivity improve when you changed your environment?"":""https://www.reddit.com/r/productivity/comments/xrojll/did_your_productivity_improve_when_you_changed/"",""🔧 What’s something you have changed about your workspace to improve your productivity?"":""https://www.reddit.com/r/productivity/comments/r111ah/whats_something_you_have_changed_about_your/"",""🎓 How I've learned to design my environment for better output from being a student and soldier"":""https://www.reddit.com/r/productivity/comments/lj1b0e/how_ive_learned_to_design_my_environment_for/""}","{""🚀 Can You Help Me Engineer My Space for Focus?"":""Hey Claire, I want to transform my space into a productivity powerhouse, but I’m not sure where to start. Can you help me identify specific tweaks—like removing distractions, adding energizing elements, or setting up cues—that will help me stay focused? I’d also love tips for how to switch things up when I feel stuck, like finding a “third place” for a fresh energy boost.""}","[""How does your current space support—or distract from—your focus, and what’s one small change you could make to improve it?""]",,,preparation,environment-increase-productivity,,,,,,,
342,0,🌍 Build Connections,"Step Outside, Open Up","Your environment shapes your connections. Staying home makes isolation easy, but _CLIENTNAME_, stepping outside? That’s where relationships begin.
 

 Find a **“third place”** 🏡 → ☕ → 🎨—a café, park, or gym—where familiar faces can turn into conversations. Even mundane errands can spark something new when you’re out in the world.
 

 Join a class or group to meet people naturally. Shared spaces create opportunities for meaningful connections without pressure.
 

 The world is waiting—**step outside, stay open, and let it unfold.** 🌱",clear30,Break-Reason,Enhance Social Connections,"{""🏠 What is your \""third place\""?"":""https://www.reddit.com/r/RedditForGrownups/comments/156ziws/what_is_your_third_place/"",""❓ How to Deal With Loneliness? [Question]"":""https://www.reddit.com/r/getdisciplined/comments/ytrfxt/how_to_deal_with_loneliness_question/""}","{""🌍 Can You Help Me Build My “Third Place”?"":""Hey Claire, I want to create more connections by spending time in places that bring people together. Can you help me figure out what my “third place” could be? I’d love ideas on where to go, how to meet people naturally, and ways to make stepping outside feel less intimidating.""}","[""What’s one space outside your home that feels inviting, and how could spending more time there open doors to new connections?""]",,,preparation,,,,,,,,
343,0,🛏️ Optimize Your Sleep,Create a Restful Space,"🌙 **Darkness matters.** Use blackout curtains and turn off screens 30 minutes before bed to help your body wind down.
 

 🧹 **Clear the clutter.** A tidy space isn’t just clean—it’s calming. Remove the laundry piles, work papers, and distractions. Your bedroom should whisper: *this is where rest happens,* _CLIENTNAME_.  
 

 ❄️ **Cool and cozy.** Keep your room between 60-67°F for optimal sleep. Lightweight bedding or a fan can make all the difference.
 

 🚪 **Bed = Sleep.** No work, no scrolling. Train your brain to associate your bed with rest and relaxation.
 

 🌿 **Add soothing touches.** Lavender scents, calming soundscapes, or soft lighting create an atmosphere of peace.
 

 Set the tone for rest, and let your space do the work. Sweet dreams start here. ✨",clear30,Break-Reason,Improve Sleep Quality,"{""🛏️ How do you optimize your sleep environment?"":""https://www.reddit.com/r/sleep/comments/17tzgog/how_do_you_optimize_your_sleep_environment/"",""🧘‍♂️ What can you do that make your bed room more relaxing and positive place?"":""https://www.reddit.com/r/AskReddit/comments/a89uva/what_can_you_do_that_make_your_bed_room_more/""}","{""🛏️ Can You Help Me Troubleshoot My Sleep Space?"":""Hey Claire, I want to create a restful bedroom but need help figuring out what changes to make. Can you ask me questions to understand my current setup and guide me through adjustments that could improve my sleep? I’d love to work together to make my space feel perfect for rest.""}","[""What’s one change you could make to your bedroom to make it feel like a true sanctuary for rest?""]",,,preparation,,,,,,,,
344,0,👷‍♂️ Build an Environment That Reflects You,Support Your True Desires,"Self-control isn’t about battling your impulses every second, _CLIENTNAME_—it’s about creating an environment that supports what you truly want.
 

 Your immediate urges (*first-order desires*) might say, *“Smoke to feel better now,”* but your deeper self (*second-order desires*) wants health, clarity, and control. The key to aligning these? **Shape your surroundings to reflect your long-term goals, not quick fixes.**
 

 🧠 **Make self-control easier.** Keep weed out of sight—or out of your space entirely. When the temptation isn’t right there, you don’t have to rely on willpower alone.
 

 🏡 **Design for your future self.** A clean, organized space and positive surroundings help anchor you to who you’re becoming—not who you’re trying to leave behind.
 

 Your environment is more than a backdrop—it’s a tool. Align it with your deeper goals, and let it guide you toward the person you’re ready to be. ✨",clear30,Break-Reason,Improve Self-Control and Intention,,"{""🏡 Can You Help Me Design My Space for Success?"":""Hey Claire, I want to create an environment that supports my long-term goals, but I’m not sure where to start. Can you help me figure out how to adjust my surroundings—both physical and mental—to reflect what I truly want? I’d love your guidance on making self-control easier and designing a space that feels like my future self.""}","[""What’s one change to your space that would make self-control feel automatic instead of a struggle?""]",,,preparation,,,,,,,,
345,1,🏁 Starting Strong,Progress Starts Here,"Day 1 is a fresh start—a chance to reset and grow. Withdrawal might feel tough, but it’s your body **recalibrating** and getting stronger. 💪  
 

 **Stay hydrated** 💧 to flush THC and keep your mind clear. _CLIENTNAME_, even a short walk can lift your mood and help with cravings, so make sure to **get moving** 🏃‍♂️.
 

 **Set yourself up for rest** 🛏️ tonight. A solid sleep routine gives your body the recovery it needs to adjust.  
 

 Each glass of water, each step forward, is proof you’re making progress. *Day 1 is where it begins.* 🌟",clear30,,,"{""🛠️ Manage Withdrawal"":""https://www.youtube.com/watch?v=J-1neoDfLzo"",""💰 Quitting Weed Made Me Rich"":""https://www.youtube.com/watch?v=VBtfB9DhFFo"",""🕒 How Long Do Withdrawals Last"":""https://www.reddit.com/r/AskReddit/comments/ovrqxx/how_long_do_cannabis_withdrawals_last_anxiety/"",""⏳ How long does weed withdrawal last?"":""https://www.reddit.com/r/addiction/comments/136z3ze/how_long_does_weed_withdrawal_last/"",""🤔 What to Expect from Marijuana Withdrawal"":""https://www.healthline.com/health/marijuana-withdrawal"",""📘 My Personal Guide for Withdrawal Symptoms"":""https://www.reddit.com/r/leaves/comments/1hmj0u/my_personal_guide_for_withdrawal_symptoms/""}","{""💪 Facing Withdrawal Head-On Together"":""Hey Claire, Day 1 is tough, and withdrawal is hitting me. Can you ask me about my symptoms and help me talk through what I’m feeling? I’d also love some ideas for what I can say to myself in the moment to stay grounded and remind myself that this is progress, not failure.""}","[""What’s one small step you could take today to feel proud of how you started this journey?""]","{""Withdrawal Meditation"":""https://m.clear30.org/withdrawal.mp3""}",,withdrawal,withdrawal-core-message,"First day doesn't have to be worst day!
 Get some day one tips for your C30 💚",🏁 Day One _CLIENTNAME_,,https://m.clear30.org/videos/1.mp4,"[{""video_url"":""https://m.clear30.org/ig_vids/1.mp4""}]","[""https://m.clear30.org/carousels/1/1.png"",""https://m.clear30.org/carousels/1/2.png"",""https://m.clear30.org/carousels/1/3.png"",""https://m.clear30.org/carousels/1/4.png"",""https://m.clear30.org/carousels/1/5.png"",""https://m.clear30.org/carousels/1/6.png"",""https://m.clear30.org/carousels/1/7.png"",""https://m.clear30.org/carousels/1/8.png""]",
346,1,🔥 Going Cold Turkey,"Reframe Withdrawal, Build Strength","Withdrawal isn’t a setback, _CLIENTNAME_—it’s your body **recalibrating** and *breaking free.* 💡 That irritability or sleeplessness? It’s not failure—it’s proof you’re making progress.  
 

 **Each uncomfortable moment**, _CLIENTNAME_, is your body adjusting, rebuilding, and reminding you of the choice you’ve made. The tougher it feels, the stronger your resolve becomes—**you’ve already come too far to turn back.**  
 

 Reframe it: withdrawal isn’t pain; it’s *progress.* **Every moment you push through is a step closer to freedom.** 🌟🔥",clear30,Goal30,I want to completely stop,,"{""💥 Can You Help Me Stay Strong Through Withdrawal?"":""Hey Claire, I’m going cold turkey, and withdrawal is tough. Can you ask me about what I’m feeling right now and help me reframe these symptoms as progress? I’d also love some quick, actionable strategies to manage things like irritability or sleeplessness in the moment.""}","[""What’s one way you can reframe withdrawal as a sign of **progress**, and how does that shift your perspective on the journey? ""]",,,withdrawal,,"_CLIENTNAME_, your body’s recalibrating—here’s what to expect today.",💥 The Reset Begins,,,,,
347,1,🧠 Reset Your Brain,Embrace the Challenge,"Quitting after smoking 4-5 days a week is a big shift. Cannabis affected your **CB1 receptors**—mood, sleep, and perception all relied on it. Now that you’ve stopped, _CLIENTNAME_, your brain is rebalancing. The discomfort you feel? **It’s healing in action.**  
 

 💪 **Withdrawal is tough, but temporary.** Anxiety, irritability, and sleep issues are part of your brain recalibrating. Instead of fearing them, see them for what they are—**progress.** Each hard moment is building your strength.  
 

 🌱 **A clearer perspective is ahead.** As cannabis leaves your system, you’ll start to see life without the haze, fully in your control.
 

 Every tough moment now is leading to something better. Keep going—you’re closer than you think. 🌟",clear30,Days-Using,4-5 days a week,"{""🚭 How to stop smoking weed everyday"":""https://www.reddit.com/r/IWantToLearn/comments/7lh5ib/iwtl_how_to_stop_smoking_weed_everyday/""}","{""🧠 Can You Help Me Adjust After Daily Use?"":""Hey Claire, I’ve been smoking almost every day, and now that I’ve stopped, things feel different. Can you ask me questions to help me understand what’s going on in my brain and guide me through this adjustment? I’d also like your support in finding ways to handle whatever comes up, whether it’s physical or emotional.""}","[""What’s onechallenging symptom you’ve experienced, and how can seeing it as part of your brain’s *healing process* change the way you face it? ""]",,,withdrawal,,"_CLIENTNAME_, frequent use shaped your mood & sleep—here’s what’s shifting now.",🧠 Your Brain’s Adjusting,,,,,
348,1,🧠 Reset Your Brain,Embrace the Challenge,"Quitting after smoking 6-7 days a week is a big shift, _CLIENTNAME_. Cannabis affected your **CB1 receptors**—mood, sleep, and perception all relied on it. Now that you’ve stopped, your brain is rebalancing. The discomfort you feel? **It’s healing in action.**  
 

 💪 **Withdrawal is tough, but temporary.** Anxiety, irritability, and sleep issues are part of your brain recalibrating. Instead of fearing them, see them for what they are—**progress.** Each hard moment is building your strength.
 

 🌱 **A clearer perspective is ahead.** As cannabis leaves your system, you’ll start to see life without the haze, fully in your control.
 

 Every tough moment now is leading to something better. Keep going—you’re closer than you think. 🌟",clear30,Days-Using,6-7 days a week,,"{""🧠 Can You Help Me Adjust After Daily Use?"":""Hey Claire, I’ve been smoking almost every day, and now that I’ve stopped, things feel different. Can you ask me questions to help me understand what’s going on in my brain and guide me through this adjustment? I’d also like your support in finding ways to handle whatever comes up, whether it’s physical or emotional.""}","[""What’s onechallenging symptom you’ve experienced, and how can seeing it as part of your brain’s *healing process* change the way you face it? ""]",,,withdrawal,,"_CLIENTNAME_, daily use means big changes—let’s break down what’s happening.",💪 Daily Use Reset,,,,,
349,1,🔄 Breaking Free from the Loop,Stability Over Highs and Lows,"Smoking might feel less like fun and more like a cycle: **wanting weed, smoking, being high, repeat.** It’s not about enjoying the high—it’s about avoiding the lows.
 

 Quitting breaks that loop. Yes, _CLIENTNAME_, withdrawal is tough, but it’s temporary. 💡 Each craving and moment of discomfort is your brain recalibrating, bringing you closer to stability.
 

 Start creating new routines—walks, hobbies, mindfulness—to replace the habit. Each small step builds freedom from the rollercoaster of highs and lows, giving you clarity and control over your life again. You’ve got this. 🌟",clear30,Trigger,Reduce/stop withdrawal symptoms,,"{""🌀 Can You Help Me Rewrite My Loop?"":""Hey Claire, I’ve realized that smoking has become less about the highs and more about avoiding the lows. Can you help me explore what’s driving this cycle and work with me to rewrite it? I’d love to discover new ways to respond to those low moments and find routines that actually make me feel grounded and free.""}","[""What’s one new routine you could create to replace the smoking cycle, and how might it bring more *stability* to your day? ""]",,,withdrawal,,"_CLIENTNAME_, cravings aren’t the enemy—they’re your brain recalibrating. Here’s how to handle it.",🌀 Breaking the Cycle,,,,,
350,1,🌟 Your Final Break,Becoming Someone Who Doesn’t Smoke,"This is your moment, _CLIENTNAME_. The last time you’ll face withdrawal. You’ve chosen to quit for good, and with each craving you resist, you’re stepping further into your new identity: **someone who doesn’t smoke.**  
 

 💡 **Reclaim your narrative, _CLIENTNAME_.** Each time you think, *“I don’t smoke,”* you’re reinforcing the decision you’ve already made. Withdrawal isn’t just something to endure—it’s your brain recalibrating, reshaping itself to match the person you've become.  
 

 Every tough moment now is creating the freedom you’ve been working toward. This isn’t just about quitting—it’s about fully becoming who you want to be. Keep going, _CLIENTNAME_. The future is yours. 🏁🔥",clear30,Then-What,I want to stop cannabis/weed use entirely,,"{""🚀 Can You Help Me Step Into My New Identity?"":""Hey Claire, I’ve decided to quit for good, and I want to use cravings as a way to strengthen my new identity as someone who doesn’t smoke. Can you ask me questions to help me see these moments differently and guide me toward small actions that align with the person I’m becoming?""}","[""What does it mean to you to fully embrace the identity of someone who doesn’t smoke, and how can this mindset shape your future? ""]",,,withdrawal,,"_CLIENTNAME_, this is the last time you’ll face withdrawal. Let’s step into your new identity.",🚀 Your Final Break,,,,,
351,1,🛠️ Build Motivation by Facing the Challenge,Strength Through Every Step,"Quitting cannabis is a bold move—and you’ve already proven your strength by starting. Each craving you resist isn’t just about today—it’s building your ability to tackle bigger challenges tomorrow.
 

 **Here’s the truth:** Every time, _CLIENTNAME_, you push through discomfort, you’re training your brain to handle hard things. Resisting cravings now will show up in other parts of your life—sticking to goals, staying focused, and taking control.
 

 This break isn’t just about stopping weed—it’s about building a stronger, more disciplined you. **Each step forward is proof you’re capable of so much more.** Keep going. 🌟",clear30,Break-Reason,Increase Motivation,,"{""💪 Can You Help Me Find Strength in Cravings?"":""Hey Claire, I want to use cravings as a way to build my motivation and discipline. Can you ask me questions to help me reframe the challenge of resisting as proof of my strength? I’d also like your guidance on how to stay focused when the discomfort feels overwhelming.""}","[""What’s one way resisting cravings now is helping you build strength for challenges in other areas of your life? ""]",,,withdrawal,,"_CLIENTNAME_, every craving you resist builds your ability to tackle bigger challenges. Here’s how.","💪 Push Through, Level Up",,,,,
352,1,🗺️ Withdrawal and the Power of Experience,"Learn, Adapt, and Grow","You’ve been here before, _CLIENTNAME_—facing cravings and discomfort. Maybe a past break didn’t go as planned, but that experience wasn’t wasted. **It gave you knowledge.**  
 

 This time, you know where withdrawal hits hardest. Use that understanding to anticipate tough moments and navigate through them.  
 

 **Withdrawal is temporary, but resilience lasts.** Each craving you resist is your brain recalibrating—proof you’re moving forward.  
 

 You’ve got this, _CLIENTNAME_. You’re stronger, smarter, and more prepared than before. 🌟",clear30,Previous-Break,Did not maintain,"{""📉 Study shows daily cannabis use reduces pain tolerance"":""https://www.youtube.com/watch?v=MnnhuwnYl-A"",""🩺 OHSU study: Cannabis helps treat chronic pain, but not by much"":""https://www.youtube.com/watch?v=ppg6yfOu_ls"",""🌿 Weed is so damn hard to takes breaks from when you use it for pain management. Any advice/words of wisdom would be awesome!"":""https://www.reddit.com/r/trees/comments/18vwzud/weed_is_so_damn_hard_to_takes_breaks_from_when/""}","{""🧠 Can You Help Me Use What I’ve Learned from Past Breaks?"":""Hey Claire, I’ve faced withdrawal before, and I want to use what I’ve learned to handle it better this time. Can you ask me questions to help me reflect on where withdrawal hits hardest for me and guide me in creating a plan to tackle those moments with more confidence?""}","[""How has your past experience with withdrawal prepared you to handle challenges now, and what’s one lesson you’re using to keep moving forward? ""]",,,withdrawal,,"_CLIENTNAME_, last time gave you knowledge—this time, use it to move forward. Let’s adapt & grow.",🧠 You’ve Been Here Before,,,,,
353,2,🌊 Riding Out Cravings,Strength in Every Wave,"Cravings aren’t forever—they’re **your brain adjusting.** *Like waves, they rise, peak, and fade.* Each one you ride out makes you stronger, teaching your brain resilience.  
 

 When a craving hits, **pause and notice it.** Is it stress? Restlessness? Remind yourself, _CLIENTNAME_: *this is temporary.* Move your body, grab a snack, or reach out to a friend to shift your focus.  
 

 Every wave you resist rewires your brain. **You’re not just enduring—you’re growing.** Keep going—you’ve got this. 🌟",clear30,,,"{""🌿 Weed cravings timeline"":""https://www.reddit.com/r/trees/comments/83o5qw/i_havent_smoked_in_5_months_but_i_am_really/"",""🧘 Guided meditation to curb cravings"":""https://www.youtube.com/watch?v=1B5YeONdRTk&t=151s"",""❓ When do weed cravings stop or at least let up?"":""https://www.reddit.com/r/recovery/comments/z4arvf/when_do_weed_cravings_stop_or_at_least_let_up/"",""📘 A Pot-Positive Guide on How to Fight the Urge to Get High All the Time"":""https://www.reddit.com/r/eldertrees/comments/i6jfqp/a_potpositive_guide_on_how_to_fight_the_urge_to/"",""🧠 How Dopamine Influences Cravings: Neuroscientists Explain (MedicalXpress)"":""https://medicalxpress.com/news/2024-12-dopamine-neuroscientists.html""}","{""🌊 Tackling Cravings with Confidence"":""Hey Claire, cravings feel intense right now, and I want to get through them without giving in. Can you ask me questions to help me pause, notice what’s triggering the craving, and figure out a way to shift my focus? I’d like to feel more in control as I ride this wave.""}","[""What’s one craving you noticed today, and how did you handle it—or how might you approach it *next time*?""]","{""Cravings Meditation"":""https://m.clear30.org/cravings.mp3"",""Triggers Meditation"":""https://m.clear30.org/triggers.mp3""}",,withdrawal,cravings-your-triggers,Check it out - we'll show you the method,🚘😏 Riding out the cravings...,,https://m.clear30.org/videos/2.mp4,"[{""video_url"":""https://m.clear30.org/ig_vids/2.mp4""}]","[""https://m.clear30.org/carousels/2/1.png"",""https://m.clear30.org/carousels/2/2.png"",""https://m.clear30.org/carousels/2/3.png"",""https://m.clear30.org/carousels/2/4.png"",""https://m.clear30.org/carousels/2/5.png"",""https://m.clear30.org/carousels/2/6.png"",""https://m.clear30.org/carousels/2/7.png""]",
354,2,⚓ Riding Out Cravings,Reclaiming Your Power Over Pain,"If you’ve been using cannabis to manage pain, _CLIENTNAME_, cravings can feel like a tug-of-war. But here’s something to think about: **pain isn’t just discomfort—it’s your body’s way of asking for care.**  
 

 Cannabis might have dulled the signal, but it didn’t address the root cause. Now, as cravings hit, it’s a chance to explore other tools—stretching, heat packs, deep breathing—that calm your mind and body together.  
 

 **Every craving you resist isn’t just breaking a habit—it’s reclaiming control.** You’re proving to yourself that pain doesn’t define you—you do. 🌟",clear30,Trigger,Relieve pain,,"{""🌿 Can You Help Me Reclaim Control Over Cravings and Pain?"":""Hey Claire, I’ve been using cannabis to manage pain, and cravings are making it hard to adjust. Can you ask me questions to help me understand what my body is asking for and guide me in exploring new ways to care for myself during these moments? I want to feel more in control and less defined by discomfort.""}","[""What’s one new way you’ve found to manage discomfort without cannabis, and how does it feel to reclaim control over your body? ""]",,,withdrawal,,"Pain is your body’s way of asking for care, _CLIENTNAME_. Let’s find better tools.",💪 Pain Cravings? Try This.,,,,,
355,2,✨ Exploring the High Without Weed,Redefining What You Love,"You just like being high. That’s the trigger—it’s simple, it’s honest. But here’s the twist: **what if the feeling you’re chasing wasn’t about the weed, _CLIENTNAME_, but about what it unlocked?**  
 

 Try this: *create your own high.* What’s something that gives you that same lifted feeling? Is it the adrenaline from trying something new, the focus you find in flow, or the calm after pushing yourself physically? Go chase it—run, dance, laugh until your sides hurt. *Experiment with what makes you feel alive.*  
 

 This break isn’t about losing that feeling—it’s about learning how to create it on your own terms. The high you loved wasn’t about escape—it was about connection. And now, you get to explore just how big that connection can be. 🌟",clear30,Trigger,Just like being high,"{""🚭 I can never smoke weed ever again. And I’m okay with that now."":""https://www.reddit.com/r/leaves/comments/1hra1oe/i_can_never_smoke_weed_ever_again_and_im_okay/""}","{""🌟 How Can I Find My High Without Weed?"":""Hey Claire, I’ve realized I just love the feeling of being high, but I want to explore how to recreate that without weed. Can you ask me questions to help me figure out what activities or moments could give me that same sense of joy, focus, or calm? Let’s experiment with what makes me feel alive.""}","[""What’s one activity that gives you a natural high, and how can exploring it deepen your connection to what makes you feel alive? ""]",,,withdrawal,,"We’re not losing the high, _CLIENTNAME_—we’re finding new ways to create it.",🎨 Can You Get That Feeling Without 🍃?,,,,,
356,2,🌙 Riding Out Night Cravings,Reclaiming Restful Sleep,"If you’ve relied on cannabis to fall asleep, _CLIENTNAME_, cravings at night can feel tough. But here’s the truth: **falling asleep faster with weed often comes at the cost of deep, restorative rest.**  
 

 Cannabis suppresses REM sleep—the stage where your brain processes emotions and clears toxins. Skipping the weed lets your natural sleep cycles return, helping you wake up clearer and more refreshed.  
 

 **Tonight, try this:** Dim the lights, play calming music, or stretch. *Your body knows how to sleep—it just needs the chance to remember.*  
 

 Every craving you resist at night is a step toward reclaiming the quality of your rest. 🌙",clear30,Trigger,To Fall Asleep,"{""😴 T-Break Sleep Question"":""https://www.reddit.com/r/Petioles/comments/g5zo3a/tbreak_sleep_question/"",""🌙 Quitting Weed and Deep Sleep"":""https://www.reddit.com/r/HubermanLab/comments/1aujj0t/quitting_weed_and_deep_sleep/""}","{""🌙 Can You Help Me Reclaim My Natural Sleep?"":""Hey Claire, I’m finding it hard to fall asleep without cannabis, but I want to give my brain a chance to reset. Can you guide me through understanding how cravings and sleep cycles connect, and help me create a nighttime routine that rebuilds my natural ability to rest? I want to feel confident that this is leading to deeper, better sleep.""}","[""What’s one new bedtime ritual you can try tonight to help your body rediscover restful sleep without cannabis? ""]",,,withdrawal,,"Weed sped up sleep—but at a cost. Tonight, let’s reset your body’s natural rhythm.",🌙 Night Cravings? Try This Instead.,,,,,
357,2,🌬️ Riding Out Cravings,Breaking Free from the Cycle,"When cravings hit, it’s not just about wanting weed—it’s about escaping withdrawal. **But here’s the truth:** every moment you resist, you’re breaking the cycle that keeps withdrawal in control.
 

 Cannabis might have eased those symptoms temporarily, _CLIENTNAME_, but it also kept them coming back. Cravings and withdrawal feed into each other, creating a loop. By facing the discomfort now, you’re teaching your brain to recalibrate and letting your body regain balance.
 

 **Each craving you resist isn’t just progress—it’s a step closer to freedom from this cycle.** Withdrawal won’t last forever, but the strength you’re building will. Keep going. 🌟",clear30,Trigger,Reduce/stop withdrawal symptoms,"{""🔄 A reminder for people who relapse"":""https://www.reddit.com/r/leaves/comments/1caodjj/a_reminder_for_people_who_relapse/"",""🍃 Relapsed and it's definitely not worth it"":""https://www.reddit.com/r/leaves/comments/1hr6m4x/relapsed_and_its_definitely_not_worth_it/""}","{""🔗 Can You Help Me Break the Craving Cycle?"":""Hey Claire, cravings feel overwhelming, and I want to break free from the cycle. Can you ask me questions to help me understand how cravings and withdrawal are connected and guide me in finding ways to push through these moments? I want to feel like I’m taking real steps toward freedom.""}","[""What’s one thought or action that helps you break the craving cycle, and how does it remind you that freedom is within reach? ""]",,,withdrawal,,"Stopping the cycle starts now, _CLIENTNAME_. Tap in—we’ll show you how.",🌀 Cravings = Withdrawal?.,,,,,
358,2,🧭 Riding Out Cravings,Turning Boredom into Opportunity,"Cravings often creep in when you’re bored, _CLIENTNAME_—when there’s nothing to distract you, and the habit feels like the easiest way to fill the space. But here’s the thing: **boredom isn’t the enemy—it’s an invitation.**  
 

 Boredom creates space for creativity and discovery. Instead of reaching for weed, try leaning into that space. What’s something you’ve been curious about? A book you’ve been meaning to read? A project you’ve been putting off? When a craving hits, **pause and ask yourself:** *What could I create or explore right now?*  
 

 **Every craving you resist is a chance to turn boredom into something meaningful, _CLIENTNAME_.** You’re not just breaking a habit—you’re building a life filled with intention and curiosity. 🌟",clear30,Trigger,Reduce boredom,"{""🍃 Sobriety is meant to be boring."":""https://www.reddit.com/r/leaves/comments/100gx2m/sobriety_is_meant_to_be_boring/"",""🚭 To anyone thinking of smoking, trust me it’s boring af"":""https://www.reddit.com/r/leaves/comments/14cl130/to_anyone_thinking_of_smoking_trust_me_its_boring/"",""🎨 Hobbies and good habits to replace smoking? Thread of ideas"":""https://www.reddit.com/r/leaves/comments/qq6tzm/hobbies_and_good_habits_to_replace_smoking_thread/""}","{""🤯 Can You Help Me Turn Boredom into Something Meaningful?"":""Hey Claire, cravings hit hardest when I’m bored, but I want to use that space for something better. Can you ask me questions to help me figure out what I could create, explore, or learn right now? I want to turn these moments into opportunities instead of reaching for weed.""}","[""What’s one curiosity or project you could explore the next time boredom strikes, and how might it turn a craving into an opportunity? ""]",,,withdrawal,,Cravings love empty space. Let’s turn boredom into something meaningful.,🤔 Bored? That’s an Opportunity.,,,,,
359,2,🎢 Riding Out Cravings,Navigating Triggers in Your Closest Relationships,"When your closest friend or partner is your trigger, cravings can feel personal—like you’re stuck between connection and change. **But this is also where the strongest growth happens.**  
 

 Think about this: *What role does this person play in your cravings?* Are they offering weed, or does their presence remind you of past routines? Recognizing the dynamic _CLIENTNAME_ is the first step. **This isn’t about distancing—it’s about redefining how you connect.**  
 

 Next time a craving hits around them, *pause.* Take control of the moment. Suggest an activity that doesn’t center on smoking—*a walk, a game, or just talking.* Cravings tied to relationships aren’t just about the weed—they’re about breaking patterns and finding new ways to engage.  
 

 Each wave you ride out strengthens not just your resilience, but your relationships—making space for connections built on clarity, not habit. 🌟",clear30,Trigger,My closest friend / partner,,"{""🤝 Can You Help Me Handle Cravings Around People I’m Close To?"":""Hey Claire, I’ve noticed cravings often hit when I’m with certain people, like a friend or partner. Can you help me figure out what’s triggering these moments and guide me toward ways to connect with them that don’t involve smoking? I want to feel more in control and build healthier patterns in these relationships.""}","[""What’s one pattern or trigger in a close relationship that fuels your cravings, and how could you redefine that connection to support your growth?""]",,,withdrawal,,"Cravings tied to people? Let’s redefine how you connect, _CLIENTNAME_.",💛 Connection Without Cravings,,,,,
360,2,🎨 Rediscovering Creativity,What Happens Without Weed,"If weed was your creative spark, _CLIENTNAME_, this break might feel like you’ve lost your edge. But here’s the experiment: **what if the creativity wasn’t coming from weed, but from the pause it created?**  
 

 When a craving hits, don’t fight it—*follow it.* Grab a notebook, a guitar, or anything that lets your mind wander. *What does the craving want to create?* Without the haze, you might find sharper ideas, clearer thoughts, or even a new way to approach your craft.  
 

 The creativity you’re seeking isn’t gone—it’s waiting. This break isn’t about losing something; it’s about proving that the spark was always yours. The craving is just a signal—it’s your brain asking you to pick up the brush, the pen, or the idea, and see what you can do. 🌟",clear30,Trigger,Enhance creativity,,"{""🎨 Can You Help Me Redefine Creativity Without Weed?"":""Hey Claire, I’ve always felt like weed sparked my creativity, but I want to understand what’s really behind it. Can you guide me through exploring how I can rediscover my creative flow without relying on weed? Maybe we can figure out what inspires me naturally and how I can build habits that unlock my best ideas.""}","[""What’s one creative spark you can explore the next time a craving hits, and how might it show you that the creativity was always yours? ""]",,,withdrawal,,What happens when you follow the craving instead of fighting it? Let’s explore.,🎨 Your Spark Was Never Weed,,,,,
361,2,🎯 Riding Out Cravings,Stress as a Signal,"When stress hits, smoking might feel like a quick way to escape. But stress isn’t inherently bad—it’s your body’s way of saying, *something needs attention.* It’s a call to action, not just something to numb or avoid.
 

 Instead of turning to weed, try listening to what stress is telling you. Is there a change you need to make? _CLIENTNAME_, do you just need a moment to reset? Deep breathing, a walk, or writing down your thoughts can help you manage stress without masking it.
 

 **Every craving you resist is a step toward handling stress with clarity and control.** You’re learning to respond, not react—and proving that you don’t need to escape to move forward. 🌟",clear30,Trigger,Stress relief / relax,"{""🌿 Cannabis withdrawal is exacerbating my anxiety terribly"":""https://www.reddit.com/r/Anxietyhelp/comments/1b35ogu/cannabis_withdrawal_is_exacerbating_my_anxiety/""}","{""🌬️ Can You Help Me Respond to Stress Instead of Reacting?"":""Hey Claire, when stress hits, I usually want to smoke to escape, but I want to handle it differently this time. Can you ask me questions to help me figure out what my stress is telling me and guide me toward a clear and productive way to respond?""}","[""What’s one message your stress might be trying to send you, and how can you respond to it in a way that brings clarity instead of escape? ""]",,,withdrawal,,"It’s a signal, _CLIENTNAME_. Let’s turn stress into something useful.",⚡ Stress Isn’t the Enemy,,,,,
362,2,🛡️ Facing the Craving,Finding Freedom From Escape,"If escaping negative thoughts or emotions was your reason for smoking, _CLIENTNAME_, cravings might feel like the only way to quiet the noise. But here’s the shift: **what if the craving isn’t an urge to escape, but an invitation to face what’s beneath?**  
 

 Next time the craving rises, *pause.* Close your eyes, take a deep breath, and ask yourself: *What am I really feeling right now?* Anxiety? Sadness? Stress? Instead of running from it, sit with it for just a moment. Cravings aren’t enemies—they’re signals from your mind, asking you to listen.  
 

 This isn’t easy, but every time you pause and notice, you’re building resilience. You’re teaching your brain that discomfort is temporary, and you can handle it without escaping. *Freedom isn’t found in avoiding the feelings—it’s in learning that they won’t break you.* 🌟",clear30,Trigger,Escape from negative thoughts / emotions,"{""🚭 quitting weed after 2 years of smoking daily."":""https://www.reddit.com/r/selfimprovement/comments/1fu21mg/quitting_weed_after_2_years_of_smoking_daily/""}","{""🌀 Can You Help Me Face What’s Beneath My Craving?"":""Hey Claire, cravings feel like they’re pushing me to escape, but I want to understand what’s really underneath them. Can you ask me questions to help me notice what I’m feeling in the moment and guide me toward sitting with those emotions instead of running from them?""}","[""What’s one feeling a craving has revealed to you, and how can sitting with it instead of escaping help you find freedom? ""]",,,withdrawal,,"What if the craving isn’t escape, but an invitation to listen? Let’s try.",🧠 Cravings = A Clue,,,,,
363,2,🔄 Breaking the Habit Loop,Redefining Automatic Moments,"If your trigger is smoking out of habit, cravings might feel less like a pull and more like a routine you fall into without thinking. But here’s the opportunity: **what if those automatic moments became intentional ones?**  
 

 Next time you reach for weed out of habit, *pause.* Ask yourself: *What does this moment actually need?* Is it boredom asking for engagement? Rest asking for stillness? When you identify the need, replace the habit—*step outside, sip tea, or even just stretch for a moment.*  
 

 _CLIENTNAME_, habits thrive on autopilot, but breaking the loop starts with one conscious choice. Each time you pause, you’re proving to yourself that your day doesn’t have to run on automatic—you’re the one in control. 🌟",clear30,Trigger,Out of habit,"{""🚫 How do u break the habit"":""https://www.reddit.com/r/leaves/comments/1cu0iup/how_do_u_break_the_habit/"",""💡 Any tips for surviving the “habit-killing” period?"":""https://www.reddit.com/r/leaves/comments/14bzeoc/any_tips_for_surviving_the_habitkilling_period/""}","{""🔄 Can You Help Me Break My Habit Loop?"":""Hey Claire, I’ve noticed that cravings often come from habit, not intention. Can you ask me questions to help me pause and figure out what my triggers are in the moment? I’d love your help in finding small, meaningful actions I can take instead of falling back into the routine.""}","[""What’s one automatic moment where you usually smoke, and how could you turn it into an intentional choice instead? ""]",,,withdrawal,,"Your habits don’t have to run on autopilot, _CLIENTNAME_. Let’s rewrite the script.",🔄 Break the Loop,,,,,
364,2,🧩 Navigating Temptation,When Weed Is Everywhere,"If your trigger, _CLIENTNAME_, is weed simply being around, the challenge isn’t just cravings—it’s proximity. **But availability doesn’t mean inevitability.**
 

 Take a moment to assess your space. *Is weed sitting out where you see it daily?* Move it out of sight, or ask someone you trust to hold onto it. Proximity feeds impulse, but distance creates clarity.
 

 When you’re in a social setting and it’s there, _CLIENTNAME_, *pause.* Ask yourself: *Do I really want this, or is it just easy?* This isn’t about removing temptation entirely—it’s about building the muscle to see it and choose differently.
 

 The more you practice this, the less power availability holds over you. **Weed being there doesn’t define your choice—you do.** 🌟",clear30,Trigger,It is available around me generally,,"{""👀 Can You Help Me Handle Temptation When Weed Is Around?"":""Hey Claire, it’s tough when weed is right there, whether at home or in social settings. Can you ask me questions to help me think through how I can create distance or handle these moments with more clarity? I want to feel confident in my ability to choose differently, even when it’s nearby.""}","[""What’s one step you can take to create distance from temptation, and how might it strengthen your ability to choose differently? ""]",,,withdrawal,,Proximity feeds impulse—but space creates clarity. Let’s shift the power.,👀 Seeing It Doesn’t Mean Using It,,,,,
365,2,🚀 Enhancing Without Weed,Rediscovering the Spark,"If your trigger is wanting to enhance work, music, or even chores, here’s the shift: **what if the feeling you’re chasing isn’t in weed, but in the way you engage with the moment?**  
 

 Try this: *redefine the experience.* If it’s music, listen to something completely new and focus on the rhythm or lyrics. If it’s chores, _CLIENTNAME_, turn them into a challenge—race the clock or create a playlist to match the mood. The key isn’t adding something external—it’s about finding joy in how you approach the task.  
 

 Enhancement isn’t about what you consume—it’s about how you show up. Each time you embrace the moment without weed, you’re proving that the spark you’re seeking has always been yours to create. 🌟",clear30,Trigger,Wanting to enhance things chores work or movies or music,"{""🎶 How did quitting weed impact your music and film habits? I fear music will be bad sober"":""https://www.reddit.com/r/leaves/comments/1gi06t9/how_did_quitting_weed_impact_your_music_and_film/""}","{""✨ How Can I Make Things Fun Without Weed?"":""Claire, I’ve always used weed to make things—like music or chores—more enjoyable, but now I’m wondering what happens without it. Can you guide me to rethink how I approach these moments? Maybe there’s a way to enjoy them differently, or even discover something totally unexpected.""}","[""What’s one moment or task you’ve enhanced without weed, and how did shifting your approach bring out the spark you were seeking? ""]",,,withdrawal,,What if the magic was in how you engaged? Let’s redefine the feeling.,🎶 The Experience Wasn’t Just Weed,,,,,
366,2,🤝 Navigating Friendships,Redefining Connection,"If your trigger is your friends, _CLIENTNAME_, cravings can feel like a test—choosing between connection and change. But here’s the truth: **your friendships don’t have to revolve around weed.**  
 

 Think about this, _CLIENTNAME_: *What do you love most about spending time with them?* Is it the laughter, the conversations, or the sense of belonging? Those moments aren’t tied to weed—they’re tied to the bond you share.  
 

 Next time you’re with them, suggest something new—a hike, a game, or simply hanging out without smoking. Notice how connection feels when it’s about being present, not about the habit. **Friendship built on clarity grows stronger—because it’s about the people, not the routine.** 🌟",clear30,Trigger,My friends,"{""🚫 Don't throw your \""weed friends\"" away !"":""https://www.reddit.com/r/leaves/comments/xbh3pw/dont_throw_your_weed_friends_away/"",""🚬 How do you navigate friends that smoke?"":""https://www.reddit.com/r/leaves/comments/1avav87/how_do_you_navigate_friends_that_smoke/"",""🛑 Did you have to stop hanging out with your stoner friends after you quit?"":""https://www.reddit.com/r/leaves/comments/1dkefb5/did_you_have_to_stop_hanging_out_with_your_stoner/""}","{""🤔 How Can I Navigate Friendships Without Smoking?"":""Hey Claire, spending time with my friends often involves smoking, and I want to figure out how to connect without it. Can you ask me questions to help me understand what I value most in those friendships and guide me toward ways to strengthen those bonds without weed?""}","[""What’s one way you could connect with friends without weed, and how might it deepen the bond you share? ""]",,,withdrawal,,The bond isn’t about weed—it’s about connection. Let’s test that today.,👥 Friendship Without the Fog,,,,,
367,3,"⚓️ Finding Your ""Why""",The Anchor to Your Journey,"Every journey starts with a reason. Today is about reconnecting with yours. **Why did you decide to take this break?** What are you hoping to gain—clarity, control, better health, stronger relationships?
 

 Your “why” is the foundation of your Clear30, _CLIENTNAME_. It’s what steadies you when cravings creep in or motivation feels thin. Take a moment to reflect: *What inspired you to start? How do you want to feel when this journey ends?* **Write it down, keep it close, and let it remind you of the bigger picture.**
 

 You’re not just making changes—you’re creating meaning. Keep building. 🌟",clear30,,,"{""❓ [Question] How do I find my \""why\""?"":""https://www.reddit.com/r/getdisciplined/comments/10c0ll7/question_how_do_i_find_my_why/"",""🌿 How do you quit weed when you can't find a reason to?"":""https://www.reddit.com/r/Healthygamergg/comments/1dd1a0w/how_do_you_quit_weed_when_you_cant_find_a_reason/"",""🎙️ Simon Sinek: How To Find Your 'Why?' In 15 Minutes"":""https://www.youtube.com/watch?v=1CuZyq6ckGE"",""🎯 Find your why: How to stay motivated and reach your goals"":""https://www.hprc-online.org/mental-fitness/performance-psychology/find-your-why-how-stay-motivated-and-reach-your-goals"",""🔑 The Power of Knowing Your Why: How It Can Change Your Life"":""https://medium.com/@francesco.saviano87/the-power-of-knowing-your-why-how-it-can-change-your-life-ab9166b8ae1b"",""💡 [Advice] If you struggle with staying motivated, read this."":""https://www.reddit.com/r/getdisciplined/comments/c6v0l1/advice_if_you_struggle_with_staying_motivated/""}","{""📝 Finding My “Why”"":""Hey Claire, I know this break is important, but I want to reconnect with why I started. Can you ask me questions to help me reflect on what inspired me to take this step and what I’m hoping to gain from it? I’d love to create something I can hold onto when things get tough.""}","[""What’s your **biggest reason** for starting this journey, and how does it *inspire you* to keep going?""]","{""The Reason You’re Here"":""https://m.clear30.org/meditations/3_The Reason You’re Here.m4a""}",,withdrawal,your-why,"Finding your ""why"" can help you push through in your weakest moments.",👀 Wait… Why Did You Start This Again?,,https://m.clear30.org/videos/3.mp4,"[{""video_url"":""https://m.clear30.org/ig_vids/3.mp4""}]","[""https://m.clear30.org/carousels/3/1.png"",""https://m.clear30.org/carousels/3/2.png"",""https://m.clear30.org/carousels/3/3.png"",""https://m.clear30.org/carousels/3/4.png"",""https://m.clear30.org/carousels/3/5.png"",""https://m.clear30.org/carousels/3/6.png"",""https://m.clear30.org/carousels/3/7.png""]",
368,3,🔍 Clarity as Your Why,Seeing Yourself Clearly,"If mental clarity is part of your “why,” _CLIENTNAME_, take a moment to ask: **What does clarity really mean to you?** Is it sharper focus, fewer distractions, or being fully present in your own thoughts? Sometimes, clarity isn’t just about clearing the mind—it’s about *seeing yourself without the haze.*  
 

 Here’s a powerful angle: **what have you been avoiding noticing?** Weed might have blurred not just stress or boredom, but also the truths you didn’t want to face—your potential, your needs, your deeper goals. Clarity isn’t just about thinking clearly—it’s about having the courage to look at the full picture, even the parts that feel uncomfortable.  
 

 This break is your lens. Each moment without weed is sharpening how you see your mind, your life, and your choices. Lean into it. The clearer you get, the more equipped you’ll be to shape what comes next. 🌟",clear30,Break-Reason,Gain Mental Clarity,,"{""🔍 Can You Help Me Explore What Clarity Means to Me?"":""Hey Claire, I’ve realized that mental clarity is part of my “why,” but I want to dive deeper into what that really means for me. Can you ask me questions to help me understand what I’ve been avoiding noticing and guide me toward seeing myself more fully without the haze?""}","[""What’s one **truth** you’ve started to notice about yourself during this break, and how has clarity helped you see it more *clearly*? ""]",,,withdrawal,,Clarity isn’t just clear thinking—it’s seeing yourself fully. Let’s explore.,💡 What Have You Been Avoiding?,,,,,
369,3,😌 Anxiety and Your Why,Turning Fear Into Focus,"If reducing anxiety is your “why,” think about what that really means. A “why” isn’t just a goal—it’s a lens. It sharpens your decisions, giving you something steady to hold onto, _CLIENTNAME_, when the chaos creeps in. **Anxiety thrives in uncertainty, but your “why” gives you clarity.**  
 

 Here’s a fresh angle: **your “why” isn’t just about the absence of anxiety—it’s about what you want to create in its place.** Is it calm? Presence? The ability to tackle challenges without overthinking? When anxiety rises, ask yourself: *Does this moment bring me closer to that vision or pull me away from it?*  
 

 Your “why” becomes your anchor. It’s not just a reminder of what you’re working toward—it’s a tool to guide you in every anxious moment. The next time fear speaks louder than focus, use your “why” to steady yourself. 🌟",clear30,Break-Reason,Reduce Anxiety,,"{""🛠️ Can You Help Me Use My “Why” to Handle Anxiety?"":""Hey Claire, anxiety is part of why I started this journey, and I want to use my “why” as a way to steady myself. Can you ask me questions to help me figure out what I want to create in place of anxiety and guide me in using my “why” to focus when fear takes over?""}","[""What’s one **positive feeling** or outcome you want to create in place of anxiety, and how can your “why” help you *stay focused* on it? ""]",,,withdrawal,,Anxiety thrives in chaos. Your “why” brings focus. Tap in & steady yourself.,"🧘 Your ""Why"" = Your Anchor",,,,,
370,3,🧭 Breaking Free from Your Head,Your Why as a Compass,"If your “why” is to get out of your own head, reflect on this: **What’s waiting for you outside of those thoughts?** A “why” isn’t just a reason—it’s a direction. It’s what pulls you out of the loop and into the life you’re trying to reconnect with.
 

 Here’s an angle: **being stuck in your head isn’t just about overthinking—it’s about what overthinking keeps you from, _CLIENTNAME_.** Your “why” is the thing that matters more than the noise. Is it being present with loved ones, feeling lighter in your day, or focusing fully on what’s in front of you?
 

 When you catch yourself spiraling, pause and ask: *Does this thought serve my why? Or does it pull me further from it?* Your “why” isn’t just a goal—it’s your compass, helping you break free from the distractions in your mind and point you toward what matters most. 🌟",clear30,Break-Reason,Reduce Being Stuck in Own Head,,"{""🧭 Can You Help Me Use My “Why” to Escape My Head?"":""Hey Claire, I’ve been stuck in my own thoughts, and I want to use my “why” to guide me back to what really matters. Can you ask me questions to help me figure out what my “why” points me toward and how I can use it to stop spiraling and stay grounded in the moment?""}","[""What’s one **moment or experience** you’ve missed because of overthinking, and how can your “why” guide you to *be more present* moving forward? ""]",,,withdrawal,,Your “why” isn’t just a goal—it’s a way out. Let’s reconnect with it today.,🔄 What’s Waiting Outside the Noise?,,,,,
371,3,💤 Better Sleep as Your Why,Aligning Rest With Your Goals,"If better sleep is your ""why,"" _CLIENTNAME_, think about what it truly represents. **It’s not just about sleeping more—it’s about the energy, focus, and calm that come with waking up refreshed.** Sleep isn’t the end goal—it’s the foundation for everything else you want to achieve.
 

 Here’s a question: **What habits have been standing between you and real rest?** Was it weed disrupting your natural rhythms, or routines that made falling asleep feel like a struggle? Your “why” gives you a reason to rebuild, piece by piece: better sleep hygiene, mindful evenings, and choices that make rest easier to reach.
 

 Each night you commit to this goal, you’re choosing more than sleep—you’re choosing clarity, focus, and the strength to tackle each day. 🌟",clear30,Break-Reason,Improve Sleep Quality,"{""💤 6 tips for better sleep | Sleeping with Science, a TED series"":""https://youtu.be/t0kACis_dJE?si=eSbHFV8yQ_uOaaTR""}","{""🌙 Can You Help Me Build Habits for Better Sleep?"":""Hey Claire, better sleep is my “why,” but I want to understand what’s been standing in the way and how I can rebuild habits that support real rest. Can you ask me questions to help identify what’s disrupting my sleep and guide me toward small changes that align with my goal?""}","[""What’s one **habit** you’ve changed to improve your sleep, and how is it helping you build the *focus and energy* you need for your goals? ""]",,,withdrawal,,Better sleep isn’t just rest—it’s a reset. Let’s build habits to get there.,🌙 Your “Why” Starts at Night,,,,,
372,3,🎛️ Self-Control as Your Why,Taking Back the Wheel,"If improving self-control is your “why,” reflect on this: **What does control mean to you?** Is it the freedom to act with intention instead of impulse? The ability to pause and choose, rather than react? _CLIENTNAME_, your “why” isn’t just about resisting—it’s about regaining trust in yourself.  
 

 Here’s a shift: **self-control isn’t about perfection—it’s about alignment.** Every time you pause before acting, every decision you make that reflects your goals, you’re reinforcing the person you want to be. Ask yourself: *Does this choice bring me closer to my why, or further from it?*  
 

 Your “why” is more than a reason—it’s your guide. Each step forward proves that control isn’t something you’ve lost—it’s something you’re rebuilding, stronger than before. 🌟",clear30,Break-Reason,Improve Self-Control and Intention,,"{""🛑 Can You Help Me Strengthen My Self-Control?"":""Hey Claire, I want to focus on improving my self-control and rebuilding trust in my decisions. Can you ask me questions to help me reflect on what control means to me and guide me toward making choices that align with my goals?""}","[""What’s one **choice** you’ve made recently that aligned with your goals, and how did it help you rebuild *trust in yourself*? ""]",,,withdrawal,,Your “why” isn’t about willpower—it’s about trust in yourself. Let’s build it.,⚖️ Take Back the Wheel,,,,,
373,3,🕊️ Reducing Dependency as Your Why,What Does Freedom Look Like?,"If your “why,” _CLIENTNAME_, is to reduce dependency, think deeply: **What does freedom from weed mean to you?** Is it waking up with clarity, making decisions without the pull of habit, or trusting yourself to handle life without a crutch? A strong “why” isn’t just a reason—it’s a vision of what’s possible.  
 

 Here’s a thought: **your “why” doesn’t just pull you forward—it gives context to your cravings.** When you feel the urge to use, ask yourself: *Does this choice serve the life I’m trying to create? What need am I trying to fill, and how else can I meet it?*  
 

 Your “why” also grows with you. As you experience moments of clarity, presence, or freedom during this break, let those add to your “why.” It’s not static—it’s a living, evolving guide to the version of yourself you’re becoming. 🌟",clear30,Break-Reason,Reduce Dependency on Cannabis,,"{""🌿 Can You Help Me Explore Freedom From Weed?"":""Hey Claire, reducing my dependency is my “why,” but I want to dig deeper into what freedom from weed really means to me. Can you ask me questions to help me reflect on what I’m gaining during this break and how I can use those moments to strengthen my vision for the future?""}","[""What does **freedom** from dependency look like for you, and how can your “why” help you create the *life you envision*? ""]",,,withdrawal,,Your “why” isn’t about quitting—it’s about choosing. Let’s get clear on that.,🔓 What Does Freedom Look Like?,,,,,
374,3,🌎 Exploring Life Without Weed,Rediscovering What’s Possible,"If your “why” is to explore life without weed, think about this: **What parts of your life might feel sharper, clearer, or more meaningful without it?** Exploration isn’t just about stepping away—it’s about noticing what shifts when you do.  
 

 Take a moment to reflect on a recent experience: Did a conversation feel more real? _CLIENTNAME_, did time seem to stretch longer? These moments are clues, showing you what’s possible when weed isn’t steering the experience.  
 

 Your “why” isn’t just about seeing what you’re leaving behind—it’s about discovering what’s been waiting all along. Each choice to stay curious brings you closer to the clarity and connection you’re seeking. 🌟",clear30,Break-Reason,Explore Life Without Cannabis,,"{""🔍 Can You Help Me Explore Life Without Weed?"":""Hey Claire, I want to better understand how my life feels without weed. Can you ask me questions to help me notice what’s different—like moments that feel clearer or more meaningful? I’d like to explore how things are shifting as I step away from the habit.""}","[""What’s one **moment** you’ve experienced recently that felt sharper or more meaningful without weed, and how does it inspire your *exploration* moving forward? ""]",,,withdrawal,,Your “why” isn’t just curiosity—it’s discovery. Let’s see what’s shifting.,🌎 What’s Possible Without It?,,,,,
375,3,🌿 Improving Health as Your Why,Building Strength From the Inside Out,"If your “why” is to improve your overall health, _CLIENTNAME_, ask yourself: **What does health mean to you—not just physically, but mentally and emotionally?** Health isn’t just numbers or habits—it’s about creating the strength to show up for the life you want.  
 

 Here’s a perspective: **health is the result of tiny, consistent choices.** The craving you pause, the walk you take instead of reaching for a distraction, the clarity you gain when your body isn’t working to recover from the haze—these are the moments that compound into lasting change.  
 

 Take a moment to notice: How does your body feel today compared to before your break? Is there more energy, steadier focus, or better sleep? Let these small wins add to your why, _CLIENTNAME_, proving that every choice you make is strengthening the foundation you’re building for yourself. 🌟",clear30,Break-Reason,Improve Overall Health,"{""🏋️ IWTL how to replace smoking weed with exercise and creative hobbies"":""https://www.reddit.com/r/IWantToLearn/comments/hjukcj/iwtl_how_to_replace_smoking_weed_with_exercise/""}","{""💪 Can You Help Me Reflect on My Health Progress?"":""Hey Claire, improving my health is my “why,” and I want to think about how the small changes I’m making now can set me up for long-term goals. Can you ask me questions to help me figure out what I’m working toward and what habits will support that vision for the future?""}","[""What’s one **small change** you’ve noticed in your body or mind during this break, and how does it reflect the *healthier foundation* you’re building? ""]",,,withdrawal,,Small choices add up. How’s your energy today? Let’s check in.,💚 Your Body is Noticing,,,,,
376,3,🌬️ Better Lungs as Your Why,Every Breath Matters,"If your “why” is healthier lungs, think about this: **What does breathing fully, deeply, and freely mean to you?** Your lungs don’t just fuel your body—they connect you to everything around you. Each breath is a moment of energy, focus, and presence.
 

 Here’s something to reflect on: **how did smoking shape the way you breathe?** _CLIENTNAME_, were your breaths shallow, restricted, or tied to the habit? With each day of your break, your lungs are repairing, giving you the ability to breathe more deeply and fully.
 

 Take a moment today to slow down and breathe deeply—feel the strength in each inhale. Every breath you take now is a step toward the freedom your body deserves. 🌟",clear30,Break-Reason,Improve Lung Health,,"{""🌬️ Can You Help Me Reconnect With My Breath?"":""Hey Claire, healthier lungs are my “why,” and I want to explore how smoking shaped the way I breathe. Can you guide me through reflecting on what breathing fully means to me and help me practice slowing down to notice the changes in my breath?""}","[""What’s one **moment** when you’ve noticed your breathing improving, and how does it remind you of the *freedom* you’re gaining? ""]",,,withdrawal,,Your lungs are clearing out. Can you feel the difference yet?,🫁 Deep Breath Check,,,,,
377,3,📈 Productivity as Your Why,"Focused Effort, Real Progress","If your “why” is to increase productivity, _CLIENTNAME_, think about this: **What does being productive mean to you?** Is it about finishing tasks, feeling clear-headed, or creating the space to focus fully? Productivity isn’t just doing more—it’s about doing what matters with intention.  
 

 Here’s the shift: **productivity thrives on clarity, not shortcuts.** Reflect on the moments during this break when your mind felt sharper or when a task felt easier without distractions. What patterns are emerging that you can carry forward?  
 

 Your “why” isn’t just about checking things off a list—it’s about building a mindset where effort feels meaningful and progress feels steady. Each focused moment you create now is bringing you closer to that rhythm. 🌟",clear30,Break-Reason,Increase Productivity,,"{""📋 Can You Help Me Build a Clearer Approach to Productivity?"":""Hey Claire, I want to use this break to become more productive, but I’m still figuring out what that looks like for me. Can you ask me questions to help me reflect on what being productive really means and guide me toward creating patterns that support focus and progress?""}","[""What’s one **task or moment** that felt clearer or more focused during this break, and how does it show you the *value* of intentional effort? ""]",,,withdrawal,,"Clear mind, steady effort. What’s feeling easier already?",🚀 Focus = Power,,,,,
378,3,🏋️ Motivation as Your Why,Building Momentum That Lasts,"If your “why” is to increase motivation, ask yourself: **What does motivation feel like when it’s real?** Is it the spark of starting something new, or the steady momentum of following through? Motivation isn’t about waiting for the right moment—it’s about creating it.  
 

 Here’s a shift: **motivation thrives on small wins.** The brain craves progress, not perfection. _CLIENTNAME_, think back to a recent task you completed—did finishing it make the next step feel easier? That’s how momentum works. Each action, no matter how small, fuels the next.  
 

 Your “why” isn’t just about feeling motivated—it’s about proving to yourself that motivation is something you can generate, not something you wait for. Start small today: finish one thing, no matter how minor, and notice how it changes your energy. 🌟",clear30,Break-Reason,Increase Motivation,"{""🪴 How marijuana saps motivation"":""https://www.reddit.com/r/OhioMarijuana/comments/pxizfo/marijuana_can_unquestionably_destroy_motivation/""}","{""🔥 Can You Help Me Build Motivation That Sticks?"":""Hey Claire, motivation is my “why,” and I want to figure out how to create it instead of waiting for it. Can you ask me questions to help me reflect on small wins I’ve had recently and guide me toward taking one action today that builds momentum?""}","[""What’s one **small win** you’ve had recently, and how did it spark the *motivation* to keep moving forward? ""]",,,withdrawal,,Motivation builds with action. Let’s find your next small win.,⚡ Create the Spark,,,,,
379,3,💰 Saving Money as Your Why,Investing in What Matters,"If your “why” is to save money, _CLIENTNAME_, think about this: **What do you want to create with the resources you’re reclaiming?** Is it the freedom to travel, a sense of security, or the ability to invest in experiences that truly enrich your life?  
 

 Here’s the perspective: **money spent on weed wasn’t just a cost—it was a choice.** Reflect on how those dollars added up over weeks or months. What could they have been building instead? Picture what saving that money now can unlock—a goal you’ve been waiting to pursue, or the stability that brings peace of mind.  
 

 Your “why” isn’t just about spending less—it’s about aligning your finances with the future you want to create. Each choice to save today builds toward something bigger. 🌟",clear30,Break-Reason,Save Money,,"{""💰 Can You Help Me Align My Spending With My Goals?"":""Hey Claire, saving money is my “why,” and I want to figure out how to make my choices today align with the future I want. Can you ask me questions to help me reflect on what I’ve been spending on weed and what I’d love to build instead? Let’s work together to create a plan I’m excited about.""}","[""What’s one **goal or experience** you could invest in with the money you’re saving, and how does it reflect the *future* you’re working toward? ""]",,,withdrawal,,Each choice to pause is a dollar kept. What could you build with it?,💰 Where’s Your Money Going Now?,,,,,
380,3,❤️ Better Relationships as Your Why,Showing Up Fully,"If your “why” is to improve your relationships, ask yourself: **What do the people in your life need most from you?** Is it your attention, your presence, or your ability to listen without distraction? Your “why” isn’t just about change for you—it’s about what that change brings to the people you care about.
 

 Here’s a thought: **connection thrives in presence.** Think back to a recent moment with someone close to you, _CLIENTNAME_. Were you fully there, or were you distracted—by habits, by thoughts, or by the pull of routine? Imagine how that moment could feel with more focus, more clarity, and more intention.
 

 Your “why” is more than a goal—it’s a commitment to showing up as the version of yourself your loved ones deserve. Each step you take now strengthens those bonds in ways that last. 🌟",clear30,Break-Reason,Improve Current Relationships,"{""❤️ Dr. Paul Conti: How to Build and Maintain Healthy Relationships | Huberman Lab Guest Series"":""https://www.youtube.com/watch?v=eMqWH3LYiII""}","{""🤝 Can You Help Me Strengthen My Relationships?"":""Hey Claire, improving my relationships is my “why,” and I want to figure out how I can show up more fully for the people I care about. Can you ask me questions to help me reflect on where I’ve been distracted and guide me toward actions that build deeper connections?""}","[""What’s one **moment** you’ve shared recently where you felt truly present, and how can your “why” help you bring that *focus* to your relationships more often? ""]",,,withdrawal,,Presence changes everything. How’s your “why” showing up today?,"👥 Connection, Without Distraction",,,,,
381,3,🤝 Reducing Loneliness as Your Why,Building Real Connection,"If your “why” is to feel less lonely and create stronger connections, _CLIENTNAME_, take a moment to reflect on this: **What does meaningful connection look like to you?** Is it deeper conversations, shared experiences, or feeling seen and understood?  
 

 Here’s a shift: **connection starts with curiosity.** Instead of waiting for relationships to come to you, ask yourself: *What can I offer?* When was the last time you reached out, asked a question, or shared something personal? Connection often grows not in grand gestures, but in the small, intentional acts that let others feel valued.  
 

 Your “why” isn’t just about filling the space where loneliness used to live—it’s about building a life rich with meaningful relationships. Each interaction, no matter how small, is a step toward creating the connections you’re looking for. 🌟",clear30,Break-Reason,Enhance Social Connections,,"{""🌱 Can You Help Me Build More Connection?"":""Hey Claire, I want to reduce loneliness and create stronger relationships, but I’m not sure where to start. Can you ask me questions to help me reflect on what meaningful connection looks like for me and guide me toward small actions I can take to feel more connected today?""}","[""What’s one **small act** you can take today to nurture a connection, and how might it help reduce feelings of *loneliness*? ""]",,,withdrawal,,Connection starts with curiosity. Who’s someone you could check in with today?,💡 What If You Reached Out?,,,,,
382,3,✅ Passing Your Drug Test as Your Why,The First Step to Opportunity,"If your “why” is to pass a work-required drug test, think about what that test represents. **It’s not just a hurdle—it’s the gateway to stability, growth, and the opportunities waiting for you.**  
 

 Here’s something to reflect on: **this break is your preparation, not just for the test, but for what comes next.** The habits you’re reshaping now—discipline, focus, and clarity—are tools _CLIENTNAME_ you'll carry forward into the next chapter of your life.  
 

 Passing the test is more than just a moment. It’s proof that you’re ready to move toward the opportunities you deserve, with intention and confidence. 🌟",clear30,Break-Reason,Pass Work-Required Drug Test,,"{""🎯 Can You Help Me Stay Focused on My Goal?"":""Hey Claire, passing a drug test is my “why,” but I want to stay motivated by thinking about what this step means for my future. Can you ask me questions to help me reflect on the opportunities this opens up and guide me toward habits that prepare me for what’s next?""}","[""What’s one **opportunity** passing your drug test will open up, and how does this break prepare you to *embrace it fully*? ""]",,,withdrawal,,Each day brings you closer to your goal. Stay locked in.,🧪 Your Future is Waiting,,,,,
383,3,🌐 Finding Your Why Beyond Legal Obligations,Reframing the Challenge,"If meeting legal obligations is what brought you to this break, _CLIENTNAME_, think about what it represents. **It’s not just about compliance—it’s a moment to reset, reflect, and ask yourself: What do I want my life to look like beyond this?**  
 

 Here’s a shift: **what if this challenge isn’t just an obstacle, but an opportunity?** Use this time to explore what matters most to you. Is it rebuilding trust with others? Feeling free from dependence? Creating stability that no one can take away?  
 

 Your “why” isn’t just about fulfilling a requirement—it’s about reclaiming your direction. Each step you take now moves you closer to the version of yourself that you’re ready to become. 🌟",clear30,Break-Reason,Meet Legal Obligations,,"{""⚖️ Can You Help Me Find Meaning Beyond This Requirement?"":""Hey Claire, meeting legal obligations is why I started this break, but I want to go deeper and figure out what this time can mean for me personally. Can you ask me questions to help me reflect on what I value most and guide me toward making this challenge an opportunity for growth?""}","[""What’s one **goal or value** you want to focus on beyond meeting obligations, and how can this break help you *reclaim your direction*? ""]",,,withdrawal,,This isn’t just about a test—it’s about where you go next. Let’s check in.,⚖️ Beyond the Requirement,,,,,
389,5,🚀 Boosting Your Break,"Move, Heal, Thrive","Clear30 isn’t just about quitting, _CLIENTNAME_—it’s about *reclaiming.* A brisk walk or a stretch might seem small, but it’s a quiet act of defiance against stagnation. Movement isn’t just physical—it clears the static in your mind and sets things in motion.  
 

 Add a little support: **magnesium** for better sleep, **vitamin B** for steadier energy. These are the tools that help your body reset, slowly and deliberately, like tuning an instrument back into harmony.  
 

 The choices you make today don’t need to be grand to matter. They’re building something lasting, something grounded. **Start small, stay intentional.** You’re reshaping more than habits—you’re reshaping yourself. 🌟",clear30,,,"{""🏋️ Go work out"":""https://www.reddit.com/r/leaves/comments/pvhdm6/go_work_out/"",""🏋️ Exercise will help"":""https://www.reddit.com/r/leaves/comments/4mc6m1/if_youre_trying_to_quit_exercise_really_helps/"",""🏋️ Exercise and cravings"":""https://www.youtube.com/watch?v=StM10jzbt1k&t=217s"",""🏋️ Replacing weed with exercise"":""https://www.reddit.com/r/IWantToLearn/comments/hjukcj/iwtl_how_to_replace_smoking_weed_with_exercise/"",""💊 Supplement to wean self off of marijuana?"":""https://www.reddit.com/r/Biohackers/comments/y9ae6p/supplement_to_wean_self_off_of_marijuana/"",""🏋️ Exercise can curb marijuana use and cravings"":""https://news.vanderbilt.edu/2011/03/04/exercise-can-curb-marijuana-use-and-cravings/"",""💊 Supplement N-acetylcysteine May Help With Drug Craving"":""https://www.bu.edu/aodhealth/2018/02/21/supplement-n-acetylcysteine-may-help-with-drug-craving/"",""🌿 🌿 Herbs & Supplements That Help Weed Withdrawals (Medium)"":""https://medium.com/@steve_76718/8-herbs-supplements-that-help-weed-withdrawals-9a6fabeda865"",""💊 Supplements to help with reducing acute withdrawal syndrome (marijuana specifically)?"":""https://www.reddit.com/r/Supplements/comments/su8127/supplements_to_help_with_reducing_acute/""}","{""🏃‍♀️ Adding Small Steps to Build Progress"":""Hey Claire, I want to make today feel intentional by adding small steps to support my break. Can you ask me questions to help me figure out how movement or little changes—like vitamins or stretching—might make a difference? I want to feel like I’m building something lasting.""}","[""What’s one *small, intentional choice* you made today to support your break, and how does it feel to be **reshaping your routine**?""]","{""Exercise Motivation Meditation"":""https://m.clear30.org/exercise.mp3""}",,mental_withdrawal,execrise-physical-health-supplements,Day 5️⃣ explains one of the most best ways to make your journey smoother,😌 Wish I Knew This Earlier...,,https://m.clear30.org/videos/5.mp4,,"[""https://m.clear30.org/carousels/5/1.png"",""https://m.clear30.org/carousels/5/2.png"",""https://m.clear30.org/carousels/5/3.png"",""https://m.clear30.org/carousels/5/4.png"",""https://m.clear30.org/carousels/5/5.png"",""https://m.clear30.org/carousels/5/6.png"",""https://m.clear30.org/carousels/5/7.png""]",
390,5,🏃 Move to Connect,Building Relationships Through Exercise,"Exercise can help reduce loneliness when you actively create opportunities for connection. Instead of working out alone, try a group class or walking meetup.
 

 Start small—visit the same park or studio at the same time each week. Over time, _CLIENTNAME_, familiar faces become natural connections. **Consistency turns shared spaces into relationships.**
 

 The takeaway? **Movement opens the door, but showing up builds the connections you’re looking for.** Take that step today. 🌟",clear30,Break-Reason,Enhance Social Connections,"{""🏋️ Does exercise help relieve the negative effects of social isolation?"":""https://www.reddit.com/r/askpsychology/comments/1azcxnu/does_exercise_help_relieve_the_negative_effects/"",""💪 Guys,exercise can help a little with your loneliness,you will feel good about yourself after"":""https://www.reddit.com/r/lonely/comments/1anjzxl/guysexercise_can_help_a_little_with_your/""}","{""🏃‍♀️ Can You Help Me Connect Through Movement?"":""Hey Claire, I want to use exercise not just for myself but as a way to connect with others. Can you ask me questions to help me figure out where to start—like finding group activities or building consistency in shared spaces? I want to turn movement into connection.""}","[""What’s one **way** you could use movement to connect with others, and how might it help you build *new relationships*? ""]",,,mental_withdrawal,,Exercise isn’t just about movement—it’s about connection.,🤝 Lonely? Try This Instead,,,,,
391,5,🌬️ Repair Your Lungs,"Breathe Easier, Stay Strong","Your Clear30 is the perfect time to focus on healing your lungs, _CLIENTNAME_. Smoking may have affected your breathing, but **your lungs are resilient**—and every small step helps.  
 

 Start with **diaphragmatic breathing**, _CLIENTNAME_. Inhale deeply into your belly, feel it expand, and exhale slowly. Simple movements like brisk walks or yoga can also rebuild lung capacity and boost your stamina. 🌬️🏃‍♂️  
 

 Here’s the takeaway: **the stronger your lungs get, the more you’ll want to protect them**. Every deep breath and every step forward reinforces why quitting was the right choice. You’re not just healing—you’re proving what your body can do. 💪",clear30,Break-Reason,Improve Lung Health,"{""🏋️ Exercises to strengthen lungs"":""https://www.reddit.com/r/Fitness/comments/3b0g6z/exercises_to_strengthen_lungs/""}","{""🫁 Can You Help Me Strengthen My Lungs?"":""Hey Claire, I want to focus on healing my lungs during this break, but I’m not sure where to start. Can you ask me questions to help me explore simple ways to support my breathing—like exercises or small habits—and guide me toward noticing progress?""}","[""What’s one **step** you’ve taken to support your lungs during this break, and how does it remind you of your body’s *resilience*? ""]",,,mental_withdrawal,,Every deep breath is progress. Let’s check in on how you’re feeling.,🌬️ Your Lungs Are Healing,,,,,
392,5,😴 Move to Sleep Better,Let Exercise Be Your Sleep Aid,"If you've been using weed to fall asleep, _CLIENTNAME_, exercise offers a powerful replacement. Movement doesn’t just tire your body—it **resets your natural rhythms.**  
 

 A morning walk or light cardio boosts *melatonin production,* helping your body prepare for rest later. In the evening, gentle stretches or yoga *calm your nervous system* and tell your brain it’s time to unwind. 🌙  
 

 Each step you take is teaching your body how to fall asleep naturally again. *You’re not just breaking a habit—you’re reclaiming your rest.*",clear30,Trigger,To fall asleep,,"{""🌙 Can You Help Me Use Movement to Sleep Better?"":""Hey Claire, I want to use exercise to help me fall asleep naturally, but I’m not sure what kind of movement would work best. Can you ask me questions to figure out how I can add this to my day—whether it’s a walk, stretches, or something else?""}","[""What’s one **movement or exercise** you could try today to support better sleep, and how might it help you *reclaim your rest*? ""]",,,mental_withdrawal,,Your body is relearning rest. A small movement today can make a big impact tonight.,😴 Move for Better Sleep,,,,,
393,5,🎯 Move for Control,"Strengthen Your Body, Sharpen Your Mind","Exercise isn’t just about physical strength—it’s a tool for building **self-control.** Every time you choose to move, you’re reinforcing your ability to act intentionally rather than react impulsively.
 

 Physical activity creates structure in your day, anchoring you to routines that make decisions easier, _CLIENTNAME_. Whether it’s a brisk walk or a challenging workout, exercise demands focus and follow-through, training your mind to stay disciplined long after you’re done.
 

 Here’s the power of movement: **it’s proof you can choose action over impulse.** Every step forward is a reminder that control isn’t something you wait for—it’s something you create. 🌟",clear30,Break-Reason,Improve Self-Control and Intention,,"{""🏋️‍♀️ Can You Help Me Use Exercise to Build Control?"":""Hey Claire, I want to use exercise to strengthen my self-control, but I’m not sure how to start. Can you ask me questions to help me figure out what type of movement fits my day and how it can anchor me to more intentional choices?""}","[""What’s one **type of movement** that helps you feel more in control, and how can it remind you of your ability to *choose action over impulse*? ""]",,,mental_withdrawal,,"Every time you move, you’re proving you can choose action over impulse.",💡 Strength Builds Discipline,,,,,
394,5,🔥 Move for Motivation,Use Action to Build Momentum,"Motivation doesn’t just appear, _CLIENTNAME_—it’s something you spark through action. Exercise is a powerful way to fuel that spark. Every time you move—whether it’s a short walk, a yoga session, or a workout—you’re creating momentum that carries into the rest of your day.
 

 Physical movement stimulates your brain to release **dopamine**, the same chemical tied to drive and reward. But here’s the magic: *it’s not the movement itself—it’s the act of showing up.* Each workout reminds you, _CLIENTNAME_, that motivation isn’t something you wait for—it’s something you build.
 

 **Action creates motivation, not the other way around.** Start small, move intentionally, and watch how each step ignites the energy to keep going. 🌟",clear30,Break-Reason,Increase Motivation,,"{""🏃‍♂️ Can You Help Me Build Momentum Through Movement?"":""Hey Claire, I want to use exercise to spark motivation, but I’m not sure where to start. Can you ask me questions to help me choose a small action I can take today and show me how it can fuel my energy for what’s next?""}","[""What’s one **small action** you can take today to spark motivation, and how might it create momentum for the rest of your day? ""]",,,mental_withdrawal,,Motivation isn’t a feeling—it’s an action. Let’s go.,⚡ Stuck? Do This First,,,,,
395,6,🌿 Strength in Connection,Build Your Network,"Clear30 isn’t meant to be done alone. **Connection turns challenges into opportunities** and keeps you focused when things get tough.
 

 Ask for support: *“I’m working on something important, _CLIENTNAME_—can you check in with me this week?”* Share wins, like, *“I made it to Day 6 and feel more energized!”* Lean on those who lift you up, and don’t underestimate the power of **judgment-free online spaces**.
 

 **Every message you send strengthens your commitment.** Let others see the version of you that’s growing stronger every day. 💬✨",clear30,,,"{""🤝 How does leaning on friends for support work?"":""https://www.reddit.com/r/NoStupidQuestions/comments/1da1kyh/how_does_leaning_on_friends_for_support_work/"",""🌟 Lean On Your Friends. And Let Them Lean On You."":""https://roundglassliving.com/sunny/articles/lean-on-your-friends"",""💪 Those who don’t have much of a support system, how do you cope when life is rough?"":""https://www.reddit.com/r/Adulting/comments/14yhd45/those_who_dont_have_much_of_a_support_system_how/"",""🗣️ How do you ask for help and emotional support from your family/friends in a healthy way that prevents you from becoming a burden to them?"":""https://www.reddit.com/r/AskWomenOver30/comments/xld8v8/how_do_you_ask_for_help_and_emotional_support/""}","{""🤝 Can You Help Me Build Support During This Break?"":""Hey Claire, I know connection is key to staying strong, but I’m not sure how to ask for support or share my progress. Can you ask me questions to help me figure out who to reach out to and how to lean on others without feeling awkward?""}","[""Who’s someone you *trust* to support your break, and what’s one thing you could **share with them today**?""]","{""Positive Social Support Meditation"":""https://m.clear30.org/social.mp3""}",,mental_withdrawal,reaching-out-involving-others,A small check-in with the right person can make this 10x easier. Tap in—we’ll show you how.,💬 Support Changes Everything,,https://m.clear30.org/videos/6.mp4,,"[""https://m.clear30.org/carousels/6/1.png"",""https://m.clear30.org/carousels/6/2.png"",""https://m.clear30.org/carousels/6/3.png"",""https://m.clear30.org/carousels/6/4.png"",""https://m.clear30.org/carousels/6/5.png"",""https://m.clear30.org/carousels/6/6.png"",""https://m.clear30.org/carousels/6/7.png"",""https://m.clear30.org/carousels/6/8.png"",""https://m.clear30.org/carousels/6/9.png"",""https://m.clear30.org/carousels/6/10.png""]",
396,6,🤝 Connection as Strength,Building Support in Your 20s,"Under 21, _CLIENTNAME_, it’s easy to feel like you should figure everything out on your own—but **connection isn’t a weakness, it’s your greatest tool for growth.** The people around you can help you stay accountable, celebrate your wins, and offer perspective when things feel hard.  
 

 Here’s something to try: **reach out to one person you trust and share what this break means to you.** It doesn’t have to be deep—*“I’m doing something challenging, and it would mean a lot if you checked in on me.”* These small moments of vulnerability create bonds that make challenges lighter and victories bigger.  
 

 And don’t stop there—**online spaces can be powerful, too.** Look for communities where you can connect with others navigating similar journeys. Your 20s are about building the life you want, _CLIENTNAME_, and connection makes every step easier. The strongest people lean on others. 💬✨",clear30,"LO-Age
 LO-Age",18-20,,"{""💬 Can You Help Me Build Stronger Connections?"":""Hey Claire, I want to use this break to build better connections, but reaching out feels tough. Can you ask me questions to help me figure out who to trust and how to share what this journey means to me? I’d also love ideas for finding support online.""}","[""Who’s one **person** you could reach out to for support, and how might sharing your journey strengthen your *connection* with them? ""]",,,mental_withdrawal,,The right support makes this 10x easier—here’s how.,💬 Your 20s Aren’t Meant to Be Solo,,,,,
397,6,🤝 Connection as Strength,Building Support in Your 20s,"Under 25, _CLIENTNAME_, it’s easy to feel like you should figure everything out on your own—but **connection isn’t a weakness, it’s your greatest tool for growth.** The people around you can help you stay accountable, celebrate your wins, and offer perspective when things feel hard.
 

 Here’s something to try: **reach out to one person you trust and share what this break means to you.** It doesn’t have to be deep—*“I’m doing something challenging, and it would mean a lot if you checked in on me.”* These small moments of vulnerability create bonds that make challenges lighter and victories bigger.
 

 And don’t stop there—**online spaces can be powerful, too.** Look for communities where you can connect with others navigating similar journeys. Your 20s are about building the life you want, and connection makes every step easier. The strongest people lean on others. 💬✨",clear30,"LO-Age
 LO-Age",21-25,,"{""💬 Can You Help Me Build Stronger Connections?"":""Hey Claire, I want to use this break to build better connections, but reaching out feels tough. Can you ask me questions to help me figure out who to trust and how to share what this journey means to me? I’d also love ideas for finding support online.""}","[""Who’s one **person** you could reach out to for support, and how might sharing your journey strengthen your *connection* with them? ""]",,,mental_withdrawal,,Let’s talk about who’s in your corner.,🤝 Connection = Growth,,,,,
398,6,🌿 Strength in Connection,Turning Commitment Into Momentum,"If you started Clear30 somewhat committed, that’s okay—**growth doesn’t require perfection, it requires movement.** One of the fastest ways to deepen your commitment is by connecting with others. When you let someone in, _CLIENTNAME_, you’re creating accountability that helps turn “somewhat” into “all in.”  
 

 Here’s an approach: **choose one person to share your progress with, and ask them to check in on you.** Not just a casual, “How’s it going?” but something specific, like, *“Can you remind me why I started this if I get off track?”* When someone else holds your “why,” it becomes easier to stay connected to it yourself.  
 

 Commitment doesn’t have to happen all at once—it builds. Each conversation, each shared moment of vulnerability, adds fuel to the progress you’re making. Connection turns “maybe” into momentum. 💬✨",clear30,Commitment,Somewhat,,"{""💬Can You Help Me Strengthen My Commitment Through Connection?"":""Hey Claire, I started this journey somewhat committed, but I want to deepen that by leaning on others. Can you ask me questions to help me figure out who to share my progress with and how to ask for the kind of support that keeps me motivated?""}","[""Who’s one **person** you could ask to help remind you of your “why,” and how might their support turn *commitment* into momentum? ""]",,,mental_withdrawal,,A small shift makes commitment easier—tap in.,🔥 Turn “Maybe” Into Momentum,,,,,
399,6,🚧 Connection and Boundaries,Navigating Friendships as a Trigger,"If your friends are a trigger, _CLIENTNAME_, it’s not just about saying no—it’s about redefining how you connect. **What if this break was a chance to see which friendships uplift you and which ones pull you back?**  
 

 Here’s a shift: **instead of avoiding your friends, guide the connection.** Suggest activities that don’t involve smoking, like grabbing food, going for a walk, or watching a movie. Notice who supports your choice without pushing back—those moments reveal who’s invested in *you,* not just the habit.  
 

 Your break isn’t just about stepping away from weed—it’s about stepping into relationships that align with your goals. The people who respect your growth are the ones who’ll help you keep climbing. 💬✨",clear30,Trigger,My friends,,"{""🤝 Can You Help Me Redefine My Friendships?"":""Hey Claire, my friends can sometimes be a trigger, and I want to figure out how to connect with them in ways that support my break. Can you ask me questions to help me explore which activities or boundaries could make these relationships align with my goals?""}","[""What’s one **friendship** you could redefine during this break, and how might setting boundaries strengthen your *connection*? ""]",,,mental_withdrawal,,Here’s how to tell—and what to do next.,👀 Do Your Friends Support This?,,,,,
400,7,🌈 Find Joy in New Moments,Create Space for Discovery,"Clear30 isn’t just about what you’re letting go of—it’s about what you’re making room for. Day 7 is the perfect time to explore hobbies that spark **curiosity** and **joy.**
 

 When cravings hit, distractions aren’t just diversions—they’re opportunities. A walk in nature, a few strokes of paint, or diving into a new book doesn’t just fill the gap—it builds healthier, more meaningful habits for _CLIENTNAME_.
 

 **Today’s challenge:** Spend 15 minutes on something that excites you. Whether it’s rediscovering an old passion or trying something completely new, let yourself be curious.
 

 This journey isn’t just about saying no—it’s about saying yes to what makes life richer. 🌟",clear30,,,"{""🎨 hobbies that make everyday life sick"":""https://youtu.be/XqMlgXCzgjE?si=8IMe-eVgSI9xUWn3"",""🚭 Things to do instead of smoking weed"":""https://www.reddit.com/r/leaves/comments/jdy7b5/things_to_do_instead_of_smoking_weed/"",""🔄 More things to do instead of smoking weed"":""https://www.reddit.com/r/leaves/comments/djhjw5/a_list_of_things_to_do_instead_of_smoking_weed/"",""🎯 The trick to a T-break is just distractions"":""https://www.reddit.com/r/trees/comments/yh9g70/the_trick_to_a_tbreak_is_just_distraction/"",""🌿 Advice for distractions while taking a break from weed"":""https://www.reddit.com/r/trees/comments/6xufrb/any_advice_how_to_distract_yourself_when_making_a/"",""⭐ 50+ HOBBIES TO START IN 2025 ˗ˏˋ✩ˎˊ˗ become more *interesting* and PHONE LESS ✨ we are cool girls."":""https://www.youtube.com/watch?v=4HT2zcDqM1Y""}","{""🎨 Exploring Hobbies That Spark Joy"":""Hey Claire, I want to use today to explore something that sparks curiosity and joy. Can you ask me questions to help me figure out what I might try—whether it’s an old passion or something completely new? I want to make space for discovery.""}","[""What’s one activity you’ve *tried or rediscovered* this week that brought you **joy**, and how could it become a part of your routine?""]","{""The Power of Distraction"":""https://m.clear30.org/meditations/7_The Power of Distraction.m4a""}",,mental_withdrawal,distractions-hobbies-staying-busy,Today’s the perfect time. Tap in for a challenge.,💡 Tried Something New Lately?,,https://m.clear30.org/videos/7.mp4,,"[""https://m.clear30.org/carousels/7/1.png"",""https://m.clear30.org/carousels/7/2.png"",""https://m.clear30.org/carousels/7/3.png"",""https://m.clear30.org/carousels/7/4.png"",""https://m.clear30.org/carousels/7/5.png"",""https://m.clear30.org/carousels/7/6.png"",""https://m.clear30.org/carousels/7/7.png"",""https://m.clear30.org/carousels/7/8.png"",""https://m.clear30.org/carousels/7/9.png"",""https://m.clear30.org/carousels/7/10.png"",""https://m.clear30.org/carousels/7/11.png""]",
401,7,✨ Rediscovering Joy,What’s Waiting Without Weed,"If weed felt like it helped more than it harmed, _CLIENTNAME_, this break might feel like a gap—like those moments of calm or creativity are harder to reach. But here’s something to consider: **what if the spark you felt with weed was never about the substance itself, but about the space it allowed you to pause and notice?**  
 

 Today, as you explore something new or rediscover an old hobby, focus on creating that space for yourself intentionally. *Notice the details: the colors in your painting, the rhythm of your walk, or the sound of your environment.* What changes when you’re fully present?  
 

 This isn’t about replacing what weed gave you—it’s about seeing how much of that creativity and connection was already yours, waiting to be uncovered. 🌟",clear30,Help-Harm,Mostly helping more than harming,,"{""🎨 Can You Help Me Rediscover My Spark Without Weed?"":""Hey Claire, I’ve been feeling like there’s a gap without weed, but I want to explore what’s already within me. Can you ask me questions to help me create space for moments of calm or creativity and guide me toward noticing what changes when I’m fully present?""}","[""What’s one **hobby or activity** you’ve rediscovered during this break, and how has being fully *present* changed the way you experience it? ""]",,,mental_withdrawal,,Let’s explore what happens when you create the pause.,🎨 Missing Weed’s Creative Spark?,,,,,
402,7,🌅 Rediscovering Joy,Moving Beyond What Held You Back,"If weed was harming more than helping, _CLIENTNAME_, it might feel like it held the key to those moments of joy or creativity. But here’s the shift: **the spark was never in the weed—it was in the pause it gave you.**  
 

 Now, without it, ask yourself: *What happens when I create that pause intentionally?* Set aside time to sketch, cook, or even move your body to music. Notice how it feels to fully engage, without distraction or limits.  
 

 Here’s the truth: **weed didn’t create your creativity—it borrowed from what was already there.** This break is your chance to reclaim that spark and explore how much more it can grow when it’s fully yours. 🌟",clear30,Help-Harm,Mostly harming more than helping,,"{""🎨 Can You Help Me Reclaim My Creativity Without Weed?"":""Hey Claire, I used to feel like weed sparked my creativity, but I want to see what happens when I create that pause on my own. Can you ask me questions to help me explore ways to engage fully—whether it’s through art, cooking, or something else—and rediscover what’s already within me?""}","[""What’s one **moment of creativity** you’ve experienced during this break, and how has reclaiming your spark helped you move beyond what held you back? ""]",,,mental_withdrawal,,Your creativity was always yours—here’s how to reclaim it.,🎨 Did Weed Help or Hold You Back?,,,,,
403,7,🎯 Building Motivation,Staying Busy with Purpose,"If motivation has felt distant, staying busy isn’t just a distraction—it’s an opportunity. **The secret isn’t doing more—it’s doing with intention.**  
 

 Here’s the shift: *tie every task to your bigger “why.”* Cleaning your space isn’t just tidying—it’s creating an environment for clarity. A walk isn’t just exercise, _CLIENTNAME_—it’s space for your thoughts to breathe. When you connect the small things you do to the goals you’re working toward, motivation starts to grow naturally.  
 

 Staying busy isn’t about filling time—it’s about aligning your actions with what inspires you. **Each intentional choice reminds you of what’s possible when you lean into the present.** 🌟",clear30,Break-Reason,Increase Motivation,,"{""💡 Can You Help Me Stay Busy With Purpose?"":""Hey Claire, motivation feels distant, but I want to align my actions with my goals. Can you ask me questions to help me tie the small things I do today—like cleaning, walking, or creating—to my bigger “why”? I want to turn staying busy into something meaningful.""}","[""What’s one **small task** you’ve done recently that felt purposeful, and how did connecting it to your *why* spark motivation? ""]",,,mental_withdrawal,,Here’s a shift that makes staying busy work for you.,⚡ Struggling With Motivation?,,,,,
404,7,⏳ Building Motivation,Reclaiming Your Days,"If you smoked most days, _CLIENTNAME_, time might feel unfamiliar now—stretched, empty, or even overwhelming. But here’s something to consider: **this space isn’t a void—it’s a blank canvas.**  
 

 Try this: **build anchors into your day.** Start with two or three non-negotiables—things that give structure and momentum, like a morning walk, journaling, or prepping a meal. These aren’t just tasks—they’re touchpoints that create rhythm, giving your day a sense of direction and accomplishment.  
 

 Daily smoking might have shaped your routine, but now you have the chance to shape something new—something intentional and aligned with how you want to feel. **The blank canvas isn’t the challenge—it’s the opportunity.** 🌟",clear30,Days-Using,6-7 days a week,,"{""🕒 Can You Help Me Reclaim My Days?"":""Hey Claire, my days feel wide open without smoking, and I want to rebuild them with purpose. Can you ask me questions to help me create a few non-negotiable habits that bring structure and momentum to my routine?""}","[""What’s one **anchor** you could add to your day to create rhythm, and how might it help turn your time into a *blank canvas* for something new? ""]",,,mental_withdrawal,,Here’s how to rebuild a routine that actually works.,🖼️ Smoking Shaped Your Days—Now What?,,,,,
405,7,🌄 Rediscovering Joy,Exploring Natural Highs,"If you loved the feeling of being high, this break might feel like something’s missing. But here’s a new perspective: **that sensation wasn’t just about the weed—it was *your brain* responding to an experience. _CLIENTNAME_, what if you could create that feeling naturally?**  
 

 **Tap into activities that ignite your mind and body.** Go for a run and feel the rush of endorphins. Try a sport or something new—like rock climbing, swimming, or martial arts—that challenges your focus and coordination. *These aren’t just distractions—they’re ways to recreate the spark you’re searching for.*  
 

 The high you loved wasn’t outside of you—it was *your brain, fully engaged.* This break is your chance to reconnect with those feelings in a way that’s authentic and lasting. 🌟",clear30,Trigger,Just like being high,,"{""🌟 Can You Help Me Rediscover My Highs Naturally?"":""Hey Claire, I’ve been missing the feeling of being high, but I want to explore ways to recreate that spark on my own. Can you ask me questions to help me find activities or experiences that ignite my mind and body, like exercise or something new?""}","[""What’s one **activity** that gives you a natural high, and how has exploring it helped you reconnect with your *authentic spark*? ""]",,,mental_withdrawal,,Your brain can recreate it—let’s tap into natural highs.,🚀 Loved the Feeling of Being High?,,,,,
406,8,🌟 Celebrating Invisible Wins,The Growth You Don’t See,"Not all progress is loud, _CLIENTNAME_. Sometimes, it’s the quiet shifts that matter most. Maybe your thoughts feel **sharper** 🧠, your sleep a little **deeper** 🌙, or you’ve made **intentional choices** without even realizing it 🎯.  
 

 These invisible wins are *laying the groundwork* for bigger breakthroughs. Each craving you resist, each mindful moment, is like bamboo growing roots—*strengthening quietly before visible growth appears.*  
 

 **Take a moment today**, _CLIENTNAME_, to notice one of these subtle changes. Celebrate it. The work you’re doing now is shaping something extraordinary. Trust the process—you’re building a foundation for lasting change. 🌟",clear30,,,"{""🌟 The Transformative Power of Small Wins: Rethinking Progress and Potential"":""https://mbbshrabdullah.medium.com/the-transformative-power-of-small-wins-rethinking-progress-and-potential-2903a3909292"",""💬 Discussion How a deep understanding of the ripple effect helped me get disciplined and take charge of my life, after years of procrastinating?"":""https://www.reddit.com/r/getdisciplined/comments/es2tnk/discussion_how_a_deep_understanding_of_the_ripple/""}","{""🌱 Celebrating My Quiet Wins"":""Hey Claire, I know progress isn’t always obvious, but I want to take a moment to celebrate the quiet changes I’ve been making. Can you ask me questions to help me reflect on small shifts—like sharper thoughts or deeper sleep—that might be laying the foundation for bigger growth?""}","[""What’s one small **change** you’ve noticed in yourself this week, and how does it remind you that *progress* is happening, even if it’s quiet?""]","{""The Progress You Don’t See"":""https://m.clear30.org/meditations/8_The Progress You Don’t See.m4a""}",,mental_withdrawal,noticing-early-wins-invisible-change,What’s changing beneath the surface? Check in & see for yourself.,🌱 Some Growth Happens Quietly,,https://m.clear30.org/videos/8.mp4,,"[""https://m.clear30.org/carousels/8/1.png"",""https://m.clear30.org/carousels/8/2.png"",""https://m.clear30.org/carousels/8/3.png"",""https://m.clear30.org/carousels/8/4.png"",""https://m.clear30.org/carousels/8/5.png"",""https://m.clear30.org/carousels/8/6.png"",""https://m.clear30.org/carousels/8/7.png"",""https://m.clear30.org/carousels/8/8.png"",""https://m.clear30.org/carousels/8/9.png"",""https://m.clear30.org/carousels/8/10.png"",""https://m.clear30.org/carousels/8/11.png""]",
407,8,🔍 Celebrating Clarity,Spotting the Subtle Shifts,"Mental clarity doesn’t arrive all at once—it builds in small, layered wins. **Each subtle shift is a sign that your brain is recalibrating, moving toward sharper focus and clearer thinking.**  
 

 Here’s what to look for:  
 - *Are your thoughts feeling less foggy, even for a moment?*  
 - *Have you noticed yourself reflecting more deeply or making fewer impulsive decisions?*  
 - _CLIENTNAME_, *is it slightly easier to focus or recall small details, like a name or task?*  
 

 These aren’t just small changes—they’re evidence that your mind is resetting, layer by layer. Clarity isn’t about one big transformation. It’s about these quiet moments adding up over time, creating a sharper, more focused version of you.  
 

 Trust the process, and keep noticing the progress. 🌟",clear30,Break-Reason,Gain Mental Clarity,,"{""🧠 Can You Help Me Recognize My Mental Clarity Wins?"":""Hey Claire, I’ve been working toward sharper focus and clearer thinking, but the changes feel subtle. Can you ask me questions to help me spot small shifts—like less foggy thoughts or better decision-making—that show my mind is recalibrating?""}","[""What’s one **small shift** in your mental clarity you’ve noticed, and how does it remind you of the *progress* you’re making? ""]",,,mental_withdrawal,,Let’s break down the subtle signs of clarity.,💡 Feeling Mentally Sharper?,,,,,
408,8,🍃 Reducing Anxiety,Small Wins Already Happening,"When your goal, _CLIENTNAME_, is to reduce anxiety, progress can feel subtle—almost invisible. But even if anxiety hasn’t disappeared, there are signs that your mind is beginning to adjust.  
 

 Have you noticed fewer *“what if”* thoughts creeping in? Maybe you’re calming down faster after feeling anxious, or your mind isn’t jumping to the worst-case scenario as often. These shifts, while small, show that your brain is learning to manage stress differently.  
 

 Even physical signs—less tension in your shoulders or an easier time falling asleep—are wins. **Each one is proof that your mind is finding moments of calm, one layer at a time.**  
 

 Anxiety doesn’t disappear overnight, but these small victories are laying the foundation for a calmer, steadier you. Keep noticing—progress is already happening. 🌿",clear30,Break-Reason,Reduce Anxiety,,"{""🌿 Can You Help Me Notice My Progress With Anxiety?"":""Hey Claire, reducing anxiety is my goal, but the progress feels subtle. Can you ask me questions to help me reflect on small wins—like fewer “what if” thoughts or moments of calm—that show my mind is adjusting?""}","[""What’s one **small win** you’ve noticed in managing anxiety, and how does it remind you that *progress* is already happening? ""]",,,mental_withdrawal,,Small wins add up—here’s what to notice.,"🌿 Less Anxiety, Even Just a Little?",,,,,
409,8,☀️ Reducing Depression,Small Wins You Might Be Missing,"When your goal is to reduce depression, progress can feel invisible. **Depression often casts a shadow that hides the subtle changes happening beneath the surface.** But even if it doesn’t feel dramatic yet, there are signs you’re moving forward, _CLIENTNAME_.  
 

 Have you noticed moments where the heaviness lifts, even briefly? *Maybe your sad moments are shorter, or you’ve felt a flicker of interest in something simple, like a favorite song or a warm drink.* These aren’t just fleeting—they’re signs that your mind is starting to reconnect with the world.  
 

 Even small bursts of energy or lighter mornings are wins. Depression doesn’t lift all at once—it eases in layers. **Each of these subtle shifts is proof that your brain is healing, bit by bit.** Keep noticing those moments—they’re the foundation of brighter days ahead. 🌤️",clear30,Break-Reason,Reduce Depression,"{""💡 Small and incredible changes I have noticed in myself since working on my depression"":""https://www.reddit.com/r/selfimprovement/comments/1hk0tex/small_and_incredible_changes_i_have_noticed_in/""}","{""🌤️ Can You Help Me Spot My Progress With Depression?"":""Hey Claire, reducing depression is my goal, but it’s hard to see the changes. Can you ask me questions to help me notice small moments—like lighter mornings or brief sparks of interest—that show my mind is beginning to heal?""}","[""What’s one **small moment** where you’ve felt lighter or more connected, and how does it remind you that *healing* is happening, even in subtle ways? ""]",,,mental_withdrawal,,"The wins might be quiet, but they’re happening. Let’s take a look.",🌤 Depression Hides Progress—But It’s There,,,,,
410,8,💭 Breaking Free from Overthinking,Small Wins You’re Already Seeing,"If you’ve been stuck in your head, _CLIENTNAME_, progress can feel slow, but subtle changes are already happening. **Moments of calm, even brief, are signs your mind is beginning to unwind.**  
 

 *Have you noticed it’s easier to focus on a task, even for a little longer?* Maybe you’re catching yourself spiraling and *snapping out of it faster.* These small shifts—**less second-guessing, more present interactions—are proof your mind is learning to trust itself again.**  
 

 Breaking free from overthinking doesn’t happen overnight, but *each small win* is a step closer to clarity and presence. *Celebrate these moments—they’re the foundation of a freer, calmer mind.* 🌟",clear30,Break-Reason,Reduce Being Stuck in Own Head,,"{""🧠 Can You Help Me Notice Wins in Breaking Free From Overthinking?"":""Hey Claire, I’ve been working on overthinking less, but the progress feels subtle. Can you ask me questions to help me reflect on moments—like focusing more easily or snapping out of spiraling faster—that show my mind is beginning to trust itself again?""}","[""What’s one **small win** you’ve noticed in breaking free from overthinking, and how does it remind you of the *calm and clarity* you’re building? ""]",,,mental_withdrawal,,Even tiny moments of calm mean your mind is unwinding. Let’s dig in.,🌀 Overthinking Less?,,,,,
411,8,💤 Small Wins in Better Sleep,The Signs of Progress,"If improving sleep is your goal, the changes might feel slow—but they’re happening. **Sleep improves in layers, and the subtle shifts are your first signs of progress.**  
 

 *Have you noticed falling asleep is a little quicker or tossing and turning less at night?* Maybe _CLIENTNAME_, you’re waking up fewer times or feeling slightly more refreshed in the morning. Even dreaming more often is a sign your body is spending more time in the restorative REM stage.  
 

 Each of these small wins means your body is adjusting, rebuilding its natural rhythm for deeper, more restful sleep. *Celebrate the progress, even if it feels small—it’s proof that better nights are ahead.* 🌙",clear30,Break-Reason,Improve Sleep Quality,,"{""🌙 Can You Help Me See Progress in My Sleep?"":""Hey Claire, I’m working on improving my sleep, but the changes feel subtle. Can you ask me questions to help me notice small signs—like fewer wake-ups or feeling slightly more refreshed—that show my body is starting to rebuild its natural rhythm?""}","[""What’s one **small improvement** you’ve noticed in your sleep, and how does it show that your body is *rebuilding its natural rhythm*? ""]",,,mental_withdrawal,,It’s not just in your head—here’s how to tell if your rest is resetting.,🌙 Sleep Starting to Improve?,,,,,
412,8,🎯 Strengthening Self-Control,Small Wins You’re Already Making,"Building self-control isn’t about instant mastery, _CLIENTNAME_—it’s about the small shifts that show you’re gaining more intention in your choices. **Every mindful decision is progress, even if it feels subtle.**  
 

 *Have you noticed yourself pausing before acting or recognizing the moments that trigger impulsive behavior?* Maybe you’re setting better boundaries or finding it easier to stick to a small routine. These wins, no matter how small, show that you’re reclaiming control over your actions.  
 

 Self-control grows layer by layer. **Each thoughtful choice builds a foundation for a more intentional life.** Celebrate these shifts—they’re proof that you’re creating something lasting. 🎯",clear30,Break-Reason,Improve Self-Control and Intention,,"{""🎯 Can You Help Me See My Progress With Self-Control?"":""Hey Claire, I’m working on building self-control, but the changes feel subtle. Can you ask me questions to help me reflect on small wins—like pausing before acting or sticking to routines—that show I’m becoming more intentional in my choices?""}","[""What’s one **mindful choice** you’ve made recently, and how does it show that you’re *gaining control* over your actions? ""]",,,mental_withdrawal,,Small wins add up—let’s recognize the shifts in your choices.,🎯 Noticing More Self-Control?,,,,,
413,8,🌱 Reducing Dependency,Noticing the Power of Choice,"Breaking free from dependency isn’t just about saying no—it’s about **reclaiming your ability to choose.** Even if the changes feel subtle, they’re there, quietly reshaping your habits and routines.  
 

 *Have you noticed moments where you paused before reaching for weed—or didn’t reach at all?* Maybe you’ve started finding other ways to handle stress or moments where the craving felt less intense, _CLIENTNAME_. These aren’t just small wins—they’re proof that your brain is beginning to rewire, step by step.  
 

 Dependency thrives on autopilot. Each time you make a conscious choice, you’re proving that control is shifting back to you. **Every deliberate decision is a step toward the freedom you’re building—moment by moment.** 🌟",clear30,Break-Reason,Reduce Dependency on Cannabis,,"{""🌿 Can You Help Me Recognize My Wins in Reducing Dependency?"":""Hey Claire, I’m working on breaking free from dependency, but the progress feels subtle. Can you ask me questions to help me notice moments where I’ve made conscious choices—like pausing before acting or handling stress differently—that show I’m regaining control?""}","[""What’s one **moment** where you noticed yourself pausing before acting, and how does it show that you’re *reclaiming your power of choice*? ""]",,,mental_withdrawal,,Every moment you pause before acting is a win—here’s why.,⚡ Cravings Losing Power?,,,,,
414,8,🌍 Exploring Life Without Cannabis,Small Wins That Show You’re Growing,"Stepping away from cannabis, _CLIENTNAME_, is about more than what you’re leaving behind—it’s about the new opportunities unfolding. **Even if the shifts feel small, they’re happening.**  
 

 *Have you noticed moments where your mind feels clearer or your curiosity sparks about something new?* Maybe your connections with others feel more genuine, or you’re reflecting on yourself in ways you hadn’t before. These subtle wins show that you’re starting to see life in sharper focus.  
 

 Each clear thought, deeper connection, or burst of energy is proof that life without cannabis is opening up in ways you may not have expected. **Keep leaning into these moments—they’re the foundation for a richer, more vibrant version of you.** 🌟",clear30,Break-Reason,Explore Life Without Cannabis,,"{""🌍 Can You Help Me Notice What’s Changing Without Cannabis?"":""Hey Claire, stepping away from cannabis is a big shift, and I want to reflect on what’s opening up for me. Can you ask me questions to help me notice small wins—like clearer thoughts, deeper connections, or unexpected moments of curiosity—that show I’m growing?""}","[""What’s one **new experience** or perspective you’ve gained during this break, and how does it show that life without cannabis is *opening new doors*? ""]",,,mental_withdrawal,,What’s opening up for you? Let’s check in on what’s shifting.,🌍 Life Without Weed Looks… Different?,,,,,
415,8,💚 Health Wins Already Happening,How Your Break Is Helping,"Taking a break from weed isn’t just a pause—it’s a reset for your body. **Even if the changes feel small, your health is already shifting beneath the surface.**  
 

 *Have you noticed waking up with more energy? Feeling less winded during daily activities?* Maybe, _CLIENTNAME_, your appetite feels more balanced, or your digestion is starting to stabilize. **These aren’t just minor shifts—they’re signs your body is healing, layer by layer.**  
 

 Each day you give your body this space, you’re rebuilding strength and resilience. *Celebrate these wins—they’re proof that lasting health is within reach.* 💪🌿",clear30,Break-Reason,Improve Overall Health,,"{""💚 Can You Help Me See My Health Progress?"":""Hey Claire, I know my break is helping my body reset, but the changes feel subtle. Can you ask me questions to help me notice small health wins—like more energy or balanced appetite—that show my body is healing and getting stronger?""}","[""What’s one **health improvement** you’ve noticed during this break, and how does it remind you that your body is *healing and rebuilding*? ""]",,,mental_withdrawal,,Even small changes show recovery in motion—here’s how to spot them.,💪 Your Body is Healing—Notice It?,,,,,
416,8,🌬️ Supporting Your Lungs,Noticing the Quiet Progress,"Improving your lung health doesn’t happen overnight, _CLIENTNAME_, but **each breath you take now is a small win for your body.**  
 

 *Have you noticed moments where breathing feels just a little easier?* Maybe you’ve been able to walk longer without feeling winded, or your chest feels less tight than before. These subtle shifts are signs your lungs are beginning to heal, restoring their natural strength.  
 

 Every deep breath, every step forward, is proof that progress is happening—even if it feels invisible at times. **Keep noticing these moments—they’re the foundation for healthier, stronger lungs.** 🌟",clear30,Break-Reason,Improve Lung Health,,"{""🫁 Can You Help Me See How My Lungs Are Healing?"":""Hey Claire, I know my lungs are getting stronger, but the changes feel subtle. Can you ask me questions to help me notice small wins—like easier breathing or feeling less winded—that show my lungs are beginning to heal?""}","[""What’s one **small change** you’ve noticed in your breathing, and how does it remind you of the *progress* your lungs are making? ""]",,,mental_withdrawal,,Your lungs are healing—here’s how to spot the progress.,🏃‍♂️ Noticing a Breath of Fresh Air?,,,,,
417,8,💼 Small Wins in Productivity,Laying the Groundwork for Focus,"Taking a break from weed isn’t just about stopping—it’s about creating space for sharper focus and better habits. **Even if the shifts feel small, they’re already happening.**  
 

 *Have you noticed moments of clearer thinking?* Maybe you're starting tasks sooner or finding it easier to stick with them longer, _CLIENTNAME_. Even small decisions might feel quicker and more confident, freeing up mental space for what matters.  
 

 Each of these changes—more focus, fewer distractions, steadier routines—are building the foundation for sustained productivity. **Celebrate the momentum you’re creating—it’s proof that every small win adds up to lasting success.** 💼✨",clear30,Break-Reason,Increase Productivity,,"{""💼 Can You Help Me See My Productivity Wins?"":""Hey Claire, I’ve been focusing on building better habits and sharper focus, but the progress feels small. Can you ask me questions to help me notice moments—like starting tasks sooner or feeling less distracted—that show I’m laying the groundwork for better productivity?""}","[""What’s one **small improvement** you’ve noticed in your focus or routines, and how does it show you’re *building momentum* toward lasting productivity? ""]",,,mental_withdrawal,,Even small shifts in focus are proof of change. Let’s explore.,💼 Productivity Feels… Easier?,,,,,
418,8,🚀 Small Wins in Motivation,Reigniting Your Drive,"Motivation doesn’t return all at once, _CLIENTNAME_—it grows through small shifts. **Each spark of interest, each action taken, is your drive rebuilding itself.**  
 

 *Have you noticed moments of curiosity?* Maybe a task feels less daunting, or you’ve found yourself starting something without overthinking it. These small wins—like setting tiny goals or tackling chores you once avoided—show your motivation is coming back, layer by layer.  
 

 Motivation builds momentum. **Each action, no matter how small, is a reminder that your drive is yours to create.** Celebrate these shifts—they’re paving the way for a more energized and focused future. 🚀",clear30,Break-Reason,Increase Motivation,,"{""🚀 Can You Help Me Reignite My Motivation?"":""Hey Claire, motivation feels like it’s growing slowly, but I want to notice the small steps I’m taking. Can you ask me questions to help me reflect on moments—like starting a task or feeling curious—that show my drive is coming back?""}","[""What’s one **small action** that reignited your motivation recently, and how does it remind you that your *drive* is rebuilding itself? ""]",,,mental_withdrawal,,Momentum doesn’t appear—it’s built. Let’s check in on what’s working.,🚀 Feeling More Motivated?,,,,,
419,8,💸 Saving Money,Reclaiming Your Resources,"Taking a break from weed isn’t just about what you’re not spending—it’s about rediscovering *what that money can create for you.* **Each dollar saved is a step toward something bigger.**  
 

 Here’s a thought, _CLIENTNAME_: **tie your savings to a goal.** Is it a trip you’ve always wanted to take? A project you’ve been putting off? Imagine how redirecting even a fraction of what you once spent could bring that closer. Track what you’re not spending during Clear30—watch as the small amounts grow into something meaningful.  
 

 Saving money isn’t just a financial win—it’s proof that you’re investing in a life that feels aligned with your priorities. Each choice to hold onto those dollars is a choice to build something lasting. 💸🌟",clear30,Break-Reason,Save Money,,"{""💸 Can You Help Me See What My Savings Can Build?"":""Hey Claire, taking a break from weed is saving me money, and I want to think about what those savings could create. Can you ask me questions to help me track what I’m not spending and explore how I might use that to invest in something meaningful?""}","[""What’s one **goal or experience** you could invest in with the money you’ve saved, and how does it reflect the *life you want to build*? ""]",,,mental_withdrawal,,Every dollar kept is a step toward something bigger—let’s track it.,💰 Seeing the Savings Stack Up?,,,,,
420,8,👥 Strengthening Relationships,Noticing the Quiet Wins,"Improving your relationships doesn’t happen all at once, _CLIENTNAME_. **Sometimes, the biggest shifts are subtle—easy to overlook in the moment.** But they’re there, laying the foundation for deeper, more meaningful connections.  
 

 Have you noticed moments where you listened more closely, or felt more present in a conversation? Maybe you’ve had fewer distractions when spending time with loved ones. These aren’t just small changes—they’re signs that you’re showing up in ways that matter.  
 

 Every little win—every time you’re present, focused, or open—adds up to stronger relationships. **Connection isn’t about dramatic change—it’s built in these quiet, intentional moments.** 🌟",clear30,Break-Reason,Improve Current Relationships,,"{""👥 Can You Help Me See Progress in My Relationships?"":""Hey Claire, I’ve been working on improving my relationships, but the changes feel subtle. Can you ask me questions to help me notice moments—like being more present or listening better—that show I’m building stronger connections?""}","[""What’s one **quiet shift** you’ve noticed in your relationships, and how does it show that you’re *building deeper connections*? ""]",,,mental_withdrawal,,Your break is reshaping how you connect—here’s what to look for.,👥 Friendships Feeling Different?,,,,,
421,8,🥳 Building Connections,Noticing the Subtle Wins,"Reducing loneliness and building connections doesn’t happen all at once. **Sometimes, the most meaningful shifts are quiet, almost invisible at first.**  
 

 *Have you found yourself reaching out more—sending a quick text or smiling at someone in passing?* Maybe you’re feeling a bit more present in conversations, _CLIENTNAME_, or less hesitant to engage with others. These small, seemingly simple moments are *proof* that connection is taking root.  
 

 Every small step—every interaction, every shared laugh—adds up. **Connection isn’t built in leaps; it’s grown in these everyday wins.** Keep noticing them—they’re your way forward. 🌟",clear30,Break-Reason,Enhance Social Connections,,"{""🥳 Can You Help Me Notice My Wins in Building Connections?"":""Hey Claire, I’ve been working on reducing loneliness and building connections, but the progress feels small. Can you ask me questions to help me reflect on moments—like reaching out or feeling more present—that show I’m making strides toward stronger relationships?""}","[""What’s one **small step** you’ve taken to connect with someone recently, and how does it remind you that *building relationships* happens moment by moment? ""]",,,mental_withdrawal,,Small social wins are happening—let’s check in on what’s changing.,🫂 Feeling More Connected?,,,,,
422,8,🧪 Passing Your Test,Noticing the Progress,"Preparing for a work-required drug test isn’t just about the result, _CLIENTNAME_—it’s about the changes happening along the way. **The shifts may feel small, but they’re setting you up for success beyond the test.**  
 

 *Have you noticed moments of clarity in your thinking?* Maybe your mornings feel a little fresher, or you’re finding more focus during the day. These small wins aren’t just proof that your body is adjusting—they’re reminders of how capable you are, _CLIENTNAME_, of creating change.  
 

 Each day you stay committed brings you closer to passing this milestone and opening the door to new opportunities. **The progress you’re making now is laying the groundwork for what’s next.** 🌟",clear30,Break-Reason,Pass Work-Required Drug Test,,"{""🧪 Can You Help Me See My Progress Toward Passing My Test?"":""Hey Claire, preparing for this test feels like a big step, but I want to notice the small wins along the way. Can you ask me questions to help me reflect on shifts—like clearer thinking or fresher mornings—that show I’m making progress?""}","[""What’s one **small change** you’ve noticed during your preparation, and how does it remind you that you’re *building momentum* toward your goal? ""]",,,mental_withdrawal,,Every day counts—here’s how to track your progress.,✅ Closer to Passing That Test?,,,,,
423,8,⚖️ Meeting Your Obligations,Noticing Growth Along the Way,"Fulfilling legal obligations like probation isn’t just about compliance—it’s about **rebuilding trust and proving what you’re capable of.** The process might feel slow, but small wins along the way show that you’re moving forward.
 

 *Have you noticed moments where you’ve felt more focused, _CLIENTNAME_, more in control of your actions?* Maybe you’ve been more consistent with routines or found clarity in your decisions. These aren’t just steps toward meeting your obligations—they’re steps toward reclaiming your independence.
 

 Every choice you make now isn’t just about today—it’s about shaping the version of yourself that’s ready for what’s ahead. **Each win, no matter how small, is progress toward your freedom.** 🌟",clear30,Break-Reason,Meet Legal Obligations,,"{""⚖️ Can You Help Me Notice My Growth While Meeting Obligations?"":""Hey Claire, fulfilling these obligations feels like a long process, but I want to reflect on the small wins that show I’m moving forward. Can you ask me questions to help me notice shifts—like better focus, consistency, or clarity—that prove I’m reclaiming my independence?""}","[""What’s one **win** you’ve noticed during this process, and how does it remind you that you’re *rebuilding trust and independence*? ""]",,,mental_withdrawal,,Every choice you make is shaping your future—let’s check in.,⚖️ Meeting Your Obligations?,,,,,
424,9,💡 Boredom - Fuel for Creativity,Turn Restlessness Into Inspiration,"Boredom isn’t a curse—it’s a spark, _CLIENTNAME_. Weed might’ve dulled that itch, but boredom is what drives us to *create, innovate,* and move forward.  
 

 Think of Thomas Edison—2,774 prototypes for the lightbulb. Do you think he would’ve stuck with it if he had a stash and a pack of rolling papers? Unlikely. Boredom pushed him to keep going.  
 

 Next time that restless feeling hits, don’t run from it. **Sit with it and ask, “What could I create right now?”** Maybe it’s a doodle, a brainstorm, or the start of something you didn’t know you had in you.  
 

 Boredom isn’t the enemy. It’s the beginning of your next big idea. ✨",clear30,,,"{""😴 Bored without weed"":""https://www.reddit.com/r/Petioles/comments/v7k1ae/bored_without_weed/"",""📝 21 Ways to Beat Boredom"":""https://www.nationaldaycalendar.com/lists/21-ways-to-beat-boredbome"",""🔧 Boredom is Your Greatest Tool"":""https://lewisflint.substack.com/p/boredom-is-your-greatest-tool"",""🗣️ Randy Marsh talk about marijuana"":""https://youtu.be/Jd4cASkBAp0?si=z4Lcu0NIfPyRV1rk"",""🎨 Extremely bored in the evening without weed"":""https://www.reddit.com/r/leaves/comments/ygi3nz/extremely_bored_in_the_evening_without_weed/"",""❓ Biggest trigger. What is boredom and why is it turned off with marijuana?"":""https://www.reddit.com/r/leaves/comments/tdkwie/biggest_trigger_what_is_boredom_and_why_is_it/"",""🤔 Why You Feel Bored in Life // How to Overcome Boredom and Live a more exciting life"":""https://www.youtube.com/watch?time_continue=1&v=i7rklh9Sxh8&embeds_referring_euri=https%3A%2F%2Fwww.google.com%2Fsearch%3Fq%3Dhow%2Bto%2Bbeat%2Bboredom%26oq%3Dhow%2Bto%2Bbeat+bboredom%mpsonid=UTF-8&source=Mjg6NjY""}","{""💡 Turning Boredom into Creative Sparks"":""Hey Claire, boredom hits hard without weed, but I want to see it as a spark instead of a struggle. Can you ask me questions to help me figure out how to turn this restlessness into something creative—like brainstorming, doodling, or starting something new?""}","[""What’s one time *boredom* led to a **surprising idea or action**, and how could you embrace that spark today?""]","{""Dealing with Boredom Meditation"":""https://m.clear30.org/boredom.mp3""}",,your_mindset,feeling-dull,Today’s check-in might surprise you—tap in & see for yourself.,🎨 What Can Your Brain Do?,,https://m.clear30.org/videos/9.mp4,,"[""https://m.clear30.org/carousels/9/1.png"",""https://m.clear30.org/carousels/9/2.png"",""https://m.clear30.org/carousels/9/3.png"",""https://m.clear30.org/carousels/9/4.png"",""https://m.clear30.org/carousels/9/5.png"",""https://m.clear30.org/carousels/9/6.png"",""https://m.clear30.org/carousels/9/7.png"",""https://m.clear30.org/carousels/9/8.png"",""https://m.clear30.org/carousels/9/9.png"",""https://m.clear30.org/carousels/9/10.png""]",
425,9,🎨 Creativity Without the Crutch,Boredom as Your Muse,"You used to reach for weed to spark creativity, right? But here’s the thing: **what if the boredom you’re feeling now isn’t an obstacle, but the gateway to your next idea?**  
 

 Instead of running from the restlessness, *lean into it.* Stare at a blank page or an empty canvas. Let the boredom sit there until it starts asking you questions: *“What if I tried this? What happens if I push this idea further?”* Creativity doesn’t come from the haze—it comes from the space boredom creates.  
 

 _CLIENTNAME_, the truth is, weed wasn’t the source of your creativity—it was a shortcut. Now, you get to find out what happens when you let the ideas rise on their own. What could you make today, with nothing but your thoughts and that spark of curiosity? 🌟",clear30,Trigger,Enhance creativity,,"{""🎨 Can You Help Me Find Creativity Without Weed?"":""Hey Claire, I used to rely on weed for creativity, but now I want to see what happens when I lean into boredom instead. Can you ask me questions to help me explore what I could create or imagine when I let ideas rise on their own?""}","[""What’s one **idea or project** that’s emerged from boredom recently, and how has leaning into the *restlessness* sparked your creativity? ""]",,,your_mindset,,Bored? Stuck? There’s a reason—and a way through. Tap in.,🎨 This Trick Unlocks Your Creativity,,,,,
426,9,🌎 Exploring Without Cannabis,What Fills the Space,"If your goal, _CLIENTNAME_, is to explore life without cannabis, think about what’s left behind: **the space boredom creates.** Instead of reframing it, let’s ask something different: *What deserves to fill that space?*  
 

 Here’s a shift for you, _CLIENTNAME_: **treat boredom as a mirror.** When it shows up, notice what it’s reflecting. Is it a call to try something meaningful? To rediscover something you set aside? Instead of filling the void quickly, take your time. *What does this moment really need—a skill, a connection, or just time to think?*  
 

 Exploration isn’t about avoiding the quiet moments—it’s about discovering what they reveal. **The space left behind isn’t empty—it’s waiting for you to choose how to fill it.** 🌟",clear30,Break-Reason,Explore Life Without Cannabis,,"{""🌟 Can You Help Me Explore What Fills the Space Without Cannabis?"":""Hey Claire, without cannabis, there’s this space that feels unfamiliar, and I want to figure out what deserves to fill it. Can you ask me questions to help me reflect on what this moment might need—like a skill, a connection, or just time to think?""}","[""What’s one **meaningful activity** or idea that has started to fill the space left by cannabis, and how does it reflect your *growth* during this journey? ""]",,,your_mindset,,"Without weed, there’s space—what you fill it with matters. Let’s explore.",🌱 This Shift Changes Everything,,,,,
427,9,🌫️ Seeing Through the Harm,What’s Left When the Smoke Clears,"If weed was harming more than helping, here’s a question: **what did it take from you—and how much of it was filled with boredom disguised as relief?** Weed might have dulled that restless itch, but it also stopped you from exploring what boredom could lead to.  
 

 Here’s a bold move, _CLIENTNAME_: *write weed a letter.* *“Dear weed, here’s what I thought you gave me. Here’s what you actually took. And here’s what I’m ready to create without you.”* Name the moments it filled with haze and imagine what those moments could become.  
 

 Boredom isn’t your enemy—it’s the space where real creativity and clarity grow. **Every time you let it in, you’re reclaiming what weed took and turning it into something meaningful.** 🌟",clear30,"Help-Harm
 Help-Harm",Somewhat harming more than helping,,"{""🌫️ Can You Help Me Reflect on What Weed Took and What’s Next?"":""Hey Claire, I’m starting to see how weed might have taken more than it gave, and I want to explore what I can create without it. Can you ask me questions to help me reflect on what I thought weed was helping with and what I’m ready to reclaim now that it’s gone?""}","[""What’s one **thing weed took from you**, and how can boredom become the *space* where you reclaim it? ""]",,,your_mindset,,It didn’t make you creative—it just paused the noise. See what happens next.,👀 The Truth About Weed & Creativity,,,,,
428,9,🌤️ Seeing Through the Harm,What’s Left When the Smoke Clears,"If weed was harming more than helping, _CLIENTNAME_, here’s a question: **what did it take from you—and how much of it was filled with boredom disguised as relief?** Weed might have dulled that restless itch, but it also stopped you from exploring what boredom could lead to.  
 

 Here’s a bold move: *write weed a letter.* *“Dear weed, here’s what I thought you gave me. Here’s what you actually took. And here’s what I’m ready to create without you.”* Name the moments it filled with haze and imagine what those moments could become.  
 

 Boredom isn’t your enemy—it’s the space where real creativity and clarity grow, _CLIENTNAME_. **Every time you let it in, you’re reclaiming what weed took and turning it into something meaningful.** 🌟",clear30,"Help-Harm
 Help-Harm",Mostly harming more than helping,,"{""🌫️ Can You Help Me Reflect on What Weed Took and What’s Next?"":""Hey Claire, I’m starting to see how weed might have taken more than it gave, and I want to explore what I can create without it. Can you ask me questions to help me reflect on what I thought weed was helping with and what I’m ready to reclaim now that it’s gone?""}","[""What’s one **thing weed took from you**, and how can boredom become the *space* where you reclaim it? ""]",,,your_mindset,,Your best ideas are waiting—you just need the right spark. Let’s find it.,💭 Feel Stuck? Try This,,,,,
429,9,🛠️ Productivity Without the Shortcut,Building Focus From Scratch,"What if productivity wasn’t about doing more, but about doing *with intention?* Without cannabis, the urge to escape the mundane is gone—but so is the haze that interrupted your focus. **Now, _CLIENTNAME_, the question is: How do you rebuild that focus for yourself?**  
 

 Start here: *Pick one task, any task, and make it a game.* Can you finish it faster than yesterday? Add a layer of fun—play music that matches the pace, or reward yourself with a break after. Notice how clarity shows up when your mind isn’t distracted by shortcuts.  
 

 Productivity isn’t about filling your day—it’s about creating moments of momentum. **With each clear choice, you’re proving that focus isn’t something you consume—it’s something you build.** 🌟",clear30,Break-Reason,Increase Productivity,"{""Reddit Link"":"""",""Reddit Title"":""👽 "",""Website Link"":"""",""YouTube Link"":"""",""Website Title"":""🌐 "",""YouTube Title"":""📹 ""}","{""🎯 Can You Help Me Rebuild Focus Without Cannabis?"":""Hey Claire, I’m realizing that productivity without cannabis feels different, and I want to learn how to rebuild my focus intentionally. Can you ask me questions to help me pick one task to start with and find ways to make it engaging while staying clear and present?""}","[""What’s one **task** you’ve approached with clarity during this break, and how has rebuilding your focus made it feel more *intentional*? ""]",,,your_mindset,,"Small shifts, big impact—here’s how to rebuild your momentum.",💼 Your Focus is Already Coming Back,,,,,
430,9,✨ Reducing Loneliness,Start With the Smallest Spark,"What if, _CLIENTNAME_, loneliness wasn’t about the absence of people, but the absence of curiosity? **What if connection starts not with a crowd, but with one spark of interest?**  
 

 Here’s the move: *pick something that lights you up—a hobby, a question, or even a memory—and let it guide you outward.* Take that curiosity into the world. Maybe it’s joining a local group, starting a conversation with a stranger, or even just noticing how others connect around you.  
 

 Loneliness doesn’t disappear in one big moment—it fades as you lean into these tiny sparks. **Each one pulls you closer to others, closer to connection, and closer to feeling part of something bigger.** 🌟",clear30,Break-Reason,Enhance Social Connections,,"{""🌟 Can You Help Me Take a Step Toward Connection?"":""Hey Claire, loneliness feels tough, but I want to explore how curiosity can help me connect with others. Can you ask me questions to help me find one spark—like a hobby or an idea—that I can use to start building relationships?""}","[""What’s one **spark of curiosity** you could follow to connect with others, and how might it bring you closer to *belonging*? ""]",,,your_mindset,,Connection doesn’t happen by accident—here’s how to start today.,🫂 The Fastest Way to Feel Less Alone,,,,,
431,10,⏳ Choosing the Long Game,"Quiet Choices, Lasting Change","Temptation is loud, _CLIENTNAME_, promising quick relief. But real growth comes from **steady choices** that align with your future.
 

 When cravings hit, **pause and ask:**  
 - *What do I want right now versus what I want long-term?*  
 - *How will this choice shape who I’m becoming?*  
 

 Visualize your future self—focused, strong, and in control. Every time you resist, you’re building that version of you.
 

 Redirect the urge: take a walk, reach out to someone supportive, or revisit your “why.” Each choice is proof you’re in it for the long game. 💪🌟",clear30,,,"{""🔍 Become a long-term thinker"":""https://www.youtube.com/watch?v=x0izoGt9BK8"",""🎯 How to focus on long term rewards"":""https://www.reddit.com/r/PsychologicalTricks/comments/ej0ldy/pt_how_do_i_focus_on_long_term_rewards_rather/"",""🧠 Struggling with delaying gratification"":""https://www.reddit.com/r/productivity/comments/nvd4u0/tips_for_those_who_suck_at_delaying_gratification/"",""🔮 Needing Clarity? Visualize your Future Self"":""https://www.rowenamabbott.com/blog/future-self"",""🌱 Choose Long-Term Growth Over Short-Term Pleasure"":""https://medium.com/thrive-global/choose-long-term-growth-over-short-term-pleasure-930ea2141ac6/"",""💡 The power of long term thinking and how to get it"":""https://www.reddit.com/r/getdisciplined/comments/d2qkbf/advice_your_lack_of_consistency_comes_from_your/"",""🔑 Delaying gratification is the key to a happy life"":""https://www.reddit.com/r/getdisciplined/comments/gs12al/advice_master_delayed_gratification_is_the_secret/""}",,"[""What’s one *quiet choice* you’ve made recently that aligns with your long-term goals, and how does it reflect the person you’re becoming?""]","{""Long-Term Success Meditation"":""https://m.clear30.org/shortlongterm.mp3""}",,your_mindset,short-term-long-term-path-less-traveled,Pause. Think long-term. We’ll show you how to stay on track.,⚡Temptation is Loud—But You Know Better,,https://m.clear30.org/videos/10.mp4,,"[""https://m.clear30.org/carousels/10/1.png"",""https://m.clear30.org/carousels/10/2.png"",""https://m.clear30.org/carousels/10/3.png"",""https://m.clear30.org/carousels/10/4.png"",""https://m.clear30.org/carousels/10/5.png"",""https://m.clear30.org/carousels/10/6.png"",""https://m.clear30.org/carousels/10/7.png""]",
432,10,🧭 Learning the Long Game,Mastering the Impulse,"At under 25, managing short-term impulses can feel like a constant challenge. **But every time you pause and choose differently, you’re reinforcing the person you’re becoming.**  
 

 Next time a craving hits, *ask yourself: Will this moment bring me closer to the life I want, or pull me away?* Each decision builds mental strength, training your mind to think beyond the immediate and focus on what truly matters, _CLIENTNAME_.  
 

 Your future isn’t built in leaps—it’s created in these quiet, intentional moments. Each choice adds up, shaping a foundation that lasts. 🌟",clear30,LO-Age,18-20,,"{""🧠 Can You Help Me Master My Impulses?"":""Hey Claire, I’m working on managing short-term impulses, and I want to focus on the bigger picture. Can you ask me questions to help me pause and reflect on how my choices—big or small—are shaping the future I want?""}","[""What’s one **impulse** you’ve mastered recently, and how did choosing differently bring you closer to the *life you want*? ""]",,,your_mindset,,Each small decision is reshaping your habits. See it in action.,🎯 Your Brain is Rewiring—Here’s How,,,,,
433,10,🌱 Learning the Long Game,Mastering the Impulse,"At under 25, managing short-term impulses can feel like a constant challenge, _CLIENTNAME_. **But every time you pause and choose differently, you’re reinforcing the person you’re becoming.**  
 

 Next time a craving hits, *ask yourself: Will this moment bring me closer to the life I want, or pull me away?* Each decision builds mental strength, training your mind to think beyond the immediate and focus on what truly matters.  
 

 Your future isn’t built in leaps—it’s created in these quiet, intentional moments. Each choice adds up, shaping a foundation that lasts. 🌟",clear30,LO-Age,21-25,,"{""🧠 Can You Help Me Master My Impulses?"":""Hey Claire, I’m working on managing short-term impulses, and I want to focus on the bigger picture. Can you ask me questions to help me pause and reflect on how my choices—big or small—are shaping the future I want?""}","[""What’s one **impulse** you’ve mastered recently, and how did choosing differently bring you closer to the *life you want*? ""]",,,your_mindset,,Cravings don’t control you—you do. Let’s break it down.,"🧠 Master the Urge, Master Yourself",,,,,
434,10,🗝️ Learning the Long Game,Choosing Freedom Over Old Habits,"If weed was harming more than helping, this break is your chance to step back and reflect. **When cravings hit, ask yourself: *Was weed truly helping, or was it creating more challenges in the long run?*** That pause is where real change begins.
 

 Each time you *pause before giving in,* _CLIENTNAME_, you’re teaching your brain something powerful: **you don’t need the quick fix.** You can handle discomfort. You can choose differently. These small, deliberate moments are rewiring the patterns that once held you back.
 

 **Progress builds in these choices—each one a step closer to control and clarity.** 🌟",clear30,Help-Harm,Somewhat harming more than helping,,"{""🎯 Can You Help Me Choose Freedom Over Old Habits?"":""Hey Claire, cravings make it hard to step back, but I want to reflect on whether weed was really helping or just adding challenges. Can you ask me questions to help me pause and choose differently in those moments, so I can build more control and clarity?""}","[""What’s one **moment** during this break where you chose freedom over an old habit, and how did it bring you closer to *control and clarity*? ""]",,,your_mindset,,One simple shift can make all the difference. Tap in.,🚀 Want More Control? Try This,,,,,
435,10,🛤️ Learning the Long Game,Choosing Freedom Over Old Habits,"If weed was harming more than helping, _CLIENTNAME_, this break is your chance to step back and reflect. **When cravings hit, ask yourself: *Was weed truly helping, or was it creating more challenges in the long run?*** That pause is where real change begins.  
 

 Each time you *pause before giving in,* you’re teaching your brain something powerful: **you don’t need the quick fix.** You can handle discomfort. You can choose differently. These small, deliberate moments are rewiring the patterns that once held you back.  
 

 **Progress builds in these choices—each one a step closer to control and clarity.** 🌟",clear30,Help-Harm,Mostly harming more than helping,,"{""🎯 Can You Help Me Choose Freedom Over Old Habits?"":""Hey Claire, cravings make it hard to step back, but I want to reflect on whether weed was really helping or just adding challenges. Can you ask me questions to help me pause and choose differently in those moments, so I can build more control and clarity?""}","[""What’s one **moment** during this break where you chose freedom over an old habit, and how did it bring you closer to *control and clarity*? ""]",,,your_mindset,,Every craving is a choice. Here’s how to choose you.,⏳ This Decision Shapes Your Future,,,,,
436,11,🧘 Cannabis and Your Mental Health,"Stepping Back, Seeing Clearly","Today’s cannabis, **4–20 times stronger** than it was a generation ago, carries real risks: psychosis, anxiety, indecision. These aren’t guaranteed, but with regular use and stronger strains, the impact on mental health becomes harder to ignore.  
 

 Clear30 is your pause button. It’s a chance for you, _CLIENTNAME_, to reflect: *How has cannabis shaped my mind, mood, and clarity?* This isn’t just a break—it’s a reset. Every step you take clears the path for a sharper, steadier you.",clear30,,,"{""🚭 Graham Hancock Quits Marijuana"":""https://www.youtube.com/watch?v=8ZplWWVUyH8&"",""🤔 Does cannabis cause mental illness?"":""https://www.unsw.edu.au/research/ndarc/news-events/blogs/2016/02/does-cannabis-cause-mental-illness-"",""⚖️ Is Cannabis Good or Bad for Mental Health?"":""https://blogs.scientificamerican.com/observations/is-cannabis-good-or-bad-for-mental-health/"",""🧬 Neuroscientist Explains how weed effects your brain"":""https://www.youtube.com/watch?v=bMvOqntD0Yg"",""👶 Cannabis and mental health for children and young people"":""https://www.rcpsych.ac.uk/mental-health/parents-and-young-people/young-people/cannabis-and-mental-health-information-for-young-people"",""🧠 Does weed cause brain damage in the long run? Can it be reversed?"":""https://www.reddit.com/r/leaves/comments/ukcbnh/does_weed_cause_brain_damage_in_the_long_run_can/""}","{""🍃 Reflecting on Cannabis and My Mental Health"":""Hey Claire, I want to use this break to think about how cannabis has shaped my mind and mood. Can you ask me questions to help me reflect on changes I’ve noticed—like clarity, anxiety, or decision-making—and what this reset is revealing about my mental health?""}","[""How do you think taking this break has started to impact your *mind* or *mood* so far, and what changes are you most curious to see next?""]",,,your_mindset,mental-health-potency-problems-the-weed-youve-been-smoking-biological-response-brain,Let’s take a closer look at what’s changing. Tap in.,🔄 This Break is Resetting More Than You Think,,https://m.clear30.org/videos/11.mp4,,"[""https://m.clear30.org/carousels/11/1.png"",""https://m.clear30.org/carousels/11/2.png"",""https://m.clear30.org/carousels/11/3.png"",""https://m.clear30.org/carousels/11/4.png"",""https://m.clear30.org/carousels/11/5.png"",""https://m.clear30.org/carousels/11/6.png"",""https://m.clear30.org/carousels/11/7.png"",""https://m.clear30.org/carousels/11/8.png"",""https://m.clear30.org/carousels/11/9.png""]",
437,11,⚖️ Heavy Use and Mental Health,Protecting Your Clarity,"Smoking 6–7 times a day, _CLIENTNAME_, puts your brain under strain. **Heavy use increases the risks of psychosis, anxiety, and paranoia.** Cannabis overstimulates areas like the amygdala, heightening negative emotions and clouding your mental clarity.  
 

 Clear30 is your chance to let your brain heal. *Each day without cannabis, those overstimulated pathways begin to reset.* You’re reducing these risks, rebuilding focus, and giving yourself space to feel sharper and more in control.  
 

 **This isn’t just a break—it’s your opportunity to protect your mind and reclaim your clarity.** 🌟",clear30,Days-Using,6-7 days a week,,"{""🧠 Can You Help Me Understand How Heavy Use Affected My Mental Health?"":""Hey Claire, I’ve been reflecting on how heavy cannabis use might have impacted my mental clarity and emotions. Can you ask me questions to help me notice any changes—like sharper focus or reduced anxiety—during this break, and guide me toward understanding how my brain is healing?""}","[""What’s one **positive change** you’ve noticed in your mental clarity during this break, and how does it remind you of the *healing process*? ""]",,,your_mindset,,Daily use changes how your brain works—here’s what you might not realize.,🧐 Is Weed Clouding Your Mind?,,,,,
438,11,🧠 The Power of Your Choices,Giving Your Brain a Break,"At 18–20, your brain is still developing, shaping your focus, confidence, and decision-making. Taking a break now gives it the space to grow stronger.
 

 Heavy cannabis use can impact areas like the **prefrontal cortex** and increase risks of **anxiety or depression**. By stepping back, _CLIENTNAME_, you’re boosting mental clarity, improving motivation, and building long-term resilience.
 

 This isn’t just a pause—it’s an investment in the person you’re becoming. Every day without weed is a step toward clearer thinking and a stronger foundation for your future. 🌟",clear30,LO-Age,18-20,,"{""🧠 Can You Help Me Reflect on How This Break Supports My Brain?"":""Hey Claire, I know my brain is still developing, and I want to think about how this break is helping it grow stronger. Can you ask me questions to help me notice changes—like clearer thinking or better motivation—and connect them to the future I’m building?""}","[""What’s one **way** this break has helped your mind feel clearer or stronger, and how does it inspire you to invest in your *future self*? ""]",,,your_mindset,,"At this age, every choice shapes your future—see why this one matters.",💡 Your Brain is Still Developing,,,,,
439,11,🔒 Heavy Use and Mental Health,"Your Brain, Your Future","At 21–25, _CLIENTNAME_, your brain is still refining its most critical functions—focus, decision-making, and emotional regulation. **Smoking heavily during this phase can overstimulate key areas like the amygdala, increasing risks of anxiety, paranoia, and mental fog.**  
 

 Clear30 gives your brain the pause it needs to reset and grow stronger. *Each day off cannabis allows those overstimulated pathways to heal,* helping you rebuild clarity and sharpen your focus.  
 

 This isn’t just about now—it’s about setting yourself up for a future with a clear mind and full control. 🌟",clear30,LO-Age,21-25,,"{""🧠 Can You Help Me Understand How This Break Supports My Brain?"":""Hey Claire, I know heavy cannabis use might have affected my focus and emotions, and I want to reflect on how this break is helping my brain reset. Can you ask me questions to help me notice small changes—like clearer thinking or reduced stress—and connect them to the future I’m building?""}","[""What’s one **shift** you’ve noticed in your focus or emotions during this break, and how does it remind you that you’re building a *stronger future*? ""]",,,your_mindset,,The effects go deeper than you think—here’s what’s happening under the surface.,⚡ What Heavy Use Does to Your Brain,,,,,
440,11,🚪 Reducing Dependency,Taking Back Control,"Using cannabis every day can feel like a cycle that’s hard to break. Maybe it started as a way to manage stress or relax, but over time it’s become something harder to put down. **You’re here because you’re ready to change that.**  
 

 Clear30 is your chance, _CLIENTNAME_, to step back and see what life feels like without weed in control. As your brain recalibrates, those cravings start to fade, and you’ll notice how much easier it gets to handle stress, focus, and feel clear without relying on cannabis.  
 

 Every day you take this break, you’re proving to yourself that you don’t need the habit to feel steady or in control. **You’re choosing something bigger—and that choice is yours alone.** 🌟",clear30,Break-Reason,Reduce Dependency on Cannabis,,"{""💪 Can You Help Me Reflect on Taking Back Control?"":""Hey Claire, daily cannabis use became a cycle for me, and I’m using this break to step back. Can you ask me questions to help me notice how my cravings are changing and how I’m starting to handle stress or focus without relying on weed?""}","[""What’s one **moment** during this break where you felt more in control, and how does it show you’re *breaking free* from the cycle? ""]",,,your_mindset,,"When it becomes automatic, something shifts—see what that means for you.",🔄 Does Weed Still Feel Like a Choice?,,,,,
441,11,🍃 Potency and Anxiety,Reflecting on What You Notice,"High-potency weed, _CLIENTNAME_, with THC levels reaching **15–80%,** can feel like it’s easing anxiety in the moment, but it often overstimulates your brain, leaving lingering stress and unease.  
 

 Now that you’ve stepped back, take a moment to reflect:  
 - *How does your anxiety feel without weed in the mix?*  
 - *Thinking back, did stronger weed truly calm you, or did it amplify your anxiety later?*  
 

 This break is a chance to observe how your mind and body respond without the intensity of high-THC cannabis. By stepping away, you’re giving yourself clarity to see what helps you find real, lasting calm. 🌟",clear30,Break-Reason,Reduce Anxiety,,"{""🌿 Can You Help Me Reflect on Anxiety Without Weed?"":""Hey Claire, stepping back from high-potency weed has me thinking about how it affected my anxiety. Can you ask me questions to help me notice any changes—like feeling calmer or less stressed—and reflect on whether weed really helped or amplified my anxiety over time?""}","[""What’s one **shift** you’ve noticed in your anxiety during this break, and how does it change the way you view high-potency cannabis? ""]",,,your_mindset,,Stronger weed can increase stress—why does it feel like the opposite?,🌱 The THC-Anxiety Link,,,,,
442,11,☁️ Potency and Depression,Seeing Through the Haze,"High-potency weed might feel like a lifeline during low moments, but it often works against you. **The stronger the THC, the more it numbs your brain’s reward system,** trapping you in a cycle of fleeting highs and deeper emotional lows.  
 

 Without it, *notice what’s shifting.* Maybe it’s a small moment of clarity or feeling a little more present, _CLIENTNAME_. Take time to reflect: *How does your mood feel now compared to when you were using?*  
 

 This break isn’t just about stopping—it’s about **giving your brain a chance to heal.** By stepping away, you’re starting to rebuild your ability to feel real, lasting joy—not just the quick, artificial highs. *Keep leaning into that clarity—it’s where true growth begins.* 🌟",clear30,Break-Reason,Reduce Depression,,"{""🌿 Can You Help Me Reflect on How Weed Affected My Mood?"":""Hey Claire, I’m stepping back from high-potency weed and want to explore how it shaped my emotions. Can you ask me questions to help me notice changes—like moments of clarity or lighter moods—and reflect on whether weed was helping or deepening the lows?""}","[""What’s one **change** you’ve noticed in your mood during this break, and how does it show your brain is *rebuilding its ability to feel lasting joy*? ""]",,,your_mindset,,"High THC can numb emotions, but what happens when it wears off?",🌤 Can Weed Keep You Stuck?,,,,,
443,11,🔍 Clarity and Potency,What’s Changing Without Weed,"If mental clarity is your goal, _CLIENTNAME_, think about how high-potency weed might have shaped your experience. With strains being **so much stronger** than before, it’s not just the high that’s amplified—it’s the subtle after-effects that linger.  
 

 *Did you find yourself needing extra time to gather your thoughts? Did focus feel harder to maintain, even after the high was gone?* These aren’t small impacts—they’re signs of how high-potency cannabis can weigh on mental clarity.  
 

 Now, during this break, notice the shifts. *Are decisions feeling smoother? Is focus coming more naturally?* These moments of sharpness are your brain recalibrating, finding its rhythm without the strain of stronger weed. This isn’t just about stepping back—it’s about stepping into a clearer, more focused version of yourself. 🌟",clear30,Break-Reason,Gain Mental Clarity,,"{""🧠 Can You Help Me Notice Changes in My Clarity Without Weed?"":""Hey Claire, I’ve been stepping back from high-potency cannabis and want to reflect on how it affected my focus and clarity. Can you ask me questions to help me notice shifts—like smoother decision-making or sharper thinking—that show my brain is recalibrating?""}","[""What’s one **moment of clarity** you’ve noticed during this break, and how does it show your mind is *recalibrating without high-potency weed*? ""]",,,your_mindset,,"If you’ve ever felt foggy after smoking, there’s a reason—let’s dig in.",💡 Was Weed Making You Sharper?,,,,,
444,11,💭 Breaking Free from Overthinking,Seeing Weed’s Role in the Noise,"If your goal is to feel less stuck in your head, consider how the strength of today’s cannabis might have shaped your thought patterns. With weed becoming increasingly potent, *what starts as quiet reflection can quickly spiral into overthinking.* Instead of calming the noise, it often magnifies it—making your mind work harder to untangle itself.  
 

 Now, during this break, _CLIENTNAME_, notice what’s shifting. *Are your thoughts starting to feel lighter, less tangled? Are you catching moments of mental quiet that didn’t come as easily before?* These are signs your brain is finding balance, free from the overstimulation stronger cannabis can create.  
 

 This isn’t just a break—it’s an opportunity to explore what your mind feels like when it isn’t being pulled into the loops that potency can amplify. **You’re not just stepping away—you’re stepping into mental clarity that feels steady and real.** 🌟",clear30,Break-Reason,Reduce Being Stuck in Own Head,,"{""🧠 Can You Help Me Reflect on How Weed Affected My Overthinking?"":""Hey Claire, I’ve been noticing changes in my thought patterns since stepping back from cannabis, and I want to explore how it shaped my overthinking. Can you ask me questions to help me notice moments of mental quiet or clarity that are emerging during this break?""}","[""What’s one **moment of mental quiet** you’ve experienced during this break, and how does it show you’re *breaking free from overthinking*? ""]",,,your_mindset,,Overthinking feels like deep thinking—but there’s a big difference.,🔄 Was Weed Helping or Hurting?,,,,,
445,12,💬 Navigating Friendships,"Strengthening Connections, Supporting Growth","Taking a break from weed, _CLIENTNAME_, can feel tricky when it’s tied to your social life, but it’s also a chance to see which friendships truly **support your growth.**  
 

 Be upfront: *“I’m taking a break—thanks for understanding.”* True friends won’t push. If someone does, a clear, **“No thanks, I’m sticking to my break,”** is enough.  
 

 Explore new ways to connect—**hikes, movies, or meals** that don’t revolve around smoking. These moments can deepen relationships and show who’s truly in your corner.  
 

 This isn’t about losing friendships—it’s about building connections that align with the person you’re becoming. 🌟",clear30,,,"{""🚬 Quitting while all your friends smoke"":"""",""🌿 Don't throw your “weed friends” away !"":"""",""🤔 My Friends Smoke Weed, But I QUIT smoking (now what??)"":""https://youtu.be/z0zOpVcGZHw?si=H3L964GB4LAZOQBi"",""🚭 Dealing with being the only one in a friend group who doesn't smoke"":""""}","{""💬 Navigating Friendships During My Break"":""Hey Claire, taking a break from weed is making me reflect on my friendships, and I want to strengthen the ones that support my growth. Can you ask me questions to help me handle conversations about my break and find new ways to connect that don’t involve smoking?""}","[""How have your friendships been influenced by your break, and which connections feel the most **supportive** of the person you’re becoming?""]","{""Social Support Meditation"":""https://m.clear30.org/friends.mp3""}",,your_mindset,friends,Let’s talk about what that means for your friendships.,👀 Clear30 can change things,,https://m.clear30.org/videos/12.mp4,,"[""https://m.clear30.org/carousels/12/1.png"",""https://m.clear30.org/carousels/12/2.png"",""https://m.clear30.org/carousels/12/3.png"",""https://m.clear30.org/carousels/12/4.png"",""https://m.clear30.org/carousels/12/5.png"",""https://m.clear30.org/carousels/12/6.png"",""https://m.clear30.org/carousels/12/7.png"",""https://m.clear30.org/carousels/12/8.png"",""https://m.clear30.org/carousels/12/9.png"",""https://m.clear30.org/carousels/12/10.png"",""https://m.clear30.org/carousels/12/11.png""]",
446,12,💬 Friends and Habits,Redefining How You Connect,"When smoking is part of your daily life, _CLIENTNAME_, it can shape how you relate to your friends. This break isn’t just about stepping back from weed—it’s a chance to see how those relationships feel without it.
 

 Ask yourself, _CLIENTNAME_: *How do these connections hold up when weed isn’t involved?* Are your conversations meaningful? Do you still enjoy their company, or does it feel tied to smoking? These reflections can show you which relationships truly align with your goals.
 

 Try something new—show up for your friendships in a way that doesn’t center around smoking. It’s not about pulling away—it’s about reconnecting on deeper, healthier terms. 🌟",clear30,Days-Using,6-7 days a week,,"{""💬 Can You Help Me Redefine My Friendships Without Smoking?"":""Hey Claire, I’m taking a break from weed and want to explore how it’s affecting my friendships. Can you ask me questions to help me reflect on which connections feel meaningful without smoking and guide me toward ways to deepen those relationships?""}","[""What’s one **way** you’ve connected with friends without smoking, and how has it helped you see the *strength* of those relationships? ""]",,,your_mindset,,This break is revealing a lot—see what’s shifting in your connections.,👀 Do Your Friendships Feel Different?,,,,,
447,12,👥 Social Time in Your 30s,Redefining Connection,"In your 30s, social time feels different—it’s no longer endless, and what you share with others matters more. This break is a chance to focus on connection that feels intentional. Instead of falling into old patterns, _CLIENTNAME_, try framing your time differently: *“Let’s do something we’ll actually remember.”* Whether it’s cooking together or diving into a long-overdue conversation, these moments can remind you why connection matters.
 

 This isn’t just about spending time—it’s about making it meaningful. 🌟",clear30,LO-Age,31-40,,"{""🎉 Can You Help Me Make My Social Time More Meaningful?"":""Hey Claire, I’m realizing that social time in my 30s feels more important, and I want to focus on making those moments intentional. Can you ask me questions to help me reframe my time with friends—like suggesting activities or starting deeper conversations that leave an impact?""}","[""What’s one **intentional way** you’ve spent time with others recently, and how did it make your connection feel more *meaningful*? ""]",,,your_mindset,,"Less autopilot, more intention—see how this break is reshaping your social life.",🔄 Rethinking How You Spend Time?,,,,,
448,12,🌱 Friendship Beyond the Routine,Building Deeper Connections,"By 41, _CLIENTNAME_, friendships often fall into routines—catch-ups over drinks or familiar group dynamics. If weed has been part of those patterns, this break is a chance to see those connections differently. *What happens when the haze is gone?*  
 

 Think about the friendships that have grown stronger over the years. Were they built on shared habits, or on trust, honesty, and real moments of connection? Use this time to lean into those bonds. A thoughtful check-in or saying, *“I’d love to connect outside of what we usually do,”* can open up new ways to spend time together.  
 

 Friendships in your 40s aren’t about the habits—they’re about the depth. Take this break as an opportunity to build something more meaningful. 🌟",clear30,LO-Age,41-50,,"{""🌱 Can You Help Me Deepen My Friendships Without Weed?"":""Hey Claire, I’ve realized some of my friendships have been tied to routines, and I want to explore how to connect on a deeper level. Can you ask me questions to help me reflect on which relationships feel meaningful and guide me toward ways to build stronger connections during this break?""}","[""What’s one **friendship** you’d like to deepen during this break, and how can connecting in a new way strengthen your *bond*? ""]",,,your_mindset,,Some friendships are built on habits—this break helps you see which ones run deeper.,💡 Are Your Friendships Built to Last?,,,,,
449,13,☀️ The Quiet Power of Positivity,"Building Joy, One Moment at a Time","This journey isn’t just about stepping away—it’s about what you’re creating in its place. Positivity might seem simple, but it’s one of your most powerful tools.  
 

 Here’s the incredible part: **gratitude rewires your brain.** Every time _CLIENTNAME_ focuses on a small win—a craving resisted, a laugh shared, or a quiet moment—you’re teaching your mind to find joy without shortcuts. Weed may have given instant dopamine, but these intentional moments build a deeper, lasting happiness.  
 

 When things feel heavy, pause and ask: *What’s one good thing about today?* A kind word, a sunny sky, or even the act of showing up—these small moments prove you’re moving forward.  
 

 Each step, no matter how small, is shaping something meaningful. Keep going—you’re building something real. ✨",clear30,,,"{""⚡ The Power of Positive Thinking"":""https://youtu.be/M2tgKZLRq3s?si=SW4odfh67HsXKqrN"",""🌟 How to have a positive mindset"":""https://www.reddit.com/r/IWantToLearn/comments/o708e4/iwtl_how_to_have_a_more_positive_mindset/"",""💪 Positive thinking for self improvement"":""https://www.reddit.com/r/selfimprovement/comments/bj2qo4/can_small_positive_habits_and_positive_thinking/"",""😊 How To Start Thinking Only Positive Thoughts"":""https://www.reddit.com/r/selfhelp/comments/elya94/how_to_start_thinking_only_positive_thoughts/"",""🔍 Enhance your life with applied positive psychology"":""https://lpsonline.sas.upenn.edu/features/enhance-your-life-applied-positive-psychology""}","{""🔍 Finding the Positives in My Journey"":""Hey Claire, I want to use positivity as a tool during this break, but it’s not always easy to see the wins. Can you ask me questions to help me reflect on small moments—like a craving resisted or a kind interaction—that show I’m moving forward?""}","[""What’s one *small win* or moment of joy you’ve noticed today, and how does it remind you of the **positivity** you’re creating in this journey?""]","{""Positive Focus Meditation"":""https://m.clear30.org/positivity.mp3""}",,your_mindset,positivity,We’ll show you how to use it to feel better today.,💛 Gratitude is Changing Your Brain,,https://m.clear30.org/videos/13.mp4,,"[""https://m.clear30.org/carousels/13/1.png"",""https://m.clear30.org/carousels/13/2.png"",""https://m.clear30.org/carousels/13/3.png"",""https://m.clear30.org/carousels/13/4.png"",""https://m.clear30.org/carousels/13/5.png"",""https://m.clear30.org/carousels/13/6.png"",""https://m.clear30.org/carousels/13/7.png"",""https://m.clear30.org/carousels/13/8.png""]",
450,13,🌈 Positivity and Your Break,Finding Joy Beyond Weed,"Weed may have felt like it gave you calm, creativity, or a sense of connection, _CLIENTNAME_. Those moments weren’t meaningless—they mattered. But this break gives you the chance to ask: *Was it really the weed, or was it already in you all along?*  
 

 Notice what’s unfolding now. *Do you feel more present, more clear, even in small moments?* Maybe it’s pride after a craving passed or a laugh that feels unforced. These aren’t replacements—they’re reminders of what’s possible without relying on the haze.  
 

 This break isn’t about rejecting what weed brought you—it’s about discovering what’s been yours all along. Keep going—you’re creating something stronger, moment by moment. ✨",clear30,Help-Harm,Mostly helping more than harming,,"{""💛 Can You Help Me See What Joy Looks Like Without Weed?"":""Hey Claire, I’m starting to notice small moments of joy during this break, and I want to reflect on what’s unfolding. Can you ask me questions to help me explore how I’m feeling—like being more present or proud of myself—and connect those moments to what’s been within me all along?""}","[""What’s one **moment of joy or clarity** you’ve experienced during this break, and how does it remind you that those feelings were *always within you*? ""]",,,your_mindset,,Weed didn’t create those moments—it just masked them. Let’s dig in.,✨ What If the Joy Was Already in You?,,,,,
451,13,🌟 Positivity and Your Break,Finding Joy Beyond Weed,"Weed may have felt like it gave you calm, creativity, or a sense of connection. Those moments weren’t meaningless—they mattered. But this break gives you the chance to ask: *Was it really the weed, or was it already in you all along?*  
 

 Notice what’s unfolding now. _CLIENTNAME_, *do you feel more present, more clear, even in small moments?* Maybe it’s pride after a craving passed or a laugh that feels unforced. These aren’t replacements—they’re reminders of what’s possible without relying on the haze.
 

 This break isn’t about rejecting what weed brought you—it’s about discovering what’s been yours all along. Keep going—you’re creating something stronger, moment by moment. ✨",clear30,Help-Harm,Somewhat helping more than harming,,"{""💛 Can You Help Me See What Joy Looks Like Without Weed?"":""Hey Claire, I’m starting to notice small moments of joy during this break, and I want to reflect on what’s unfolding. Can you ask me questions to help me explore how I’m feeling—like being more present or proud of myself—and connect those moments to what’s been within me all along?""}","[""What’s one **moment of joy or clarity** you’ve experienced during this break, and how does it remind you that those feelings were *always within you*? ""]",,,your_mindset,,Or was it already in you? Let’s explore what’s unfolding now.,💡 Did Weed Really Bring the Joy?,,,,,
452,13,✨ Positivity and Your Break,Rebuilding Joy,"If weed was holding you back—fogging your mind or adding to your struggles—_CLIENTNAME_, this break is your chance to see how positivity can help you rebuild. *What happens when you start finding joy in the small moments again?*  
 

 **Gratitude rewires your brain.** Each time you focus on a small win—a craving resisted, a quiet moment of calm, or even a clearer thought—you’re teaching your mind to find joy without the shortcuts weed once offered.  
 

 Pause and notice: *What’s one good thing about today?* A deep breath, a brighter moment of clarity—these are the signs you’re moving forward. Each moment of positivity is a step toward lasting, unfiltered happiness. ✨",clear30,Help-Harm,Somewhat harming more than helping,,"{""🧘‍♀️ Can You Help Me Rebuild Joy Without Weed?"":""Hey Claire, I’m working on finding joy in the small moments during this break, and I want to focus on the positives. Can you ask me questions to help me reflect on wins—like calmer thoughts or moments of clarity—and guide me toward noticing the good things in each day?""}","[""What’s one **small moment of joy** you’ve noticed today, and how does it remind you that *positivity* is rebuilding your happiness? ""]",,,your_mindset,,Your brain is rewiring—see how small wins are stacking up.,🌟 Noticing Positivity Without Weed?,,,,,
453,13,🌞 Positivity and Your Break,Rebuilding Joy,"If weed was holding you back—fogging your mind or adding to your struggles—this break is your chance to see how positivity can help you rebuild. *What happens when you start finding joy in the small moments again?*  
 

 **Gratitude rewires your brain, _CLIENTNAME_.** Each time you focus on a small win—a craving resisted, a quiet moment of calm, or even a clearer thought—you’re teaching your mind to find joy without the shortcuts weed once offered.  
 

 Pause and notice: *What’s one good thing about today?* A deep breath, a brighter moment of clarity—these are the signs you’re moving forward. Each moment of positivity is a step toward lasting, unfiltered happiness. ✨",clear30,Help-Harm,Mostly harming more than helping,,"{""🧘‍♀️ Can You Help Me Rebuild Joy Without Weed?"":""Hey Claire, I’m working on finding joy in the small moments during this break, and I want to focus on the positives. Can you ask me questions to help me reflect on wins—like calmer thoughts or moments of clarity—and guide me toward noticing the good things in each day?""}","[""What’s one **small moment of joy** you’ve noticed today, and how does it remind you that *positivity* is rebuilding your happiness? ""]",,,your_mindset,,This break is revealing what’s been yours all along. Let’s check in.,💛 What’s Changing Without the Haze?,,,,,
454,13,🎉 Positivity and Small Wins,Building Commitment Along the Way,"You might have started Clear30, _CLIENTNAME_, unsure of how committed you were—and that’s okay. Commitment doesn’t happen all at once. It’s **built through action, one small win at a time.**  
 

 Here’s the powerful part: **positivity helps solidify that commitment.** Every craving resisted, every mindful moment, every step you’ve taken so far is proof that you’re capable of showing up. Weed might have given quick dopamine hits, but these intentional wins create something more lasting—real confidence in yourself.  
 

 Pause today and reflect: *What’s one thing I’ve done that I’m proud of?* By focusing on those wins, _CLIENTNAME_, you’re turning uncertainty into momentum. **Commitment isn’t a starting point—it’s something you build, day by day.** ✨",clear30,Commitment,Not,,"{""🌟 Can You Help Me Build Commitment Through Positivity?"":""Hey Claire, I started this journey unsure of how committed I was, but I’m realizing that small wins are helping me stay on track. Can you ask me questions to help me notice what I’ve done well—like resisting cravings or showing up—and how those moments are building my confidence?""}","[""What’s one **small win** you’re proud of during this break, and how has it helped you *build commitment* to your journey? ""]",,,your_mindset,,Commitment isn’t a feeling—it’s built through action.,🏆 Not Sure How Committed You Are?,,,,,
455,13,💛 Positivity and Connection,Gratitude Builds Bridges,"Gratitude has the power to transform relationships. A simple “thank you” or kind word doesn’t just make someone feel valued—it deepens trust and strengthens your bond. **It’s a two-way gift, releasing feel-good chemicals like dopamine and serotonin for both you and _CLIENTNAME_.**  
 

 Today, think of someone who’s made a difference for you—big or small—and let them know. Maybe it’s a kind gesture they offered, or simply the comfort of their presence. **Those words of appreciation aren’t fleeting—they create lasting warmth and connection.**  
 

 Gratitude isn’t just something you feel—it’s something you share. ✨",clear30,Break-Reason,Improve Current Relationships,,"{""💛 Can You Help Me Strengthen Connections Through Gratitude?"":""Hey Claire, I want to use gratitude to deepen my relationships and show appreciation to the people who matter to me. Can you ask me questions to help me reflect on who’s made a difference and guide me on how to express my thanks in a meaningful way?""}","[""Who’s one **person** you’re grateful for, and how can sharing your appreciation with them deepen your *connection*? ""]",,,your_mindset,,Gratitude doesn’t just feel good—it builds trust. Let’s try it.,💬 A Simple Habit That Strengthens Bonds,,,,,
456,14,🪄 The Magic of Shaping Who You Are,"Crafting Your Future, One Choice at a Time","Your identity, _CLIENTNAME_, isn’t set in stone—it’s something you create, choice by choice. Every action you take is a **vote for the person you’re becoming.** It’s not about perfection; it’s about showing up consistently and building momentum.
 

 **Imagine your future self**, _CLIENTNAME_. How do they think, act, and feel? Each decision you make today—saying no to a craving, pausing to reflect—is a step toward that vision. These small, repeated actions add up, forming the foundation of a new narrative.
 

 Who you’re becoming isn’t distant or unreachable—it’s happening now, in every moment you choose to align with your values. Let today be one of those moments.",clear30,,,"{""🔄 How To Reinvent Yourself"":""https://youtu.be/s7MyoeyBjjY?si=oTsEWoCiulavVUDe"",""✨ Identity Shifting: The ONE thing that changed my life"":""https://www.youtube.com/watch?v=SEGqHSXjCuo"",""🎯 Identity-Based Habits: How to Actually Stick to Your Goals This Year"":""https://jamesclear.com/identity-based-habits"",""🔄 Identity Shifting: Your New Way to Reinvent Yourself (in 3-6 months)"":""https://www.youtube.com/watch?v=hmDUePZNxGc"",""📖 Be Careful of the Story You Tell Yourself Because It Will Become Your Identity"":""https://introvertdear.com/news/story-tell-yourself-identity/""}","{""✨ Shaping the Person I Want to Be"":""Hey Claire, I want to focus on the choices I’m making today and how they’re shaping the person I want to be. Can you ask me questions to help me reflect on how my actions—like resisting cravings or aligning with my values—are building my future self?""}","[""Who is the **future self** you’re working toward, and what’s one choice you’ve made today that brings you closer to them?""]","{""Who Are You Becoming"":""https://m.clear30.org/meditations/14_Who Are You Becoming_.m4a""}",,your_mindset,identitiy,"The path is being built right now, _CLIENTNAME_. Let’s talk about it.",🔮 Who Do You Want to Become?,,https://m.clear30.org/videos/14.mp4,,"[""https://m.clear30.org/carousels/14/1.png"",""https://m.clear30.org/carousels/14/2.png"",""https://m.clear30.org/carousels/14/3.png"",""https://m.clear30.org/carousels/14/4.png"",""https://m.clear30.org/carousels/14/5.png"",""https://m.clear30.org/carousels/14/6.png"",""https://m.clear30.org/carousels/14/7.png"",""https://m.clear30.org/carousels/14/8.png"",""https://m.clear30.org/carousels/14/9.png"",""https://m.clear30.org/carousels/14/10.png"",""https://m.clear30.org/carousels/14/11.png""]",
457,14,🚀 Reinventing Productivity,Prove It to Yourself,"Productivity isn’t about big leaps—it’s about **small, deliberate actions** that build trust in yourself. Today, pick one task and finish it completely. **Block out distractions for 30 focused minutes**, _CLIENTNAME_, and see what changes when your energy stays directed.
 

 Each time you follow through, you’re telling yourself: *This is who I am now.* It’s not about doing everything—it’s about doing one thing with intention. The more you show up, the clearer the shift becomes: **Productivity isn’t a struggle—it’s alignment.** 💼✨",clear30,Increase Productivity,goal - productivity,,"{""🧠 Can You Help Me Focus on One Task Today?"":""Hey Claire, I want to rebuild my productivity and prove to myself that I can follow through. Can you ask me questions to help me choose one task to focus on and guide me toward staying intentional and distraction-free for 30 minutes?""}","[""What’s one **task** you’ve completed with focus recently, and how did it help you *rebuild trust* in yourself? ""]",,,your_mindset,,"See how small, intentional wins are reshaping your focus.",🚀 Is Productivity Feeling Different?,,,,,
458,14,🎯 Self-Control and Intention,Becoming the Person Who Chooses,"Self-control isn’t about willpower in the moment, _CLIENTNAME_—it’s about becoming someone who naturally makes deliberate choices. Every decision you make, no matter how small, is a step toward that identity.
 

 Start by pausing. **When you feel the pull of a craving or impulse, take 10 seconds to reflect before acting.** That brief pause gives you the space to choose intentionally. Each time you do this, _CLIENTNAME_, you’re proving to yourself that you’re in control—not the impulse.
 

 **Here’s the shift:** Self-control isn’t about resisting—it’s about realigning. Every action aligned with your goals is a vote for the version of you who acts with clarity and purpose. The more you choose, the more it becomes who you are. 🎯",clear30,Break-Reason,improve sense of self control,,"{""🎯 Can You Help Me Strengthen My Self-Control?"":""Hey Claire, I want to focus on becoming someone who makes intentional choices, especially when cravings or impulses hit. Can you ask me questions to help me reflect on moments where I’ve paused and chosen differently, and guide me toward making these choices feel more natural?""}","[""What’s one **choice** you’ve made intentionally during this break, and how does it reflect the *person you’re becoming*? ""]",,,your_mindset,,A 10-second pause changes everything. Let’s check in.,🎯 Are You in Control—Or Is the Impulse?,,,,,
459,14,🔄 Reinventing After Setbacks,Redefining Your Path Forward,"If your last break didn’t go the way you hoped, that’s not the final word on who you are. **Growth isn’t linear—it’s built in the moments you decide to try again.**  
 

 Think about this break differently. Instead of focusing on what didn’t work before, ask yourself: *What can I adjust now? What choices feel more aligned with who I want to become, _CLIENTNAME_?* Setbacks don’t define you—they refine your approach.  
 

 **This is your reset.** Each choice you make now isn’t about erasing the past—it’s about shaping your future with clarity and intention. What you do today matters. ✨",clear30,Previous-Break,Did not maintain,,"{""✨ Can You Help Me Reset After a Setback?"":""Hey Claire, my last break didn’t go as planned, but I want to approach this one differently. Can you ask me questions to help me reflect on what I can adjust and how my choices today align with the future I want to build?""}","[""What’s one **lesson** you’ve learned from a past setback, and how are you using it to *reshape your path forward*? ""]",,,your_mindset,,This break is a reset—here’s how to make it different this time.,✨ What If Setbacks Weren’t the End?,,,,,
460,14,🌀 Reinventing How You Think,Stepping Out of Your Own Head,"When your thoughts feel like they’re circling endlessly, _CLIENTNAME_, it’s easy to believe that’s just who you are—someone who overthinks, gets stuck, or can’t move forward. But that’s not a fixed part of your identity—it’s a habit you can reshape.  
 

 What if, instead of spiraling, you started naming your thoughts for what they are? *“This is doubt,”* or *“This is fear of failure.”* By labeling them, _CLIENTNAME_, you’re creating space between you and the noise. **Each time you step back from the loop, you’re rewriting the story: I’m someone who can break free.**  
 

 This isn’t about silencing your mind—it’s about guiding it. With every moment of clarity, _CLIENTNAME_, you’re proving to yourself that you’re capable of thinking differently. That’s where the shift begins. ✨",clear30,Break-Reason,Reduce Being Stuck in Own Head,,"{""🌟 Can You Help Me Rethink How I Handle My Thoughts?"":""Hey Claire, my thoughts can feel like they’re circling endlessly, but I want to learn how to step back and guide them differently. Can you ask me questions to help me label what I’m feeling—like doubt or fear—and reflect on how I can start breaking free from the loop?""}","[""What’s one **thought pattern** you’ve noticed during this break, and how has naming it helped you *create space* to think differently? ""]",,,your_mindset,,See how naming your thoughts can shift your mindset.,✨ Breaking Free from Overthinking?,,,,,
461,14,🦋 Reinventing Yourself at Any Age,Identity Is Always Evolving,"By 65, it can feel like your identity is fully settled, but it’s not. **Who you are isn’t fixed—it’s a story you can still shape.**
 

 Think back to the times you’ve already transformed: starting a career, overcoming challenges, or learning something new. _CLIENTNAME_, reinvention isn’t unfamiliar—it’s part of you. The question now is: *Who do you want to be next?*
 

 Every small action—exploring a passion, trying something new, or pursuing purpose—reminds you that growth doesn’t stop. Reinvention isn’t about changing who you are—it’s about stepping fully into who you want to become. ✨",clear30,LO-Age,65,,"{""✨ Can You Help Me Explore Who I Want to Be Next?"":""Hey Claire, I’ve been thinking about how my identity isn’t fixed, even now, and I want to explore who I want to become. Can you ask me questions to help me reflect on past transformations and guide me toward small actions that align with my next chapter?""}","[""What’s one **moment of reinvention** you’ve experienced in the past, and how can it inspire the *next chapter* of who you want to become? ""]",,,your_mindset,,Growth doesn’t stop—let’s explore what’s possible.,✨ Who Do You Want to Be Next?,,,,,
462,15,🌿 Embracing a Growth Mindset,Learning Through Every Moment,"You’ve made it halfway through Clear30, _CLIENTNAME_—*that’s progress worth recognizing.* Whether it’s been smooth sailing or full of obstacles, what matters is you’ve stuck with it.  
 

 This is where your mindset plays a huge role. A *fixed mindset* might say, *“This is too hard. I’m not cut out for this.”* But a *growth mindset* reframes it: *“This is tough, but I can learn something here.”* It’s about seeing challenges not as walls but as stepping stones.  
 

 Slip-ups? Not the end—just feedback. Feeling stuck? An invitation to get curious: *What can I adjust? How can I make my next step easier?*  
 

 **Your future self depends on how you respond now, _CLIENTNAME_.** Keep going. With every mindful choice, you’re shaping a stronger, more resilient version of you. 🌟",clear30,,,"{""🔄 Changing from a fixed mindset to a growth mindset."":""https://www.reddit.com/r/getdisciplined/comments/3efgvn/needadvice_changing_from_a_fixed_mindset_to_a/"",""📚 Carol Dweck: A Summary of Growth and Fixed Mindsets"":""https://fs.blog/carol-dweck-mindset/"",""🧠 Adults that have ACTUALLY developed a growth mindset, how?"":""https://www.reddit.com/r/getdisciplined/comments/14jkxho/method_adults_that_have_actually_developed_a/"",""📈 Dr. David Yeager: How to Master Growth Mindset to Improve Performance"":""https://www.youtube.com/watch?v=etEJrznE-c0"",""🎥 How Your Thoughts Can Affect Your Life - Fixed Mindset VS Growth Mindset (Animated video)"":""https://www.youtube.com/watch?v=GwLcOuSefqA""}","{""💪 Can You Help Me Reflect on My Growth?"":""Hey Claire, I’ve had some ups and downs during this break, and I want to focus on what I’m learning from the process. Can you ask me questions to help me understand what triggered certain moments and how I can use those lessons to keep moving forward?""}","[""What’s one moment from the past weed you could reframe with a **growth mindset**, seeing it not as a setback but as a step toward learning and progress?""]",,,your_mindset,growth-mindset,"Tap in, _CLIENTNAME_. A growth mindset changes everything.",🧠 This One Shift Makes Hard Days Easier,,https://m.clear30.org/videos/15.mp4,,"[""https://m.clear30.org/carousels/15/1.png"",""https://m.clear30.org/carousels/15/2.png"",""https://m.clear30.org/carousels/15/3.png"",""https://m.clear30.org/carousels/15/4.png"",""https://m.clear30.org/carousels/15/5.png"",""https://m.clear30.org/carousels/15/6.png"",""https://m.clear30.org/carousels/15/7.png"",""https://m.clear30.org/carousels/15/8.png"",""https://m.clear30.org/carousels/15/9.png"",""https://m.clear30.org/carousels/15/10.png"",""https://m.clear30.org/carousels/15/11.png""]",
463,15,🌤️ Growth Mindset and Depression,Small Wins That Shift the Weight,"Depression can make progress feel distant, but it starts small. Resisting a craving, completing a simple task—these aren’t just moments; they’re your brain’s way of rebuilding its ability to feel balance. Without cannabis, you’re giving your mind the space to recalibrate.
 

 Dopamine rises with every small win, no matter how subtle. Even a setback can reveal something valuable: *What triggered that moment? What’s one thing I can adjust today to feel just a little better?* And remember, _CLIENTNAME_, these insights are stepping stones in your journey.
 

 Progress with depression isn’t linear, but it’s real. These small wins? They’re proof that your mind is moving forward, even if it doesn’t feel obvious yet. Keep noticing. Keep moving. The change is already happening. 🌟",clear30,Break-Reason,Reduce Depression,,"{""🌈 Can You Help Me See My Progress With Depression?"":""Hey Claire, depression makes progress feel subtle, but I want to focus on the small wins that show I’m moving forward. Can you ask me questions to help me reflect on what I’m learning from setbacks and notice the shifts—like moments of balance or calm—that are happening during this break?""}","[""What’s one **small win** you’ve experienced recently, and how does it remind you that *progress* is happening, even if it feels subtle? ""]",,,your_mindset,,Even the tiniest progress rewires your brain—see how it’s adding up.,"💪 Small Wins, Big Shifts",,,,,
464,15,🧩 Growth Mindset and Anxiety,Turning Pressure Into Progress,"Anxiety can feel like a relentless loop for many, _CLIENTNAME_—stress triggering more stress. But **what if each setback wasn’t failure, but a chance to adapt?** Reframing challenges as opportunities for growth can reduce anxiety symptoms by nearly 8%.
 

 Without cannabis, you’re facing that loop head-on, _CLIENTNAME_. Each moment of stress is a chance to ask, *What triggered this? How can I approach it differently next time?* Growth doesn’t erase anxiety—it changes your relationship with it.
 

 Each time you lean into discomfort and learn from it, _CLIENTNAME_, you’re proving that anxiety doesn’t define you. You’re growing beyond it. 🌟",clear30,Break-Reason,Reduce Anxiety,,"{""💪 Can You Help Me Reframe Anxiety as Growth?"":""Hey Claire, anxiety has been tough during this break, but I want to see it as a chance to learn and adapt. Can you ask me questions to help me reflect on what triggers my stress and guide me toward small steps I can take to handle it differently next time?""}","[""What’s one **moment of stress** you’ve reframed during this break, and how has it helped you *change your relationship* with anxiety? ""]",,,your_mindset,,Every stress moment is a chance to grow—here’s how to reshape your response.,💪 Anxiety Doesn’t Define You,,,,,
465,15,🌱 Growth Mindset for 18–20-Year-Olds,Building More Than a Break,"Your late teens and early twenties are about shaping what’s next—not about having all the answers. **Here’s the edge a growth mindset gives you:** In a global study, students with a growth mindset scored up to 31 points higher across subjects and reported a stronger sense of meaning in their lives.
 

 This break is part of that mindset. Every craving you resist, _CLIENTNAME_, every tough moment you reflect on, isn’t just about today—it’s about building self-awareness and emotional resilience for what comes next.
 

 You’re not just taking a break from weed—you’re practicing the skills that will carry you forward. Stay curious. The tools you’re sharpening now will make all the difference in who you become. 🌟",clear30,LO-Age,18-20,,"{""🌱 Can You Help Me See How This Break Is Shaping My Growth?"":""Hey Claire, I’m starting to see this break as more than just a pause—it’s a chance to build skills that will carry me forward. Can you ask me questions to help me reflect on how resisting cravings or handling tough moments is helping me grow and prepare for what’s next?""}","[""What’s one **skill or insight** you’ve gained during this break, and how can it shape the *next chapter* of your life? ""]",,,your_mindset,,This break is about more than weed—it’s about who you’re becoming.,💪 Your 20s Are for Growth,,,,,
466,15,🛠️ Growth Mindset and Withdrawal,"Breaking the Cycle, Building Resilience","When withdrawal hits, _CLIENTNAME_, smoking can feel like the only relief. That’s the cycle: discomfort builds, you smoke, and the withdrawal fades—*for a moment.* But each time you smoke, **you’re reinforcing the very loop you’re trying to escape.**  
 

 This break is your chance to approach withdrawal differently. **A growth mindset isn’t about perfection—it’s about learning through challenge.** Each craving resisted teaches your brain something new: *withdrawal doesn’t control me.* It’s not about avoiding discomfort; it’s about building resilience through it.  
 

 Ask yourself, _CLIENTNAME_: *What small action can I take right now—breathing deeply, hydrating, moving my body—to ease this moment without smoking?* Each time you choose progress over the cycle, you’re proving to yourself that real, lasting relief comes from breaking free, not giving in. 🌟",clear30,Trigger,Reduce/stop withdrawal symptoms,,"{""💪 Can You Help Me Handle Withdrawal With a Growth Mindset?"":""Hey Claire, withdrawal feels overwhelming at times, but I want to use this as a chance to build resilience. Can you ask me questions to help me reflect on what I’m learning from cravings and guide me toward small actions I can take right now to move through this without smoking?""}","[""What’s one **small action** you’ve taken to manage withdrawal, and how has it helped you *build resilience* instead of reinforcing the cycle? ""]",,,your_mindset,,Withdrawal doesn’t control you—see how to build resilience through it.,💪 Breaking Free from the Cycle,,,,,
467,15,😴 Growth Mindset and Better Sleep,Learning Through Restless Nights,"Improving your sleep isn’t always a smooth journey—there might be nights where rest feels just as elusive as before. But here’s the shift: **every adjustment, every restless night, is teaching you something about what your body needs.**  
 

 A growth mindset means seeing these moments not as failures, but as feedback. Struggling to fall asleep? *What might help tomorrow—a consistent bedtime, less screen time, or a mindfulness practice?* Waking up too early? _CLIENTNAME_, *what can you adjust—your evening routine or your environment?*  
 

 Each night, whether restful or not, is part of the process. **You’re learning how to reconnect with your natural rhythm**—without shortcuts. That’s the real growth: giving yourself time and space to rebuild sleep as something steady and natural.  
 

 Keep experimenting, keep noticing. Even the restless nights are steps toward the restorative sleep you’re working toward. 🌟",clear30,Break-Reason,Improve Sleep Quality,,"{""💤 Can You Help Me Learn From Restless Nights?"":""Hey Claire, some nights feel tougher than others, but I want to see them as part of the process of improving my sleep. Can you ask me questions to help me reflect on what’s working and what adjustments I can try—like routines or environment changes—to build better rest naturally?""}","[""What’s one **adjustment** you’ve tried to improve your sleep, and how has it helped you *learn* what your body needs? ""]",,,your_mindset,,Your body is adjusting—let’s figure out what’s working.,💤 Struggling to Sleep? That’s Part of Progress,,,,,
468,16,🎖️ The Power of Persistence,"Showing Up, No Matter What","By now, _CLIENTNAME_, motivation might feel thin. You might be asking yourself: *“Why am I even doing this?”* or *“Was this a bad idea?”* But here’s the truth—this journey isn’t just about weed. It’s about proving to yourself that you can follow through, even when it’s hard.  
 

 Persistence isn’t about always feeling motivated. It’s about **showing up anyway.** Each time you choose to stay committed, even when the spark feels gone, you’re strengthening something bigger—the ability to trust yourself and the promises you make.  
 

 Keep going, _CLIENTNAME_. Every step you take is building a foundation for the challenges and triumphs ahead. 🚀",clear30,,,"{""💪 Discipline Over Motivation"":""https://youtu.be/ymhnN2SbQdc?si=uFeAS8_kq9Fnldi3"",""🔄 Lack of Consistency Comes from...."":""https://www.reddit.com/r/getdisciplined/comments/d2qkbf/advice_your_lack_of_consistency_comes_from_your/"",""😞 Stopping for 3 months - lost motivation"":""https://www.reddit.com/r/leaves/comments/19dy9f/stopped_smoking_weed_for_3_months_nowlost/"",""🚀 How to Stay Persistent with Sustained Motivation"":""https://devoutly.org/journal/how-to-stay-persistent-with-sustained-motivation/"",""🔥 What keeps you guys motivated to stay on your T-break/stay sober?"":""https://www.reddit.com/r/Petioles/comments/8p5apl/what_keeps_you_guys_motivated_to_stay_on_your/""}","{""🏋️‍♂️ Can You Help Me Stay Persistent When Motivation Feels Low?"":""Hey Claire, I’m feeling less motivated right now, but I want to focus on staying persistent. Can you ask me questions to help me reflect on why I started this journey and guide me toward small actions that remind me I’m building trust in myself?""}","[""What’s one promise you’ve kept to yourself during this journey, and how has it strengthened your trust in your **ability to follow through**?""]","{""Commitment and Persistence Meditation"":""https://m.clear30.org/persistence.mp3""}",,lock_it_in,motivation-discipline,"When the spark feels gone, _CLIENTNAME_, here’s how to keep going.",🫡 Motivation Fades—Commitment Lasts,,https://m.clear30.org/videos/16.mp4,,"[""https://m.clear30.org/carousels/16/1.png"",""https://m.clear30.org/carousels/16/2.png"",""https://m.clear30.org/carousels/16/3.png"",""https://m.clear30.org/carousels/16/4.png"",""https://m.clear30.org/carousels/16/5.png"",""https://m.clear30.org/carousels/16/6.png"",""https://m.clear30.org/carousels/16/7.png""]",
469,16,⏳ Persistence and the Long Game,Mastering the Quiet Work,"Quitting weed for good isn’t about feeling motivated every day—it’s about **making persistence automatic.** Motivation fades, but systems keep you steady.
 

 Here’s the angle: **turn your goal into routines.** When cravings hit, don’t rely on willpower alone. Replace that moment with something planned—a walk, a call to a friend, a mindfulness practice. _CLIENTNAME_, when the urge fades, the routine stays.
 

 Think of this like brushing your teeth. It’s not glamorous, but you do it because it’s part of your day. **Persistence is about creating habits so automatic, you don’t need motivation to keep going.**
 

 This is how the long game is won—not with bursts of effort, but with steady systems that make quitting a natural part of your life. 🌟",clear30,Goal30,I want to completely stop,"{""🚭 needadvice I want to stop smoking weed but I don’t know how to stay motivated"":""https://www.reddit.com/r/getdisciplined/comments/10xw0jh/needadvice_i_want_to_stop_smoking_weed_but_i_dont/""}","{""🫡 Can You Help Me Build Routines for Persistence?"":""Hey Claire, I want to make quitting feel steady and automatic, even when motivation fades. Can you ask me questions to help me reflect on what routines I can create—like replacing cravings with mindful habits—that make persistence feel natural?""}","[""What’s one **routine** you’ve created during this break, and how has it helped you make *persistence feel automatic*? ""]",,,lock_it_in,,It’s not about motivation—it’s about systems that keep you steady.,🫡 Making Quitting Automatic,,,,,
470,16,💪 Persistence and Self-Control,Building Intention Through Practice,"Self-control doesn’t come from a single big decision, _CLIENTNAME_—it’s built in the micro-moments, the ones where you pause and choose differently. **Here’s the truth:** Every time you resist an urge, you’re reshaping how your brain processes temptation. It’s not about willpower—it’s about retraining your instincts.
 

 Here’s a strategy for you, _CLIENTNAME_: **label the urge.** When you feel the pull to act impulsively—whether it’s reaching for weed or reacting without thinking—name it: *“This is a craving” or “This is just habit.”* Studies show that labeling urges activates your brain’s decision-making centers, giving you back control.
 

 Persistence in these moments doesn’t just help you say no—it builds a foundation for intentional living. Over time, those labels become automatic, and the space between impulse and action grows wider. That’s where real control lives. 🌟",clear30,Break-Reason,Improve Self-Control and Intention,"{""🛑 LPT Request: how to handle strong physical urges without giving in (e.g., drugs, alcohol, food, sex, porn, etc.)"":""https://www.reddit.com/r/LifeProTips/comments/17n5slm/lpt_request_how_to_handle_strong_physical_urges/""}","{""🫡 Can You Help Me Strengthen Self-Control in the Moment?"":""Hey Claire, I want to focus on building self-control by pausing and choosing differently when urges hit. Can you ask me questions to help me reflect on how labeling cravings or habits can give me more control and guide me toward practicing this in small, everyday moments?""}","[""What’s one **urge** you’ve labeled during this break, and how has it helped you create more *intentional control* over your actions? ""]",,,lock_it_in,,"Each time you pause and choose, you’re training your brain—let’s go deeper.",🎯 Take Back Control in the Small Moments,,,,,
471,17,🗣️ Outsmarting Cravings,Quieting the Monkey Mind,"Cravings can be relentless, _CLIENTNAME_, chattering away like the *monkey mind*—that restless inner voice pulling you toward old habits. But here’s the truth: **that voice isn’t you.** It’s just a leftover echo of routines you’re leaving behind.
 

 Listen closely to what it says: *“One time won’t hurt.”* or *“You’ve been good—take a break.”* These aren’t your thoughts. They’re the addiction voice trying to pull you back.
 

 **Outsmart it.** Pause and ask, *“Is this me, _CLIENTNAME_, or the monkey mind?”* Label it. Give it a name—*“There goes Sneaky Steve again.”* And then respond with clarity: *“I hear you, but I’m choosing differently.”*
 

 Each time you resist, the voice quiets. The monkey gets less restless. You’re not just silencing it—you’re proving that you’re the one in charge. Keep practicing—this is how you grow stronger, step by step. 🚀",clear30,,,"{""🐒 Monkey Mind? Stop it!"":""https://www.reddit.com/r/Meditation/comments/x6ag7r/monkey_mind_stop_it/"",""🐒 Monkey mind, what is it?"":""https://www.reddit.com/r/Buddhism/comments/7xz16w/monkey_mind_what_is_it/"",""📜 The Buddhist Story of the Monkey Mind"":""https://www.namchak.org/community/blog/the-buddhist-story-of-the-monkey-mind/"",""🧘 Training the Monkey Mind | Headspace | Meditation"":""https://youtu.be/qxyVCjp48S4?si=ooV8KUcQzh95wRNJ"",""💡 Personification: What it is and Why it works. [Method]"":""https://www.reddit.com/r/getdisciplined/comments/iehp3m/personification_what_it_is_and_why_it_works_method/"",""🧠 Understanding the Monkey Mind with Yongey Mingyur Rinpoche"":""https://www.youtube.com/watch?v=t-JiQubfMPg"",""🤔 Is there anyway to calm the monkey mind? I'm really frustrated with overthinking"":""https://www.reddit.com/r/Buddhism/comments/15olvts/is_there_anyway_to_calm_the_monkey_mind_im_really/"",""🚫 How to STOP Drinking, taking drugs, Alcohol - Your addictive voice - AVRT - Addiction technique"":""https://www.youtube.com/watch?v=0CNM3MEmWRQ""}","{""🧘 Can You Help Me Quiet My Monkey Mind?"":""Hey Claire, cravings feel like that restless inner voice pulling me back, but I want to take control. Can you ask me questions to help me label and understand the monkey mind when it shows up and guide me toward choosing clarity over old habits?""}","[""When the *monkey mind* starts chattering, what’s one phrase or reminder you can use to ground yourself and take back control in that moment? ""]","{""Sitting with the Monkey Mind"":""https://m.clear30.org/meditations/17_Sitting with the Monkey Mind.m4a""}",,lock_it_in,the-monkey-mind,"Recognize the cravings for what they are, _CLIENTNAME_. Here’s how.",🗣️ Not Every Thought is YOUR Thought,,https://m.clear30.org/videos/17.mp4,,"[""https://m.clear30.org/carousels/17/1.png"",""https://m.clear30.org/carousels/17/2.png"",""https://m.clear30.org/carousels/17/3.png"",""https://m.clear30.org/carousels/17/4.png"",""https://m.clear30.org/carousels/17/5.png"",""https://m.clear30.org/carousels/17/6.png"",""https://m.clear30.org/carousels/17/7.png"",""https://m.clear30.org/carousels/17/8.png"",""https://m.clear30.org/carousels/17/9.png"",""https://m.clear30.org/carousels/17/10.png"",""https://m.clear30.org/carousels/17/11.png""]",
472,17,🔍 Outsmarting Cravings,Breaking Free From the Harm,"When weed was doing more harm than good, cravings can feel like betrayal—pulling you back to the very thing that held you down. Here’s the truth: **cravings are just signals—your brain’s way of seeking comfort, not clarity.**  
 

 The addiction voice whispers things like, *“You need this to feel okay,”* or *“It’s just one time.”* But ask yourself, _CLIENTNAME_: *What does that craving really want?* Is it relief? Escape? Something deeper? Cravings aren’t needs—they’re habits. When you pause to identify what you actually need—calm, connection, rest—you can choose something that truly helps.  
 

 Each time you resist, you’re not just saying no—you’re teaching yourself that you don’t have to live at the mercy of the past. The cravings will fade, and what you’ll find is control, confidence, and the clarity to move forward. **What will you choose instead today?** 🌟",clear30,Help-Harm,Somewhat harming more than helping,,"{""🗣️ Can You Help Me Outsmart My Cravings?"":""Hey Claire, cravings feel like they’re pulling me back, but I want to understand what they’re really about. Can you ask me questions to help me reflect on what my cravings might actually be asking for—like calm or connection—and guide me toward choosing something that truly helps?""}","[""What’s one **need** you’ve uncovered behind a craving, and how has choosing differently helped you feel more *in control*? ""]",,,lock_it_in,,It’s not about the weed—it’s about what your mind actually needs. Let’s break it down.,🤔 What’s Your Craving Really Saying?,,,,,
473,17,🚧 Outsmarting Cravings,Breaking Free From the Harm,"When weed was doing more harm than good, _CLIENTNAME_, cravings can feel like betrayal—pulling you back to the very thing that held you down. Here’s the truth: **cravings are just signals—your brain’s way of seeking comfort, not clarity.**
 

 The addiction voice whispers things like, *“You need this to feel okay,”* or *“It’s just one time.”* But ask yourself, _CLIENTNAME_: *What does that craving really want?* Is it relief? Escape? Something deeper? Cravings aren’t needs—they’re habits. When you pause to identify what you actually need—calm, connection, rest—you can choose something that truly helps.
 

 Each time you resist, you’re not just saying no—you’re teaching yourself that you don’t have to live at the mercy of the past. The cravings will fade, and what you’ll find is control, confidence, and the clarity to move forward. **What will you choose instead today?** 🌟",clear30,Help-Harm,Mostly harming more than helping,,"{""🗣️ Can You Help Me Outsmart My Cravings?"":""Hey Claire, cravings feel like they’re pulling me back, but I want to understand what they’re really about. Can you ask me questions to help me reflect on what my cravings might actually be asking for—like calm or connection—and guide me toward choosing something that truly helps?""}","[""What’s one **need** you’ve uncovered behind a craving, and how has choosing differently helped you feel more *in control*? ""]",,,lock_it_in,,It’s not about the weed—it’s about what your mind actually needs. Let’s break it down.,🤔 What’s Your Craving Really Saying?,,,,,
474,17,🧘 Outsmarting Cravings,Untangling the Anxiety Loop,"When anxiety strikes, _CLIENTNAME_, cravings often feel like the solution—a quick way to quiet the noise. But cravings don’t calm the storm; they feed the cycle. **What if that craving isn’t a need, but a sign?** A signal that your mind is searching for relief in the only way it knows.  
 

 Pause and ask: *What is this craving really about?* Is it the tension in your chest? The thoughts racing through your mind? The craving isn’t the fix—it’s a habit masking the discomfort. Instead of reaching for weed, reach for the root: *What small step can ease this moment?* A breath. A stretch. A moment of stillness.
 

 Each time you choose differently, you’re not just resisting—you’re breaking the loop. Anxiety won’t disappear overnight, but you’re teaching your mind that calm doesn’t have to come from the haze. Each decision moves you closer to relief that’s real, not fleeting. 🌟",clear30,Break-Reason,Reduce Anxiety,"{""😰 The Causes of Anxiety and Suffering"":""https://youtu.be/pJs9Y2eqLuE?si=QnePIMld5gs3CCHn"",""🐒 Understand & Manage Your Monkey Mind - Part 1| Anxiety, Anger, Depression Explained"":""https://youtu.be/fTrfsnlk2Ks?si=_aaKzLz5HMy2xmIh""}","{""🌀 Can You Help Me Untangle Cravings and Anxiety?"":""Hey Claire, cravings hit hardest when I feel anxious, but I want to break that cycle. Can you ask me questions to help me figure out what my cravings are really about and guide me toward small steps—like breathing or stretching—that could ease the moment instead?""}","[""What’s one **step** you’ve taken to address the root of a craving, and how has it helped you break the *anxiety loop*? ""]",,,lock_it_in,,"They can feel the same, but they’re not. Let’s untangle what’s really happening.",🗣️ Anxiety or a Craving?,,,,,
475,4,🧗‍♀️ Strength Through Discomfort,Finding Growth in the Hard Moments,"By now, you might be wondering—*shouldn’t this feel easier?* Discomfort can make progress feel frustrating, but it’s actually **a sign that change is happening.** Each craving you resist, every tough moment you face, _CLIENTNAME_, is *teaching your mind to adapt* and building your resilience.  
 

 Think of it as **mental weightlifting.** Every time you pause during a craving or tackle a difficult task, you’re adding to your strength. These aren’t just fleeting wins—they’re shaping your ability to handle stress with clarity and control.  
 

 *The growth happens here.* In the stretch, in the effort. These moments are proof you’re creating something stronger—step by step. Keep going. 🚀",clear30,,,"{""😣 Accepting Pain"":""https://www.reddit.com/r/Stoicism/comments/mxfzt4/accepting_pain/"",""🔄 Reversal of Desire Tool"":""https://www.youtube.com/watch?v=K2aTl3NVciQ"",""🎙️ Embracing Discomfort | Joe Rogan"":""https://www.youtube.com/watch?v=nDJwSjhpJUI"",""🤔 Does Embracing Discomfort Help or Hurt Your Life?"":""https://www.psychologytoday.com/us/blog/the-new-resilience/202206/does-embracing-discomfort-help-or-hurt-your-life"",""🎤 Embracing Discomfort | Corey Rich | TEDxCarsonCity"":""https://youtu.be/GlozTwHtW5s?si=-cyYYXIDWZHuxw2S"",""🧘 How to embrace discomfort and the unpleasant things in life?"":""https://www.reddit.com/r/Stoicism/comments/lpcwfb/how_to_embrace_discomfort_and_the_unpleasant/"",""📽️ Get comfortable with being uncomfortable | Luvvie Ajayi Jones | TED"":""https://www.youtube.com/watch?v=QijH4UAqGD8"",""💬 [Advice] More you seek the uncomfortable, the more comfortable you become"":""https://www.reddit.com/r/getdisciplined/comments/103w4io/advice_more_you_seek_the_uncomfortable_the_more/""}","{""🧗‍♀️ Can You Help Me Find Strength in Discomfort?"":""Hey Claire, this journey feels tough, and I want to focus on how these hard moments are helping me grow. Can you ask me questions to help me reflect on what I’m learning from cravings or challenges and how they’re building my resilience?""}","[""What’s one **uncomfortable thing** you’ve been avoiding that could help you *grow*, and how can you take the *first step* toward it today? ""]",,,withdrawal,accepting-discomfort,"That’s not failure, _CLIENTNAME_. We’ll show you why it means progress.",🧗‍♀️ Struggling More Than You Expected?,,https://m.clear30.org/videos/4.mp4,,"[""https://m.clear30.org/carousels/4/1.png"",""https://m.clear30.org/carousels/4/2.png"",""https://m.clear30.org/carousels/4/3.png"",""https://m.clear30.org/carousels/4/4.png"",""https://m.clear30.org/carousels/4/5.png"",""https://m.clear30.org/carousels/4/6.png"",""https://m.clear30.org/carousels/4/7.png""]",
476,19,🌊 Mindfulness for Cravings,"Ride the Wave, Don’t Get Swept Away","Cravings feel overwhelming because they demand your attention, but mindfulness offers a way through. Think of it as riding a wave—observing the rise and fall instead of letting it pull you under.  
 

 When a craving hits, _CLIENTNAME_, *pause.* Breathe in for 4 counts, hold for 4, and exhale for 6. Notice what you feel: **“There’s tension in my chest” or “restlessness in my hands.”** Label it without judgment and remind yourself, *“This craving will pass, and I’m in control.”*  
 

 Mindfulness isn’t about eliminating cravings—it’s about facing them with clarity. Savor the small moments today, like noticing the warmth of your coffee or taking a few deep breaths before opening your phone.  
 

 Each mindful choice keeps you grounded, helping you navigate challenges with more ease and strength. 🌟",clear30,,,"{""🌿 Mindfulness and Weed"":""https://www.reddit.com/r/Mindfulness/comments/azit4w/mindfulness_and_weed/"",""🍃 Marijuana and Meditation"":""https://www.youtube.com/watch?v=MtZmR6oK9tg&feature=youtu.be"",""🔍 How to Tackle Your Cravings with Mindfulness"":""https://greatergood.berkeley.edu/article/item/how_to_tackle_your_cravings_with_mindfulness"",""🧘 Experiences on using meditation to stop smoking"":""https://www.reddit.com/r/Meditation/comments/rplucw/have_you_experience_with_using_meditation_to_stop/"",""🧠 Turn Off Mental Cravings Using This Mindfulness Technique"":""https://youtu.be/7Lkw6fEZ3IA?si=KrmrffP-4HfsXS6l"",""🧘 Have you experience with using meditation to stop smoking weed (or other substance)?"":""https://www.reddit.com/r/Meditation/comments/rplucw/have_you_experience_with_using_meditation_to_stop/""}","{""🌊 Can You Help Me Practice Mindfulness During Cravings?"":""Hey Claire, cravings feel intense, but I want to learn how to observe them instead of letting them take over. Can you ask me questions to help me reflect on what I’m feeling and guide me through mindfulness techniques, like breathing or labeling sensations, to ride the wave?""}","[""Think back to a recent craving—what did it teach you about your *body* or *mind*, and how might observing it with curiosity instead of judgment reveal something unexpected? ""]","{""Mindfulness & Savoring Meditation"":""https://m.clear30.org/mindfulness.mp3""}",,lock_it_in,mindfulness,"We’ll walk you through it, _CLIENTNAME_. Give it a try.",🌀 A Trick to Make Cravings Shorter,,https://m.clear30.org/videos/19.mp4,,"[""https://m.clear30.org/carousels/19/1.png"",""https://m.clear30.org/carousels/19/2.png"",""https://m.clear30.org/carousels/19/3.png"",""https://m.clear30.org/carousels/19/4.png"",""https://m.clear30.org/carousels/19/5.png"",""https://m.clear30.org/carousels/19/6.png"",""https://m.clear30.org/carousels/19/7.png"",""https://m.clear30.org/carousels/19/8.png"",""https://m.clear30.org/carousels/19/9.png"",""https://m.clear30.org/carousels/19/10.png"",""https://m.clear30.org/carousels/19/11.png"",""https://m.clear30.org/carousels/19/12.png""]",
477,19,🍃 Mindfulness and Stress Relief,Redefining Calm,"If stress led you to smoke, _CLIENTNAME_, it wasn’t the weed you were after—it was the relief. But here’s the truth: **calm doesn’t come from a shortcut—it comes from how you meet the moment.**  
 

 When stress rises, notice how your body reacts, _CLIENTNAME_. *Is it the tension in your shoulders? The rush to escape? The looping thoughts?* Instead of pushing it away, meet it differently: close your eyes, unclench your jaw, and focus on the sensation of your breath filling and leaving your body.  
 

 Each time you choose to respond instead of react, _CLIENTNAME_, you’re building something stronger—your ability to relax without relying on the haze. This isn’t about rejecting what worked before—it’s about discovering what your mind and body are capable of on their own. 🌟",clear30,Trigger,Stress relief / relax,"{""😌 What is the most effective technique for stress relief?"":""https://www.reddit.com/r/Meditation/comments/1guz0ek/what_is_the_most_effective_technique_for_stress/"",""🧘 How can I practice Mindfulness in real life stressful situations? E.g. Work, family, occasional critical life events. Mindfulness seems to work well in good and \""normal\"" situations in life but I struggle in stressful situations. Thank you."":""https://www.reddit.com/r/Mindfulness/comments/pz9rbe/how_can_i_practice_mindfulness_in_real_life""}","{""💡 Can You Help Me Meet Stress Without Smoking?"":""Hey Claire, I used to turn to weed for stress relief, but now I want to explore how to handle it differently. Can you ask me questions to help me notice how stress shows up in my body and guide me toward mindful ways—like breathing or unclenching my jaw—that can bring real calm?""}","[""What’s one **moment of stress** you’ve met with mindfulness instead of reacting, and how has it helped you *redefine calm*? ""]",,,lock_it_in,,"Stress rises, and your brain reaches for relief. But what if you found calm without the shortcut?",🌊 Stress Relief Without the Shortcut,,,,,
478,19,🌫️ Mindfulness and Mental Clarity,"Clearing the Fog, One Breath at a Time","If your goal is mental clarity, cravings might feel like a tug back into the haze—clouding the progress you’re making. But here’s the interesting part: **your brain is already relearning how to find focus without shortcuts.**  
 

 Clarity isn’t just about what you remove—it’s about what you notice. Next time your thoughts feel scattered, _CLIENTNAME_, try this: *focus on just one detail around you.* The feel of your chair, the sound of the wind, the way light shifts in the room. By anchoring your attention to the present, you’re retraining your mind to stay clear, even when distractions pull.  
 

 Every moment of mindfulness isn’t just grounding—it’s practice. You’re not just resisting the haze; you’re proving that clarity is something you can create, not something you need to chase. Each breath, each choice, sharpens that skill. 🌟",clear30,Break-Reason,Gain Mental Clarity,"{""🌿 Are there ways to find clarity in life and reduce anxiety naturally ?"":""https://www.reddit.com/r/Meditation/comments/14e1d8e/are_there_ways_to_find_clarity_in_life_and_reduce/"",""🧘 What meditation would you recommend for clarity and focus? Question ❓"":""https://www.reddit.com/r/Meditation/comments/u4vmzm/what_meditation_would_you_recommend_for_clarity/""}","{""🧘‍♀️ Can You Help Me Practice Mindfulness for Clarity?"":""Hey Claire, I’m working on clearing mental fog and staying focused without shortcuts. Can you ask me questions to help me anchor my attention to the present—like noticing small details or using my breath—and guide me toward sharpening my clarity?""}","[""What’s one **moment of mindfulness** you’ve practiced recently, and how did it help you feel more *grounded and clear*? ""]",,,lock_it_in,,Weed felt like it helped—but what was it actually giving you? Let’s take a closer look.,🌊 Seeing Through the Haze,,,,,
479,19,🔎 Mindfulness and Weed’s Role,Understanding What Helped,"If weed felt like it was helping more than harming, _CLIENTNAME_, it’s worth asking: *What exactly was it giving you?* Was it calm during stress, focus in chaos, or just a way to pause? The break you’re taking now isn’t about erasing those benefits—it’s about understanding them.  
 

 Here’s something to think about: **Was it the weed itself, _CLIENTNAME_, or the act of stepping back from the moment that helped?** Often, it’s not the substance but the pause it created—the chance to reset your mind, even briefly.  
 

 Try creating that pause intentionally. When you feel the pull, stop and ask: *What am I seeking right now? Calm? Space? Focus?* Instead of reacting, take a small action that matches that need—breathe deeply, step outside, or close your eyes for a moment.  
 

 This isn’t about rejecting what worked before. It’s about seeing how much of that clarity or calm came from *you* all along. 🌟",clear30,Help-Harm,Mostly helping more than harming,,"{""🌊 Can You Help Me Understand What I Needed From Weed?"":""Hey Claire, I’m reflecting on how weed seemed to help me in the past, and I want to explore what it was really giving me—calm, focus, or something else. Can you ask me questions to help me identify what I’m seeking now and guide me toward creating those moments intentionally without weed?""}","[""What’s one **need** you’ve identified during this break, and how has creating intentional pauses helped you meet it *without weed*? ""]",,,lock_it_in,,Was it the weed—or just the pause it created? Let’s take a closer look.,🌊 What Was Weed Really Giving You?,,,,,
480,19,🌬️ Mindfulness and Weed’s Role,Understanding What Helped,"If weed felt like it was helping more than harming, it’s worth asking: *What exactly was it giving you?* Was it calm during stress, focus in chaos, or just a way to pause? The break you’re taking now isn’t about erasing those benefits—it’s about understanding them.  
 

 Here’s something to think about: **Was it the weed itself, _CLIENTNAME_, or the act of stepping back from the moment that helped?** Often, it’s not the substance but the pause it created—the chance to reset your mind, even briefly.  
 

 Try creating that pause intentionally. When you feel the pull, stop and ask: *What am I seeking right now? Calm? Space? Focus?* Instead of reacting, take a small action that matches that need—breathe deeply, step outside, or close your eyes for a moment.  
 

 This isn’t about rejecting what worked before. It’s about seeing how much of that clarity or calm came from *you* all along. 🌟",clear30,Help-Harm,Somewhat helping more than harming,,"{""🌊 Can You Help Me Understand What I Needed From Weed?"":""Hey Claire, I’m reflecting on how weed seemed to help me in the past, and I want to explore what it was really giving me—calm, focus, or something else. Can you ask me questions to help me identify what I’m seeking now and guide me toward creating those moments intentionally without weed?""}","[""What’s one **need** you’ve identified during this break, and how has creating intentional pauses helped you meet it *without weed*? ""]",,,lock_it_in,,Was it the weed—or just the pause it created? Let’s take a closer look.,🌊 What Was Weed Really Giving You?,,,,,
481,19,🌅 Mindfulness and Breaking Free,Seeing Through the Harm,"If weed was harming more than helping, _CLIENTNAME_, it’s worth asking: *What did you believe it was giving you?* Was it calm? Focus? A way to escape? Now, with space to reflect, consider what it actually left behind. **Did it truly ease your anxiety, or did it amplify it later?** Did it offer clarity, or did it leave you feeling stuck?
 

 This isn’t about erasing those moments—it’s about understanding them. By stepping back, _CLIENTNAME_, you’re starting to see what wasn’t working and making room to rebuild with tools that truly support you. That clarity is where real growth begins. 🌟",clear30,Help-Harm,Mostly harming more than helping,,"{""💭 Can You Help Me Reflect on What Weed Was Really Giving Me?"":""Hey Claire, I’m stepping back from weed and want to explore what I thought it was helping with—like calm or clarity—and what it might have left behind. Can you ask me questions to help me reflect on how it impacted me and guide me toward tools that truly support my growth?""}","[""What’s one **belief** you’ve challenged about weed during this break, and how has it helped you see its *true impact* on your life? ""]",,,lock_it_in,,"If weed caused more harm than help, what did it really leave behind?",🌊 Seeing Through the Harm,,,,,
482,19,🌄 Mindfulness and Breaking Free,Seeing Through the Harm,"If weed was harming more than helping, it’s worth asking: *What did you believe it was giving you?* Was it calm? Focus? A way to escape? Now, _CLIENTNAME_, with space to reflect, consider what it actually left behind. **Did it truly ease your anxiety, or did it amplify it later?** Did it offer clarity, or did it leave you feeling stuck?
 

 This isn’t about erasing those moments—it’s about understanding them. By stepping back, you’re starting to see what wasn’t working and making room to rebuild with tools that truly support you. That clarity is where real growth begins. 🌟",clear30,Help-Harm,Somewhat helping more than harming,,"{""💭 Can You Help Me Reflect on What Weed Was Really Giving Me?"":""Hey Claire, I’m stepping back from weed and want to explore what I thought it was helping with—like calm or clarity—and what it might have left behind. Can you ask me questions to help me reflect on how it impacted me and guide me toward tools that truly support my growth?""}","[""What’s one **belief** you’ve challenged about weed during this break, and how has it helped you see its *true impact* on your life? ""]",,,lock_it_in,,"If weed caused more harm than help, what did it really leave behind?",🌊 Seeing Through the Harm,,,,,
483,20,"🛠️ New Tools, New Strength","Rebuilding Comfort, One Step at a Time","When weed was your go-to for stress, _CLIENTNAME_, quitting can feel like losing a safety net. But it’s also a chance to build healthier, lasting ways to cope—tools you can carry with you far beyond Clear30.
 

 **Start with your breath.** Try **4-7-8 breathing** (_CLIENTNAME_, inhale for 4, hold for 7, exhale for 8) to calm your mind or a long, intentional sigh to release tension. These simple techniques ground you in the moment.  
 

 **Engage your senses.** Name 5 things you see, 4 you touch, 3 you hear, 2 you smell, and 1 you taste. Or dive into something creative—painting, journaling, or even a puzzle. These distractions don’t just fill time—they help you reset.
 

 Replace old habits with rituals that bring comfort, like brewing tea or lighting a candle. Each time you use these tools,_CLIENTNAME_, you're proving to yourself that you can thrive without relying on weed. You’re creating strength that lasts. 🌟",clear30,,,"{""💪 Deal Better with Hard Times"":""https://www.mhanational.org/deal-better-hard-times"",""🌿 Weed addiction and coping with emotion"":""https://www.reddit.com/r/infp/comments/195nwqs/weed_addiction_and_coping_with_emotion/""}","{""🌱 Can You Help Me Find New Tools for Comfort Without Weed?"":""Hey Claire, quitting weed has made me realize I need new ways to manage stress and find comfort. Can you ask me questions to help me try tools like mindful breathing, engaging my senses, or building rituals that ground me in the moment?""}","[""What’s one *new tool or ritual* you’ve discovered during this break that brings you comfort, and how could it become a lasting part of your life? ""]","{""Breathing Through the Hard Moments"":""https://m.clear30.org/meditations/20_Breathing Through the Hard Moments.m4a""}",,lock_it_in,coping,"A simple way to stay grounded, _CLIENTNAME_. Let’s try it today.","🔄 When Stress Hits, Try This Instead",,,,"[""https://m.clear30.org/carousels/20/1.png"",""https://m.clear30.org/carousels/20/2.png"",""https://m.clear30.org/carousels/20/3.png"",""https://m.clear30.org/carousels/20/4.png"",""https://m.clear30.org/carousels/20/5.png"",""https://m.clear30.org/carousels/20/6.png"",""https://m.clear30.org/carousels/20/7.png"",""https://m.clear30.org/carousels/20/8.png"",""https://m.clear30.org/carousels/20/9.png"",""https://m.clear30.org/carousels/20/10.png""]",
484,20,🎨 Tools for Creativity,Finding Your Flow Without Weed,"If weed felt like your creativity’s fuel, here’s a thought: **the spark was never in the smoke—it was in the space weed created.** Now, you get to reclaim that space intentionally.
 

 Here’s a trick: *switch up your environment.* Creativity thrives on novelty. Rearrange your workspace, take a different route on your walk, or try brainstorming in a coffee shop or park. Shifting your surroundings can shift your perspective and provide fresh insights for _CLIENTNAME_.
 

 Another tool? **Set constraints.** Tell yourself, *“I’ll write five lines,”* or, *“I’ll sketch with only one color.”* Research shows that limitations can ignite creativity by forcing your mind to think differently.
 

 The truth is, weed wasn’t the source of your ideas—it was a tool. Now you’re learning to create without it, and the ideas that come? They’ll feel even more like your own. 🌟",clear30,Trigger,Enhance creativity,,"{""🌬️ Can You Help Me Reclaim My Creativity Without Weed?"":""Hey Claire, I’m realizing that creativity doesn’t need weed, but I want to explore tools to spark my ideas. Can you ask me questions to help me shift my environment, try constraints, or discover new ways to find my creative flow?""}","[""What’s one **creative tool or change** you’ve tried during this break, and how has it helped you *reclaim your creative spark*? ""]",,,lock_it_in,,The spark was never in the smoke—it was in the space. Let’s unlock it.,🌬️ Creativity Without Weed,,,,,
485,20,🌎 Exploring Life Without Weed,Finding Depth in the Everyday,"Without weed, _CLIENTNAME_, life might feel quieter—but that quiet isn’t emptiness. **It’s space.** Space to notice, to explore, to connect with the world in ways you might have overlooked before.
 

 Here’s something to try: *focus on the firsts.* The first time you laugh fully, the first time you feel truly present in a conversation, the first time a moment feels rich without the haze. These are milestones, proof that life without weed isn’t smaller—it’s deeper.
 

 Exploration isn’t about grand gestures; it’s about paying attention. The more you lean into those moments, _CLIENTNAME_, the more you’ll see what’s been waiting for you all along. 🌟",clear30,Trigger,Explore Life Without Cannabis,,"{""🌬️ Can You Help Me Find Depth in Life Without Weed?"":""Hey Claire, life feels quieter without weed, but I want to explore what’s unfolding in that space. Can you ask me questions to help me notice the “firsts” and reflect on moments that feel richer or more present without the haze?""}","[""What’s one **first moment** you’ve noticed during this break that felt richer or more present, and how has it shown you the *depth* life can offer? ""]",,,lock_it_in,,"Without the haze, life isn’t smaller—it’s deeper. Start noticing the firsts.",🌬️ What’s Waiting Without Weed?,,,,,
486,20,💆‍♀️ Tools for Pain Relief,Rethinking How You Feel,"When pain is constant, weed might have felt like the only way to cope. But here’s something interesting: **pain isn’t just physical—it’s how your brain interprets the signals.** By changing how you respond, _CLIENTNAME_, you can change how you feel.
 

 Try this: *interrupt the signal.* Research shows that engaging your senses—like humming, tapping your fingers rhythmically, or even chewing gum—can rewire how your brain processes pain. These small actions distract the neural pathways that amplify discomfort.
 

 Pain is real, but your ability to influence it is just as real. By exploring these tools, you’re proving to yourself that relief doesn’t have to come from the haze—it can come from the way you reclaim control. 🌟",clear30,Trigger,Relieve pain,,"{""🌬️ Can You Help Me Find New Ways to Manage Pain?"":""Hey Claire, I used to rely on weed for pain relief, but now I want to explore other tools. Can you ask me questions to help me reflect on how I’m feeling and guide me toward small actions—like engaging my senses or trying mindfulness—that might help interrupt the pain signal?""}","[""What’s one **new tool** you’ve tried for managing pain, and how has it helped you feel more *in control* of your relief? ""]",,,lock_it_in,,"Pain is real, but so is your ability to influence it. Let’s explore new tools.",🌬️ Pain Relief Without the Haze,,,,,
487,20,✨ Enhancing Without the Haze,Rediscovering the Magic,"If weed helped make chores tolerable or music transcendent, _CLIENTNAME_, here’s the truth: **it wasn’t the weed—it was your brain noticing the details.** Without it, you can still rediscover that magic.
 

 Try this: **add novelty.** Play a new genre of music while cleaning, or rearrange your workspace. Novelty wakes up your brain, turning the ordinary into something fresh.
 

 The richness you’re seeking isn’t tied to weed—it’s tied to your attention. The more you notice, _CLIENTNAME_, the more vivid life becomes. 🌟",clear30,Trigger,Wanting to enhance things chores work or movies or music,,"{""🌬️ Can You Help Me Enhance Everyday Moments Without Weed?"":""Hey Claire, I used to turn to weed to make things more enjoyable, but now I want to rediscover that magic on my own. Can you ask me questions to help me find ways—like adding novelty or noticing details—to make everyday moments feel richer and more engaging?""}","[""What’s one **ordinary moment** you’ve made more vivid during this break, and how has paying attention helped you *rediscover the magic*? ""]",,,lock_it_in,,It wasn’t the weed—it was your brain noticing the details. Try adding novelty.,🌬️ Making the Mundane Magical Again,,,,,
488,21,🪞 Reflecting on Your Past,Clarity Through Curiosity,"Reflection isn’t about labeling weed as “good” or “bad”—it’s about **understanding** its role in your life. *What did it give you?* Stress relief? Social connection? A way to unwind? And *what did it take away,* _CLIENTNAME_? Focus? Clarity? Opportunities?
 

 **Write it down.** No judgment, just curiosity. *Reflection isn’t about regret; it’s about alignment.* Use these insights to reconnect with your “why” and the person you’re becoming.
 

 Every discovery is a step forward. *Growth begins when you understand where you’ve been—and where you’re going.* 🌟",clear30,,,"{""📈 Simon Sinek on How Reflection Informs Personal Growth"":""https://youtu.be/_Ky-mKuhKgU?si=CQ1PSIWVXZDYF86Y"",""🔍 Get to know yourself through the act of self-reflection"":""https://www.betterup.com/blog/self-reflectionn"",""💡 What was your deepest realization during self reflection?"":""https://www.reddit.com/r/AskOldPeople/comments/1ddyl4p/what_was_your_deepest_realization_during_self/""}","{""🪞 Can You Help Me Reflect on My Relationship With Weed?"":""Hey Claire, I want to explore what weed gave me and what it might have taken away. Can you ask me questions to help me reflect on how it shaped my life and guide me toward reconnecting with my “why” and the person I’m becoming?""}","[""What’s one thing weed added to your life and one thing it *held you back* from, and how does that shape your journey now? ""]","{""What’s Beneath the Smoke"":""https://m.clear30.org/meditations/21_What’s Beneath the Smoke.m4a""}",,reflection,reflecting-on-past-use,"Let’s explore what weed gave and took, _CLIENTNAME_.",🪞 Your Past Holds Answers,,https://m.clear30.org/videos/21.mp4,,"[""https://m.clear30.org/carousels/21/1.png"",""https://m.clear30.org/carousels/21/2.png"",""https://m.clear30.org/carousels/21/3.png"",""https://m.clear30.org/carousels/21/4.png"",""https://m.clear30.org/carousels/21/5.png"",""https://m.clear30.org/carousels/21/6.png"",""https://m.clear30.org/carousels/21/7.png"",""https://m.clear30.org/carousels/21/8.png"",""https://m.clear30.org/carousels/21/9.png"",""https://m.clear30.org/carousels/21/10.png""]",
489,21,💭 Reflecting on Your Past,Weed and Your Relationships,"If your goal, _CLIENTNAME_, is to strengthen your relationships, take a closer look at how weed shaped the way you connected. Here’s a question to sit with: **Did it help you show up, or did it let you disappear?** Maybe it softened your edges in a conversation, but did it also dull your ability to listen deeply or respond fully?  
 

 Here’s something to try: **revisit one moment where weed played a role in your connection with someone.** What did it add to that moment, and what might it have taken away? Clarity, focus, or a deeper understanding of the other person?  
 

 This isn’t about regret—it’s about insight. Relationships thrive on presence, and this break is your chance to rebuild that presence without distraction. What might it feel like to show up for someone now, fully here, fully you? 🌟",clear30,Break-Reason,Improve Current Relationships,,"{""🪞 Can You Help Me Reflect on How Weed Affected My Relationships?"":""Hey Claire, I want to explore how weed shaped the way I connected with others—what it added and what it might have taken away. Can you ask me questions to help me reflect on moments where it played a role and guide me toward rebuilding deeper, more present connections?""}","[""What’s one **moment** where weed shaped a connection, and how does reflecting on it help you show up more *fully present* now? ""]",,,reflection,,"Did it help you show up, or did it let you disappear?",🪞 How Did Weed Shape Your Relationships?,,,,,
490,21,🎯 Reflecting on Motivation,Weed’s Role in Your Drive,"If your goal is to feel more motivated, take a moment to examine how weed shaped your drive. **Did it give you ideas but keep you from acting on them? Did it ease pressure, or make it easier to delay starting?**  
 

 Think back: *What did motivation feel like before weed?* Was it the excitement of a fresh idea or the satisfaction of finishing something important? And now, _CLIENTNAME_, without weed, what sparks of drive are starting to return?
 

 This isn’t about judgment—it’s about understanding. By reflecting on how weed influenced your ambition, you’re learning what truly fuels your motivation—and what might have been holding it back. 🌟",clear30,Break-Reason,Increase Motivation,,"{""🪞 Can You Help Me Reflect on How Weed Affected My Motivation?"":""Hey Claire, I want to explore how weed shaped my drive—what it might have added and what it held back. Can you ask me questions to help me reflect on how motivation felt before and during my use, and guide me toward noticing what’s sparking now without it?""}","[""What’s one **way** weed influenced your motivation, and how has this break helped you reconnect with your *natural drive*? ""]","{""Weed and Motivation Meditation"":""https://m.clear30.org/slowchange.mp3""}",,reflection,,Did it spark ideas—or make it easier to delay action?,🪞 Weed and Your Motivation,,,,,
491,21,🔍 Reflecting on Weed’s Impact,Seeing Through What Held You Back,"If weed was holding you back more than helping, _CLIENTNAME_, take a moment to explore what it truly added—and what it took away. **Was it offering moments of ease, or quietly slowing your progress, focus, or connection to what matters?**  
 

 Think of a time when weed may have kept you from showing up fully. *What could that moment have looked like without it?* Would you have been clearer, more present, or more intentional?  
 

 Each reflection gives you insight into how those choices shaped where you are now—and how you can move forward with intention. 🌟",clear30,Help-Harm,Somewhat harming more than helping,,"{""🪞 Can You Help Me Reflect on How Weed Held Me Back?"":""Hey Claire, I want to explore how weed may have shaped my life—what it added, what it took away, and how it influenced my ability to show up. Can you ask me questions to help me reflect on those moments and guide me toward building more intentional choices moving forward?""}","[""What’s one **moment** where weed might have held you back, and how does reflecting on it help you move forward with *clarity and intention*? ""]",,,reflection,,"Did it help you show up, or did it let you disappear?",🪞 Seeing Through What Held You Back,,,,,
492,21,🌫️ Reflecting on Weed’s Impact,Seeing Through What Held You Back,"If weed was holding you back more than helping, take a moment to explore what it truly added—and what it took away. **Was it offering moments of ease, or quietly slowing your progress, focus, or connection to what matters?**
 

 Think of a time when weed may have kept you from showing up fully, _CLIENTNAME_. *What could that moment have looked like without it?* Would you have been clearer, more present, or more intentional?
 

 Each reflection gives you insight into how those choices shaped where you are now—and how you can move forward with intention. 🌟",clear30,Help-Harm,Mostly harming more than helping,,"{""🪞 Can You Help Me Reflect on How Weed Held Me Back?"":""Hey Claire, I want to explore how weed may have shaped my life—what it added, what it took away, and how it influenced my ability to show up. Can you ask me questions to help me reflect on those moments and guide me toward building more intentional choices moving forward?""}","[""What’s one **moment** where weed might have held you back, and how does reflecting on it help you move forward with *clarity and intention*? ""]",,,reflection,,You might see your relationships in a whole new way.,🪞 Did Weed Change How You Connect?,,,,,
493,21,🔄 Reflecting Before You Return,Redefining Your Relationship With Weed,"If you plan to return to weed after Clear30, _CLIENTNAME_, take a moment to consider: **What do you want that relationship to look like?** Instead of falling back into old patterns, this is your chance to create something intentional.  
 

 Think of your past use, _CLIENTNAME_. *What worked for you, and what didn’t?* Were there moments when it enhanced your experience—or times when it got in the way? Use what you’ve learned during this break to define clear boundaries: **When, why, and how will weed serve your goals, not distract from them?**  
 

 This isn’t just about starting again—it’s about starting smarter. By reflecting now, _CLIENTNAME_, you’re shaping a relationship with weed that works for you, not the other way around. 🌟",clear30,I want to use the same,smoking after c30,,"{""🪞 Can You Help Me Redefine My Relationship With Weed?"":""Hey Claire, I’m thinking about how I want to approach weed after Clear30, and I want to be intentional about it. Can you ask me questions to help me reflect on what worked, what didn’t, and how I can set boundaries that align with my goals?""}","[""What’s one **boundary** you want to set if you return to weed, and how will it help you create a *healthier, more intentional* relationship with it? ""]",,,reflection,,"If motivation feels different now, here’s why.",🪞 Was Weed Helping Your Drive?,,,,,
494,21,⚖️ Reflecting on the Balance,Understanding Both Sides of Weed,"If weed felt like it helped and harmed in equal measure, take a moment to explore both sides. **What was it giving you, and at what cost?** Maybe it brought moments of calm but left you feeling foggy. Perhaps, _CLIENTNAME_, it eased social situations but dulled your focus afterward.  
 

 Here’s an exercise: **Imagine your life split into two columns—what weed helped you gain and what it might have held you back from.** Are there ways to keep the benefits while avoiding the downsides? For instance, did it help you unwind, but at the expense of clarity? Could a new habit—like evening walks or journaling—offer that same release without the haze?  
 

 This break isn’t about choosing one side over the other—it’s about understanding the full picture. By reflecting on what worked and what didn’t, you’re learning how to create a life that feels balanced, clear, and truly yours. 🌟",clear30,Help-Harm,Equally Helping and Harming (but in different ways),,"{""🪞 Can You Help Me Explore the Balance of Weed’s Impact?"":""Hey Claire, I’m reflecting on how weed both helped and held me back, and I want to understand the full picture. Can you ask me questions to help me identify what it gave me, what it cost me, and how I might find balance moving forward?""}","[""What’s one **benefit** weed gave you and one **cost** it carried, and how can this reflection help you find *balance* moving forward? ""]",,,reflection,,The answer might surprise you—take a closer look.,🪞 What Did Weed Really Give You?,,,,,
495,22,🎭 Revealing Your Blind Spots,Seeing What You Might Be Missing,"Self-reflection is powerful, _CLIENTNAME_, but it has its limits—we all have blind spots. Sometimes, **the perspective of others** can reveal truths we can’t see on our own.
 

 **Ask someone you trust:**  
 *“Do you think weed makes me better, worse, or both? Why?”* Choose people with different perspectives to get a clearer, more balanced view.  
 

 **Look for patterns** in their feedback. What themes keep coming up? These insights can show how weed has shaped your life and where growth is waiting.  
 

 Let others’ reflections add depth to your own, _CLIENTNAME_. *Growth often begins where self-awareness meets outside perspective.* 🪞",clear30,,,"{""🔍 How to self-examine life daily."":""https://www.reddit.com/r/Stoicism/comments/115sas7/how_to_selfexamine_life_daily/"",""🛑 How to stop your blind spots from tripping you up"":""https://www.listeningpartnership.com/insight/how-to-stop-your-blind-spots-from-tripping-you-up/"",""💭 How has realising your most harmful negative core belief changed you/your life?"":""https://www.reddit.com/r/AskWomenOver30/comments/168t5lm/how_has_realising_your_most_harmful_negative_core/""}","{""👁️ Using Feedback to See What I Might Be Missing"":""Hey Claire, I want to understand how weed has shaped my life from perspectives I might not see myself. Can you ask me questions to help me reflect on the feedback I’ve received—or plan to ask for—and guide me toward finding patterns or insights I might be missing?""}","[""What’s one piece of feedback you’ve received about your relationship with weed, and how has it helped you see something you might have missed? ""]","{""Feedback from Others Meditation"":""https://m.clear30.org/feedback.mp3""}",,reflection,blind-spots,"Look for the patterns, _CLIENTNAME_. Let’s explore.",⚡ What if the Answer is Already Around You?,,https://m.clear30.org/videos/22.mp4,,"[""https://m.clear30.org/carousels/22/1.png"",""https://m.clear30.org/carousels/22/2.png"",""https://m.clear30.org/carousels/22/3.png"",""https://m.clear30.org/carousels/22/4.png"",""https://m.clear30.org/carousels/22/5.png"",""https://m.clear30.org/carousels/22/6.png"",""https://m.clear30.org/carousels/22/7.png""]",
496,22,🌀 Escaping the Loop,Getting Unstuck from Your Own Head,"When you’re stuck in your own head, it’s easy to spiral—replaying the same thoughts, questions, and doubts. But here’s the insight: **the mind isn’t built to untangle itself alone.**  
 

 Try this: **shift your focus outward.** Spend time observing the world instead of analyzing yourself. Notice the details in a conversation, _CLIENTNAME_, the sounds in a room, or the way light changes throughout the day. Breaking the internal loop starts with anchoring yourself to what’s happening outside of it.
 

 Here’s another angle: **ask someone what they notice about you when you seem most present or most distracted.** Their perspective might reveal patterns you’re too close to see.
 

 Getting unstuck isn’t about silencing your thoughts—it’s about giving them space to quiet on their own. The answers you’re searching for often emerge when you stop digging for them. 🌟",clear30,Break-Reason,Reduce Being Stuck in Own Head,,"{""👁️ Can You Help Me Break Free From Overthinking?"":""Hey Claire, I feel stuck in my own head sometimes and want to explore ways to get unstuck. Can you ask me questions to help me focus outward—on my surroundings or conversations—and guide me toward noticing patterns or feedback that could help me find clarity?""}","[""What’s one **external detail** you’ve noticed recently that helped you break an internal loop, and how did it shift your *perspective*? ""]",,,reflection,,Here’s how to break the cycle and find clarity.,👁️ Stuck in Your Own Head?,,,,,
497,22,🚧 Dependency and Blind Spots,What Are You Not Seeing?,"When it comes to dependency, _CLIENTNAME_, the hardest truths are often the ones we can’t see ourselves. Weed might have become your go-to for stress or habit, but **what’s it truly filling—or hiding?** Blind spots aren’t just about what you don’t know—they’re about what you avoid noticing.
 

 Here’s something bold: **ask someone you trust, “_CLIENTNAME_, when do you think I turn to weed the most? What do you think I’m trying to avoid or cope with?”** These aren’t easy questions, but their answers might uncover patterns you’ve been too close to see.
 

 And here’s the twist: **start asking yourself the same thing.** Next time the urge hits, pause and ask, *What am I really looking for here? Is it escape, calm, or something deeper?* Dependency thrives in the shadows, but clarity pulls it into the light.
 

 Breaking free starts with seeing clearly. The more _CLIENTNAME_ uncovers, the more they can meet those needs in ways that don’t hold them back. 🌟",clear30,Break-Reason,Reduce Dependency on Cannabis,,"{""🧩 Can You Help Me See What I’m Missing About My Dependency?"":""Hey Claire, I want to explore the patterns behind when and why I turned to weed. Can you ask me questions to help me reflect on what I might be avoiding or coping with and guide me toward uncovering insights I’ve been too close to see?""}","[""What’s one **pattern** you’ve uncovered about your dependency, and how has bringing it into the light helped you meet your *true needs*? ""]",,,reflection,,Dependency hides in blind spots—let’s bring them to light.,👁️ What Are You Not Seeing?,,,,,
498,22,🌤️ Finding Clarity,Seeing Beyond the Break,"If you started Clear30 unsure about what’s next, you’re exactly where you need to be. Deciding whether weed fits into your future starts with uncovering **what you might not be seeing.**  
 

 Here’s something to try: **ask someone who knows you well how they see you during this break.** _CLIENTNAME_, are you more focused? More connected? Do they notice things you might not? Their perspective could reveal patterns you haven’t considered—moments where weed helped, and moments where it held you back.  
 

 Now, turn inward: *What have you noticed during this time? Do you feel clearer, more present, or maybe even more challenged without it?* These reflections aren’t about pressure—they’re about giving _CLIENTNAME_ the full picture to decide intentionally.  
 

 Sometimes clarity isn’t about what you add—it’s about what you uncover. Use what _CLIENTNAME_ has learned to shape the relationship with weed that feels true to them. 🌟",clear30,Goal30,I don't know right now,,"{""🔮 Can You Help Me Reflect on What’s Next After My Break?"":""Hey Claire, I’m thinking about how weed might fit into my future, but I want to reflect on what this break has taught me. Can you ask me questions to help me notice what I’ve gained—like clarity or connection—and explore feedback from others that might show me what I’m missing?""}","[""What’s one **insight** you’ve gained about yourself during this break, and how does it help you see the *role weed might play* in your future? ""]",,,reflection,,This break might be showing you more than you think.,👁️ Is Weed in Your Future?,,,,,
499,23,🌳 Growth Takes Time,"Small Steps, Big Changes","Big changes don’t happen all at once, _CLIENTNAME_—they’re built **one mindful choice at a time.** Each craving you resist and each moment of reflection adds another layer to the stronger, clearer version of you.  
 

 Progress might feel slow, but *this is where transformation begins.* The journey itself—learning new habits, managing cravings, and staying connected to your “why”—is the real reward.  
 

 **Celebrate the small wins**, _CLIENTNAME_. The craving you resisted, the moment you paused before reacting, the healthier coping mechanism you chose last night. These aren’t just tiny victories—they’re proof that change is happening.  
 

 Trust the process. Every small step today is building something remarkable for tomorrow. 🌟",clear30,,,"{""⌛ Real Change Takes Time"":""https://possibilitychange.com/real-change-takes-time/"",""⏳ Accepting slow progress"":""https://www.reddit.com/r/getdisciplined/comments/c46waw/advice_3_ways_to_be_more_accepting_of_slow/"",""🐢 Slow progress is better than no progress"":""https://www.reddit.com/r/selfimprovement/comments/mtwksm/slow_progress_is_better_than_no_progress/"",""🌱 Embracing the Slow Journey of Real Change"":""https://www.psychologytoday.com/us/blog/your-emotional-meter/202407/embracing-the-slow-journey-of-real-change"",""🧠 The mindset that changed my life IMMEDIATELY"":""https://youtu.be/Vp-TVkqaCrQ?si=BuQjNJT4GBJi6HHL"",""💪 Self Improvement when you feel like you’re getting worse"":""https://www.reddit.com/r/selfimprovement/comments/rgztkm/why_is_it_that_since_ive_started_trying_to/""}","{""🌱 Noticing the Small Wins in My Growth"":""Hey Claire, progress feels slow sometimes, but I know it’s the small steps that matter. Can you ask me questions to help me reflect on the cravings I’ve resisted, the habits I’m building, and the moments that show I’m transforming, even if it feels subtle?""}","[""What’s one *small win* you’ve had recently, and how does it remind you that even tiny steps are building something **meaningful**? ""]",,,reflection,big-changes-takes-time,"Here’s why it’s working, _CLIENTNAME_.",✨ Progress Feels Slow—That’s Normal,,https://m.clear30.org/videos/23.mp4,,"[""https://m.clear30.org/carousels/23/1.png"",""https://m.clear30.org/carousels/23/2.png"",""https://m.clear30.org/carousels/23/3.png"",""https://m.clear30.org/carousels/23/4.png"",""https://m.clear30.org/carousels/23/5.png"",""https://m.clear30.org/carousels/23/6.png"",""https://m.clear30.org/carousels/23/7.png"",""https://m.clear30.org/carousels/23/8.png""]",
500,23,🍃 Growth Takes Time,Breaking the Daily Cycle,"If you, _CLIENTNAME_, smoked most days, this break is a big shift. Weed shaped your routines, and now you’re rebuilding them piece by piece. **Change takes time because you’re not just breaking habits—you’re rewiring how your brain seeks reward.**  
 

 Notice one thing today that feels different without weed, _CLIENTNAME_. Maybe time feels fuller, or focus comes a little easier. These small shifts are proof that progress is happening—even if it’s slow. Each step you take is building something stronger. 🌟",clear30,Days-Using,4-5 days a week,,"{""🌱 Can You Help Me Reflect on Breaking Old Habits?"":""Hey Claire, this break has been a big shift, and I’m working on rebuilding my routines. Can you ask me questions to help me notice small changes—like feeling more focused or having fuller days—and guide me toward seeing how these steps are shaping my progress?""}","[""What’s one **small shift** you’ve noticed in your daily routine during this break, and how does it show that *progress is taking root*? ""]",,,reflection,,Your brain is rewiring—see what’s shifting today.,🌱 Noticing Any Changes Yet?,,,,,
501,23,🌿 Growth Takes Time,Breaking the Daily Cycle,"If you, _CLIENTNAME_, smoked most days, this break is a big shift. Weed shaped your routines, and now you’re rebuilding them piece by piece. **Change takes time because you’re not just breaking habits—you’re rewiring how your brain seeks reward.**  
 

 Notice one thing today that feels different without weed, _CLIENTNAME_. Maybe time feels fuller, or focus comes a little easier. These small shifts are proof that progress is happening—even if it’s slow. Each step you take is building something stronger. 🌟",clear30,Days-Using,6-7 days a week,,"{""🌱 Can You Help Me Reflect on Breaking Old Habits?"":""Hey Claire, this break has been a big shift, and I’m working on rebuilding my routines. Can you ask me questions to help me notice small changes—like feeling more focused or having fuller days—and guide me toward seeing how these steps are shaping my progress?""}","[""What’s one **small shift** you’ve noticed in your daily routine during this break, and how does it show that *progress is taking root*? ""]",,,reflection,,Something feels different without it. Tap to find out.,🌱 Weed Shaped Your Routine—Now What?,,,,,
502,23,🖊️ Rewriting Your Start,Growth Without Certainty,"You didn’t come into Clear30 fully committed—and that’s not a failure. **It’s part of the process.** Growth doesn’t require a perfect start—it takes time, small steps, and the willingness to keep moving forward, even when you’re unsure.
 

 Here’s the shift: **every small action adds up.** A craving resisted, a reflection made, or a habit questioned—all of these moments are proof that growth is happening, _CLIENTNAME_, even if it feels slow or uncertain.
 

 It’s not about how sure you were on Day 1—it’s about showing up today, and tomorrow, and the",clear30,Commitment,Not,,"{""🌱 Can You Help Me Reflect on My Progress Without Certainty?"":""Hey Claire, I didn’t start this journey fully committed, but I’m realizing that each small action matters. Can you ask me questions to help me notice how my choices—like resisting cravings or reflecting on habits—are adding up and shaping my growth, even if I’m still figuring it out?""}","[""What’s one **small action** you’ve taken during this break that reminds you growth doesn’t need certainty—it just needs *consistency*? ""]",,,reflection,,Growth happens in ways you don’t always expect.,🌱 Didn’t Go All-In? Look at You Now.,,,,,
503,24,✨ Unlocking Curiosity and Creativity,"Ask Better Questions, Find New Paths","Albert Einstein once said, *“I have no special talents. I am only passionately curious.”* _CLIENTNAME_, during your Clear30, curiosity can be your secret superpower—helping you break patterns, explore new ideas, and see challenges in a new light.
 

 **Get creative with your break.** Swap your usual smoke time for something new: paint, write, take a morning walk, or brew a calming cup of tea. Treat challenges as puzzles—*“How can I approach this differently? What can I learn here?”*
 

 Curiosity isn’t just about discovery—it’s about staying open to the possibilities in every moment. Einstein didn’t have all the answers—he just asked better questions. What will you explore today? 🔑",clear30,,,"{""🎨 Creativity without marijuana?"":""https://www.reddit.com/r/leaves/comments/sf636k/creativity_without_marijuana/"",""💪 How to Strengthen Your Curiosity Muscle"":""https://hbr.org/2023/11/how-to-strengthen-your-curiosity-muscle"",""🔍 How to be a more curious person, who is always seeking to learn more?"":""https://www.reddit.com/r/getdisciplined/comments/t13hfn/need_advice_how_to_be_a_more_curious_person_who/"",""📅 Daily Habits to Foster Creativity: Building a Routine that Encourages Fresh Ideas"":""https://jennarainey.com/daily-habits-to-foster-creativity-building-a-routine-that-encourages-fresh-ideas/"",""🧠 IWTL How to train myself to want mental stimulation as I’m not a very curious person?"":""https://www.reddit.com/r/IWantToLearn/comments/yc8jgj/iwtl_how_to_train_myself_to_want_mental/""}","{""✨Exploring New Paths with Curiosity"":""Hey Claire, I want to approach this break with curiosity and creativity, but I’m not sure where to start. Can you ask me questions to help me find new ways to fill my time—like trying a hobby, asking better questions, or seeing challenges as opportunities?""}","[""What’s one area of your life you could approach with more **curiosity**, and how might asking different questions open new paths for you? ""]","{""Curiosity Meditation"":""https://clear30.io/46I0Rvz""}",,reflection,curiosity-and-creativity,"Einstein did it, _CLIENTNAME_. Here’s how it can work for you.",🔑 Bored? Stuck? Ask a Better Question.,,https://m.clear30.org/videos/24.mp4,,"[""https://m.clear30.org/carousels/24/1.png"",""https://m.clear30.org/carousels/24/2.png"",""https://m.clear30.org/carousels/24/3.png"",""https://m.clear30.org/carousels/24/4.png"",""https://m.clear30.org/carousels/24/5.png"",""https://m.clear30.org/carousels/24/6.png"",""https://m.clear30.org/carousels/24/7.png"",""https://m.clear30.org/carousels/24/8.png"",""https://m.clear30.org/carousels/24/9.png"",""https://m.clear30.org/carousels/24/10.png"",""https://m.clear30.org/carousels/24/11.png""]",
504,24,🌎 Exploring Life Without Cannabis,Turning Curiosity Into Discovery,"If your goal is to explore life without cannabis, start with this question: **What does life look like when you remove the filter?** Without the haze, you’re not just stepping away from something—you’re stepping toward clarity, creativity, and connection that’s fully yours.  
 

 Here’s an exercise for you, _CLIENTNAME_: **pick something you’ve always done with cannabis and try it sober.** Maybe it’s watching a favorite movie, listening to music, or even having a conversation. Notice what feels different. Is there a sharper edge to the experience? A new layer of depth you hadn’t seen before?  
 

 Curiosity isn’t about replacing what you’ve lost—it’s about finding what’s been waiting underneath. Life without cannabis isn’t smaller—it’s more vivid, more real. The more you explore, the more you discover what’s been there all along. 🌟",clear30,Break-Reason,Explore Life Without Cannabis,,"{""✨ Can You Help Me Rediscover Life Without Cannabis?"":""Hey Claire, I want to explore what life feels like without the filter of cannabis. Can you ask me questions to help me reflect on how familiar activities—like music or conversations—feel different now and guide me toward noticing new layers of depth or clarity?""}","[""What’s one **activity** you’ve rediscovered without cannabis, and how has experiencing it sober added more *depth or clarity*? ""]",,,reflection,,You’ve done this high—now try it clear-headed. What’s new?,🧠 What Feels Different Without Weed?,,,,,
505,24,🌈 Curiosity Never Ages,Rediscovering What’s Yours,"At 65 and beyond, _CLIENTNAME_, curiosity is less about finding the new and more about **seeing the familiar in a fresh light.** This break isn’t just about stepping away—it’s about stepping back into life with sharper focus.  
 

 Try this: **revisit something you haven’t done in years.** Maybe it’s music you loved, a favorite walk, or an old hobby. Experience it fully—without distraction—and notice the details that stand out now.  
 

 The magic isn’t in adding something new—it’s in rediscovering what’s already yours, clearer than ever. 🌟",clear30,LO-Age,65,"{""🎨 How do you keep life meaningful as you age?"":""https://www.reddit.com/r/RedditForGrownups/comments/1ew5elt/how_do_you_keep_life_meaningful_as_you_age/""}","{""🔍 Can You Help Me Rediscover What I’ve Always Loved?"":""Hey Claire, I want to use this break to see the familiar in a fresh light. Can you ask me questions to help me revisit things I used to enjoy—like music, walks, or hobbies—and guide me toward experiencing them with sharper focus and curiosity?""}","[""What’s one **familiar activity** you’ve revisited during this break, and how has experiencing it with fresh focus brought *new meaning*? ""]",,,reflection,,Revisit something you loved—see what stands out now.,🧠 Your Past Holds a Surprise.,,,,,
506,24,🌤️ Curiosity and Depression,Rediscovering What Brings Light,"When your goal is to reduce depression, curiosity can be a powerful guide. It’s not about forcing happiness—it’s about asking, **What still sparks my interest? What feels worth exploring?**  
 

 Try this: **find one small thing to approach differently today.** It could be as simple as taking a different route on a walk, listening to a new piece of music, or asking someone a question you’ve never thought to ask. _CLIENTNAME_, these small acts of curiosity shift your focus outward, creating room for light to seep into the heavy moments.  
 

 Depression can feel like it dulls everything, but curiosity reminds you there’s still more to see, more to notice, and more to rediscover. Every small question you ask leads to something brighter. 🌟",clear30,Break-Reason,Reduce Depression,,"{""🔦 Can You Help Me Find Light Through Curiosity?"":""Hey Claire, depression makes things feel heavy, but I want to use curiosity to shift my focus outward. Can you ask me questions to help me explore small things—like a new perspective, activity, or conversation—that might spark interest or bring a moment of light?""}","[""What’s one **small act of curiosity** you’ve tried recently, and how has it helped you find *light in the heavy moments*? ""]",,,reflection,,Try this tiny change—it might make a bigger impact than you think.,🧠 A Small Shift That Can Help Today.,,,,,
507,24,🌱 Curiosity and Connection,Redefining Loneliness Through Exploration,"Loneliness isn’t just about the lack of people, _CLIENTNAME_—it’s about the lack of meaningful experiences with others. **What if curiosity wasn’t just a tool to overcome loneliness, but a way to connect deeply with the world around you?**  
 

 Try this: **become an explorer of moments.** Go somewhere new—a park, a class, a local event—and observe the rhythms of people. Notice their interactions, their laughter, their quiet moments. Let your curiosity guide you: *What stories are unfolding here? What do these moments say about the connections waiting to happen?*  
 

 Here’s the shift for you, _CLIENTNAME_: **instead of seeking company, seek understanding.** The more you observe, the more natural connection becomes—whether it’s striking up a conversation, joining a shared activity, or simply feeling part of the bigger picture.  
 

 Loneliness doesn’t disappear in one big moment—it fades as you immerse yourself in curiosity about the world around you. Each step outward invites connection inward. 🌟",clear30,Break-Reason,Enhance Social Connections,,"{""✨ Can You Help Me Use Curiosity to Build Connection?"":""Hey Claire, loneliness feels tough, but I want to explore how curiosity can help me connect with others and the world around me. Can you ask me questions to help me notice the rhythms of people, find opportunities for connection, and feel part of something bigger?""}","[""What’s one **moment you’ve observed** during this break that sparked curiosity about others, and how has it helped you feel more *connected to the world around you*? ""]",,,reflection,,A simple tweak can make connections feel more natural.,🧠 Feeling Disconnected? Try This.,,,,,
508,24,🎨 Curiosity and Everyday Moments,Creating Your Own Spark,"If weed helped you find joy in chores, work, or music, ask yourself: **Was it the weed—or was it the way you allowed yourself to immerse in the experience?** This break is your chance to explore how much of that spark was always yours.  
 

 Here’s an experiment: **flip the script on the task.** Turn something repetitive into something playful—like doing chores to an album you’ve never heard, _CLIENTNAME_, or tackling work by setting a timer and challenging yourself to beat the clock. With music or movies, lean into contrast—watch a genre you’ve never explored or listen for an instrument you’d usually miss.  
 

 The point isn’t to replace weed—it’s to see how creativity and curiosity can turn even the mundane into something vivid and alive. The spark isn’t gone; you’re learning how to ignite it yourself. 🌟",clear30,Trigger,Wanting to enhance things chores work or movies or music,"{""🎉 How do you make your mundane tasks enjoyable?"":""https://www.reddit.com/r/simpleliving/comments/1b4qwkx/how_do_you_make_your_mundane_tasks_enjoyable/""}","{""✨ Can You Help Me Find Joy in Everyday Moments Without Weed?"":""Hey Claire, I used to rely on weed to make things like chores or music more enjoyable, but now I want to explore how curiosity can bring that spark back. Can you ask me questions to help me flip the script on everyday tasks and find ways to immerse myself fully in the experience?""}","[""What’s one **everyday task** you’ve made more engaging during this break, and how has it helped you rediscover your *natural spark*? ""]",,,reflection,,A quick trick to bring excitement back—without weed.,🧠 How to Make the Mundane Feel Interesting Again.,,,,,
509,25,🔑 Clear30 Beyond Weed,A Foundation for Intentional Living,"Clear30 wasn’t just about taking a break from weed, _CLIENTNAME_—it was about learning how to **recognize patterns, face discomfort, and respond with intention.** These tools don’t stop here.  
 

 Think about your other habits, _CLIENTNAME_. Does sugar sneak into your routine when you’re stressed? Does endless scrolling leave you feeling drained? The same strategies you’ve mastered—*pausing, reflecting, leaning into discomfort*—can help you tackle them.  
 

 This isn’t just a break; it’s a shift. The mindfulness you’ve cultivated and the choices you’ve refined are a **blueprint for change** in every part of your life. The question is: *What will you take on next?* 🚀",clear30,,,"{""⚠️ What actually is “vice” and why should it be avoided?"":""https://www.reddit.com/r/Stoicism/comments/1bs3dcu/what_actually_is_vice_and_why_should_it_be_avoided/""}","{""🔑Applying What I’ve Learned to Other Habits"":""Hey Claire, Clear30 has taught me a lot about recognizing patterns and responding with intention, and I want to apply those lessons to other habits. Can you ask me questions to help me reflect on areas—like stress eating or endless scrolling—where I could use the same strategies to make positive changes?""}","[""What’s one habit outside of weed you’d like to approach with the same **intentionality** you’ve developed during Clear30, and what’s your first step? ""]","{""The Energy to Keep Building"":""https://m.clear30.org/meditations/25_The Energy to Keep Building.m4a""}",,reflection,clear30-past-weed,"Your mindset is shifting, _CLIENTNAME_. Let’s build on it.",🌟 Clear30 Was Step One—What’s Step Two?,,https://m.clear30.org/videos/25.mp4,,"[""https://m.clear30.org/carousels/25/1.png"",""https://m.clear30.org/carousels/25/2.png"",""https://m.clear30.org/carousels/25/3.png"",""https://m.clear30.org/carousels/25/4.png"",""https://m.clear30.org/carousels/25/5.png"",""https://m.clear30.org/carousels/25/6.png"",""https://m.clear30.org/carousels/25/7.png"",""https://m.clear30.org/carousels/25/8.png""]",
510,26,🔁 Navigating Life’s Toughest Moments,Resilience in the Face of Setbacks,"Life’s hardest moments—stress, loss, or overwhelming uncertainty—can pull you toward old habits. Weed might feel like the easy fix, but it’s not the only way to cope. **These moments aren’t where progress ends—they’re where resilience begins.**  
 

 When a slip happens, pause and reflect without judgment: *What led me here? What can I learn?* Use what you uncover to make one small change, _CLIENTNAME_, one healthy choice to rebuild your momentum.  
 

 Lean into discomfort—it’s temporary, but the strength you gain lasts. Focus on what you can control: your actions, your mindset, your next step.  
 

 **Setbacks don’t define you—they shape you.** Each time you rise after a fall, you’re proving to yourself just how capable you are. 🌟",clear30,,,"{""🌿 I Relapsed Quitting Weed !"":""https://www.youtube.com/watch?v=KFAwb0py9ro"",""🔄 So I relapsed after 4 months...here's what I learned :)"":""https://www.reddit.com/r/leaves/comments/raphbx/so_i_relapsed_after_4_monthsheres_what_i_learned/""}","{""😶‍🌫️ Learning from Setbacks and Rebuilding Momentum"":""Hey Claire, tough moments sometimes pull me toward old habits, but I want to focus on building resilience. Can you ask me questions to help me reflect on what I can learn from slip-ups and guide me toward small, healthy choices that help me move forward?""}","[""What’s one tough moment you’ve faced recently, and how did it shape your understanding of **resilience** and your ability to keep moving forward? ""]",,,reflection,dealing-with-setbacks,"Here’s how to turn them into growth, _CLIENTNAME_.",🌪️ Hard Days Don’t Erase Progress,,https://m.clear30.org/videos/26.mp4,,"[""https://m.clear30.org/carousels/26/1.png"",""https://m.clear30.org/carousels/26/2.png"",""https://m.clear30.org/carousels/26/3.png"",""https://m.clear30.org/carousels/26/4.png"",""https://m.clear30.org/carousels/26/5.png"",""https://m.clear30.org/carousels/26/6.png"",""https://m.clear30.org/carousels/26/7.png"",""https://m.clear30.org/carousels/26/8.png"",""https://m.clear30.org/carousels/26/9.png"",""https://m.clear30.org/carousels/26/10.png""]",
511,26,🛡️ Resilience in Familiar Spaces,Finding Strength When Weed Is Around,"When weed is part of your environment, _CLIENTNAME_, navigating setbacks can feel even harder. **But resilience isn’t about removing every trigger—it’s about learning how to face them.**  
 

 Ask yourself, _CLIENTNAME_: *When I slip, is it because weed is easy to access, or because the habit feels automatic?* These aren’t failures—they’re insights. Reflect on what led you there: *What moment could I approach differently next time?*  
 

 Lean into these challenges—they’re temporary, but the clarity and control you’re building will last. Every time you pause, reflect, and choose a new path, you’re proving to yourself that progress doesn’t stop where temptation begins. 🌟",clear30,Trigger,It is available around me generally,,"{""🔁 Can You Help Me Stay Resilient Around Weed?"":""Hey Claire, being around weed feels challenging, but I want to focus on building strength instead of avoiding triggers. Can you ask me questions to help me reflect on what leads to slip-ups and guide me toward strategies to pause, reflect, and make intentional choices in those moments?""}","[""What’s one **trigger** you’ve faced in your environment, and how has reflecting on it helped you build *resilience and control*? ""]",,,reflection,,A simple shift can help you stay in control—even when it’s within reach.,🔁 Weed’s Right There—Now What?,,,,,
512,26,💪 Resilience in Life’s Toughest Moments,Rethinking Stress Relief,"When life feels overwhelming, turning to weed for relief can feel like the only way to breathe. But here’s something to sit with: **what if it’s not the weed that’s helping, but the pause it creates?** That moment of stepping away is where the real calm begins—it’s just been tied to the habit.  
 

 Next time stress feels unbearable, _CLIENTNAME_, try this: **create the pause without the smoke.** Step outside, rinse your hands under cold water, or sit quietly with your eyes closed. Focus on what your body feels—your feet on the ground, the tension in your chest easing as you breathe.  
 

 Here’s the shift: the relief isn’t in the weed—it’s in the act of resetting. The more you practice stepping into that space, the more resilient you’ll feel, even in life’s hardest moments. 🌟",clear30,Trigger,Stress relief / relax,,"{""🔁 Can You Help Me Find Relief Without Weed?"":""Hey Claire, stress sometimes makes me want to turn to weed, but I want to explore how to create that sense of calm without it. Can you ask me questions to help me reflect on how to pause and reset—like stepping outside or grounding myself—and guide me toward building resilience in tough moments?""}","[""What’s one **moment of stress** you’ve faced recently, and how did creating a pause without weed help you find *relief and resilience*? ""]",,,reflection,,Try This Instead 👉 A quick reset that brings relief—without reaching for weed.,🔁 Feeling Overwhelmed?,,,,,
513,27,🌀 Seeing Weed Clearly,Breaking Free from Nostalgia,"Looking back, _CLIENTNAME_, you might think, *“Was it really that bad?”* That’s **Fading Affect Bias (FAB)** at work—your brain holding onto the good times while letting the hard parts fade. It’s why weed might feel more appealing in hindsight than it truly was.  
 

 Think about it: the laughs and creative sparks stay vivid, but the anxiety, fog, and missed opportunities fade into the background. **FAB blurs the truth, but reflection sharpens it.**  
 

 Take a moment to write down what weed gave you and what it took away—no judgment, just honesty. Let these reflections remind you why you started Clear30 and why you're building something better.  
 

 **Nostalgia doesn’t get to rewrite your story—you do**, _CLIENTNAME_. Stay grounded, stay clear. 🌟",clear30,,,"{""🧑‍⚕️ Dr. Fred's Presentation"":""https://www.youtube.com/watch?v=QVUrMXJ3wZ8"",""🌿 100 Days Without Marijuana. Here is What I Learned"":""https://www.youtube.com/watch?v=nXnr1eWP_uQ""}","{""🌀 Seeing Weed Clearly: The Good and the Hard Parts"":""Hey Claire, I’ve been looking back at my time with weed and want to reflect on what it truly gave me and what it took away. Can you ask me questions to help me explore both the good and the hard parts, so I can stay grounded in the reasons I started Clear30?""}","[""What’s one *memory* of weed that feels better in hindsight, and how might reflecting on the *full picture* keep you grounded in your journey? ""]","{""Fading Affect Bias Meditation"":""https://m.clear30.org/fadingaffect.mp3""}",,reflection,fab,"There’s a reason it feels that way, _CLIENTNAME_. Let’s dig in.",⏳ Is Weed as Good as You Remember?,,https://m.clear30.org/videos/27.mp4,,"[""https://m.clear30.org/carousels/27/1.png"",""https://m.clear30.org/carousels/27/2.png"",""https://m.clear30.org/carousels/27/3.png"",""https://m.clear30.org/carousels/27/4.png"",""https://m.clear30.org/carousels/27/5.png""]",
514,27,💤 Seeing Sleep Clearly,Unpacking the Nostalgia,"When your goal is better sleep, _CLIENTNAME_, weed can feel like it was the perfect solution. The nights where it helped you drift off might stand out, but ask yourself: **What about the mornings after? What about the nights it didn’t truly help?**  
 

 This is Fading Affect Bias (FAB) at work—your brain holding onto the relief while letting the foggy mornings, restless sleep cycles, or grogginess fade into the background. Take a moment to reflect: *Was it really restful sleep, or was it just numbing the discomfort of trying to fall asleep?*  
 

 Here’s something to try: **notice what your sleep feels like now**, _CLIENTNAME_. Even if it’s not perfect yet, are there moments where rest feels more natural or mornings where you feel clearer? This break isn’t just about stepping away—it’s about rediscovering sleep as something your body can create, not something you have to chase. 🌟",clear30,Break-Reason,Improve Sleep Quality,,"{""💤 Can You Help Me Reflect on How Weed Affected My Sleep?"":""Hey Claire, I’m realizing that weed seemed to help me sleep, but I want to understand if it was truly restful. Can you ask me questions to help me compare how my sleep feels now versus then and guide me toward noticing the natural progress I’m making?""}","[""What’s one **difference** you’ve noticed in your sleep during this break, and how has it helped you see rest as something your body can *naturally create*? ""]",,,reflection,,The full story might surprise you—tap to see why.,🌀 Think Weed Helped You Sleep?,,,,,
515,27,📖 Reframing the Past,Weed’s Hidden Costs,"When weed was harming more than helping, it’s easy to forget the full picture. **Your brain naturally clings to the good moments—those sparks of creativity, the ease of escape—while the harder truths fade into the background.** That’s Fading Affect Bias (FAB) at work.
 

 Here’s an angle to consider, _CLIENTNAME_: **what didn’t happen because of weed?** Were there conversations you avoided, goals you postponed, mornings where your mind felt foggy instead of clear? Sometimes the real cost isn’t what weed brought, but what it quietly took away.
 

 This reflection isn’t about blame—it’s about clarity. By recognizing what was missing, you’re reclaiming the space to move forward without those invisible losses holding you back. 🌟",clear30,Help-Harm,Somewhat harming more than helping,,"{""🌀 Can You Help Me See What Weed Took Away?"":""Hey Claire, I want to reflect on what weed gave me but also what it quietly took away. Can you ask me questions to help me uncover the moments or opportunities I might have missed and guide me toward seeing how I can reclaim those now?""}","[""What’s one **opportunity or moment** weed may have taken from you, and how does reflecting on it help you reclaim space for *growth and clarity*? ""]",,,reflection,,Your brain hides the downsides. Let’s uncover them.,🌀 You Remember the Good—But What Else?,,,,,
516,27,🌫️ Reframing the Past,Weed’s Hidden Costs,"When weed was harming more than helping, _CLIENTNAME_, it’s easy to forget the full picture. **Your brain naturally clings to the good moments—those sparks of creativity, the ease of escape—while the harder truths fade into the background.** That’s Fading Affect Bias (FAB) at work.  
 

 Here’s an angle to consider: **what didn’t happen because of weed?** Were there conversations you avoided, goals you postponed, mornings where your mind felt foggy instead of clear? Sometimes the real cost isn’t what weed brought, _CLIENTNAME_, but what it quietly took away.  
 

 This reflection isn’t about blame—it’s about clarity. By recognizing what was missing, you’re reclaiming the space to move forward without those invisible losses holding you back. 🌟",clear30,Help-Harm,Mostly harming more than helping,,"{""🌀 Can You Help Me See What Weed Took Away?"":""Hey Claire, I want to reflect on what weed gave me but also what it quietly took away. Can you ask me questions to help me uncover the moments or opportunities I might have missed and guide me toward seeing how I can reclaim those now?""}","[""What’s one **opportunity or moment** weed may have taken from you, and how does reflecting on it help you reclaim space for *growth and clarity*? ""]",,,reflection,,Your brain hides the downsides. Let’s uncover them.,🌀 You Remember the Good—But What Else?,,,,,
517,27,🔥 Reclaiming Motivation,Unpacking the Stories You’ve Told Yourself,"If motivation has been your struggle, it’s easy to look back on weed and think, *“It helped me relax enough to get started”* or *“It gave me the focus I needed.”* But here’s the question: **did it really spark motivation, or was it a way to avoid the discomfort of beginning?**  
 

 Think about this, _CLIENTNAME_: **what’s the smallest thing you didn’t do because weed made it easier to delay?** Maybe it was sending that email, starting that workout, or even cleaning the space around you. Motivation often hides in these small actions—the ones that feel too minor to matter but quietly build momentum.  
 

 Here’s something tangible: *pick the tiniest task on your list today and finish it.* Notice what shifts—was it the task itself, or the energy it unlocked afterward? The truth about motivation is that it’s rarely about feeling ready—it’s about proving to yourself, action by action, that progress is possible. 🌟",clear30,Break-Reason,Increase Motivation,,"{""🌀 Can You Help Me Reclaim My Motivation Without Weed?"":""Hey Claire, I’ve been reflecting on how weed might have impacted my motivation—both what it gave me and what it held back. Can you ask me questions to help me notice the small actions I’ve delayed and guide me toward taking one tiny step to unlock momentum today?""}","[""What’s one **small task** you’ve completed during this break, and how has taking action helped you *rebuild motivation*? ""]",,,reflection,,Did It Help or Hold You Back? One quick question might change how you see it.,🌀 Weed & Motivation,,,,,
518,27,🌊 Reducing Anxiety,Separating Relief from Reality,"If your goal, _CLIENTNAME_, is to ease anxiety, it’s tempting to look back on weed as a safety net—a way to calm the storm. But here’s the truth: **Fading Affect Bias (FAB)** can make you remember the moments of ease while forgetting how anxiety often crept back stronger.  
 

 Here’s something for you to reflect on, _CLIENTNAME_: **did weed truly calm your mind, or did it pause the noise for a while, only to leave you feeling more on edge later?** Think about the cycle—how it felt to reach for relief, only to feel the unease build again once the high faded.  
 

 Now, without it, what moments of real calm are starting to show up? They may feel smaller and quieter, but they’re lasting longer because they’re real. This break isn’t just about stepping away from the haze—it’s about teaching your mind to find steady ground, no shortcuts required. 🌟",clear30,Break-Reason,Reduce Anxiety,,"{""🌀 Can You Help Me Reflect on Weed’s Role in My Anxiety?"":""Hey Claire, I want to explore how weed affected my anxiety—whether it truly helped or just paused the noise temporarily. Can you ask me questions to help me notice moments of real calm during this break and guide me toward understanding how I’m finding steady ground without it?""}","[""What’s one **moment of real calm** you’ve noticed during this break, and how does it show you’re finding *lasting relief* without shortcuts? ""]",,,reflection,,There’s something important your brain isn’t telling you.,🌀 Anxiety Without Weed—Easier or Harder?,,,,,
519,27,🔗 Reducing Dependency,Seeing the Cycle Clearly,"If your goal is to reduce dependency, _CLIENTNAME_, Fading Affect Bias (FAB) might make you look back and think, *“Was it really that bad?”* The ease weed brought to tough moments stands out, while the harder truths—the reliance, the cravings, the need—fade into the background.  
 

 Here’s a question for you to consider: **Was weed helping, or was it keeping you in the loop?** Did it really solve the stress, boredom, or cravings—or did it just quiet them until the next hit? Reflect on what weed gave you, but also on what it demanded in return—your time, your focus, your energy.",clear30,Break-Reason,Reduce Dependency on Cannabis,,"{""🌀 Can You Help Me Reflect on My Dependency on Weed?"":""Hey Claire, I’ve been thinking about how weed seemed to help but also kept me in a cycle. Can you ask me questions to help me explore what it gave me, what it took, and how I can step out of that loop to regain my time, focus, and energy?""}","[""What’s one **demand** weed placed on your life, and how does reflecting on it help you *break free from the cycle*? ""]",,,reflection,,"If weed felt like relief, this might change your perspective.",🌀 Breaking Free?,,,,,
520,28,🛤️ What’s Next?,"Your Journey, Your Choice","Clear30 was never just about the break—it was about clarity. Now’s the time to decide: **What role does weed play in your life from here?**
 

 Will you embrace **moderation,** commit to **abstinence,** or approach weed with **mindful intention**? There’s no single right answer—only the one that aligns with *your* goals, _CLIENTNAME_.
 

 Look back on what you’ve learned. What surprised you? What felt like growth? Let those reflections guide your next step.
 

 This is your journey. You’ve built the tools—now it’s time to use them. 🌱",clear30,,,"{""🍹 How to decide between sobriety and moderation"":""https://www.reddit.com/r/Petioles/comments/epez3l/how_to_decide_between_sobriety_and_moderation/"",""🌿 New system for moderating cannabis use: not moderating"":""https://www.reddit.com/r/Petioles/comments/1fzrymw/new_system_for_moderating_cannabis_use_not/""}","{""🛤️ Planning My Next Steps After Clear30"":""Hey Claire, I’ve learned so much during this break, and now I want to reflect on what role weed should play in my life moving forward. Can you ask me questions to help me explore my goals, what I’ve grown through, and how I can align my next steps with what feels right for me?""}","[""What’s one *lesson* from Clear30 that will shape how you choose to approach weed moving **forward**? ""]",,,moving_forward,moderation-vs-abstienece,"Let’s figure out what aligns with your goals, _CLIENTNAME_.",🌱 Weed or No Weed? That’s Up to You,,https://m.clear30.org/videos/28.mp4,,"[""https://m.clear30.org/carousels/28/1.png"",""https://m.clear30.org/carousels/28/2.png"",""https://m.clear30.org/carousels/28/3.png"",""https://m.clear30.org/carousels/28/4.png"",""https://m.clear30.org/carousels/28/5.png"",""https://m.clear30.org/carousels/28/6.png"",""https://m.clear30.org/carousels/28/7.png"",""https://m.clear30.org/carousels/28/8.png""]",
521,28,🌬️ Smoking with Intention,Reflecting on the Role of Weed,"If your goal, _CLIENTNAME_, is to return to smoking the same after Clear30, this break is still an opportunity to reflect: **What does your current relationship with weed offer, and what does it take?**  
 

 Ask yourself: *Are there moments where weed truly adds value—helping you unwind or connect? Are there moments where it feels more like habit than choice?* Use what you’ve learned during this break to fine-tune your approach.  
 

 Returning to smoking doesn’t mean going back to autopilot. **By staying intentional, you can make each choice align with the life you’re working to build—where weed supports your goals, not steers them.** 🌟",clear30,Then-What,I want to use the same,,"{""🛤️ Can You Help Me Reflect on Smoking With Intention?"":""Hey Claire, I’m considering returning to smoking after Clear30, but I want to make sure it aligns with my goals. Can you ask me questions to help me reflect on when weed adds value, when it feels like habit, and how I can stay intentional about my choices?""}","[""What’s one **way** you want to make your relationship with weed more intentional, and how will it help align with the *life you’re building*? ""]",,,moving_forward,,"Whether you return or not, here’s how to stay intentional.",🛤️ What’s Next for Your Weed Use?,,,,,
522,28,"🌅 Smoking Less, Living More",Redefining Moderation,"If your goal is to smoke less after Clear30, the question isn’t just *“How much?”*—it’s *“How does smoking fit into the life I want to live?”* Moderation isn’t about strict rules; it’s about clarity and balance.  
 

 Here’s an exercise for you, _CLIENTNAME_: **define your limits with purpose.** When do you feel smoking adds value—creativity, calm, connection—and when does it pull you away from what matters? Reflect on the times during your break when you felt clearer or more present without it. Use those insights to guide when and why you smoke going forward.  
 

 Moderation works best when it’s intentional. **By choosing when weed fits into your life—not the other way around—you’re creating space for a relationship with it that enhances, rather than takes away.** 🌟",clear30,Then-What,I want to use less or use differently,,"{""🛤️ Can You Help Me Redefine Moderation With Weed?"":""Hey Claire, I want to smoke less after Clear30, but I also want to make sure it aligns with the life I’m building. Can you ask me questions to help me reflect on when smoking adds value and when it doesn’t, so I can create clear, intentional limits for myself?""}","[""What’s one **insight** from this break that will help you define your limits with weed, and how will it support a *balanced and intentional* relationship? ""]",,,moving_forward,,A simple way to define your limits with purpose.,🛤️ Want to Smoke Less? Read This.,,,,,
523,28,🌄 Living Without Weed,Defining the Path Ahead,"You started Clear30 with the plan to quit weed entirely, _CLIENTNAME_—now it’s about defining what that life looks like for you. **What does a day without weed give you that it couldn’t?** Clearer mornings? Focus that’s fully yours? Freedom from the cycle?
 

 Take a moment to reflect, _CLIENTNAME_: *What surprised you during this break? What habits or moments felt like progress?* Use those lessons to shape the routines and mindset you’ll carry forward.
 

 Quitting isn’t just about leaving weed behind—it’s about creating a life where the clarity, energy, and control you’ve built become your new normal. 🌟",clear30,Then-What,I want to stop cannabis/weed use entirely,,"{""🛤️ Can You Help Me Define My Life Without Weed?"":""Hey Claire, I’ve committed to living without weed, and I want to reflect on what this break has taught me. Can you ask me questions to help me explore the surprises, habits, and moments of progress that I can carry forward to shape my new routines and mindset?""}","[""What’s one **surprising benefit** you’ve noticed during this break, and how will it help you create a *new normal* without weed? ""]",,,moving_forward,,See what quitting is actually giving you.,🛤️ Life Without Weed—What’s Different?,,,,,
524,29,🫶 The Power of Acceptance,Embracing Yourself Fully,"Acceptance isn’t about giving up—it’s about meeting yourself where you are. **No judgment, no frustration.** It’s acknowledging the present without trying to fight it and letting go of the “what ifs” holding you back.
 

 Acceptance means saying, *“This is me—my strengths, my flaws, my progress—and that’s okay.”* It's not settling; it's self-love. When _CLIENTNAME_, you accept yourself fully, you create space for growth, for change, for moving forward.
 

 **Today, when frustration creeps in, pause.** Say to yourself, *“I see where I am, and I’m enough.”* That moment of recognition is where freedom begins.
 

 The good, the messy, the growing—it’s all part of you. And it’s all enough. 🌟",clear30,,,"{""🌟 Acceptance Motivation"":""https://www.youtube.com/watch?v=-lc3EDum9sc"",""🔄 The paradox of control"":""https://www.youtube.com/watch?v=koo59KK43YA"",""❤️ Self-Love brings freedom"":""https://www.youtube.com/watch?v=vj0JDwQLof4"",""🤗 How to Embrace Self-Acceptance"":""https://www.verywellmind.com/self-acceptance-characteristics-importance-and-tips-for-improvement-6544468"",""🎯 Prioritize self-acceptance over self-improvement"":""https://www.reddit.com/r/selfimprovement/comments/lekofw/prioritize_selfacceptance_over_selfimprovement/"",""💙 A practical way to practice self-acceptance 💙"":""https://www.reddit.com/r/DecidingToBeBetter/comments/175qvzf/a_practical_way_to_practice_selfacceptance/"",""🙌 Accept Yourself Unconditionally (Even When You’re Struggling)"":""https://tinybuddha.com/blog/accept-unconditionally-even-youre-struggling/""}","{""🫶 Practicing Acceptance and Self-Love Today"":""Hey Claire, I want to work on fully accepting where I am—my strengths, my flaws, and my progress. Can you ask me questions to help me reflect on moments of growth and guide me toward letting go of judgment and embracing self-love?""}","[""What’s one part of yourself you’ve come to **accept** during this journey, and how has that acceptance created space for *growth*? ""]","{""Acceptance Meditation"":""https://m.clear30.org/acceptance.mp3""}",,moving_forward,acceptance,"This shift changes everything, _CLIENTNAME_.",🌿 What If You Stopped Fighting Where You Are?,,https://m.clear30.org/videos/29.mp4,,"[""https://m.clear30.org/carousels/29/1.png"",""https://m.clear30.org/carousels/29/2.png"",""https://m.clear30.org/carousels/29/3.png"",""https://m.clear30.org/carousels/29/4.png"",""https://m.clear30.org/carousels/29/5.png"",""https://m.clear30.org/carousels/29/6.png"",""https://m.clear30.org/carousels/29/7.png"",""https://m.clear30.org/carousels/29/8.png""]",
525,30,🎉 YOU DID IT!!!,"Reflect, Celebrate, and Carry It Forward","**🎉🥳 Congratulations, _CLIENTNAME_, on completing Clear30!** Whether you approached it with intensity or took it day by day, you committed to disrupting old patterns and exploring something new. That’s powerful—and worth celebrating. 👏  
 

 Take a moment to reflect:  
 - What strength did you uncover in yourself?  
 - How have you grown in ways you didn’t expect?  
 - What resilience are you taking forward from this journey?  
 

 This isn’t just about these past 30 days without weed—it’s about what you’ve proven to yourself: that you can show up, face challenges, and create meaningful change.  
 

 Take pride in what you've accomplished, _CLIENTNAME_, and carry it with you. The tools, clarity, and growth you've gained are yours to keep. 🌟🤍💚",clear30,,,"{""🎉 How do you celebrate!"":""https://www.reddit.com/r/simpleliving/comments/1hkbv8z/how_do_you_celebrate/""}","{""🎉 Celebrating and Reflecting on My Clear30 Journey"":""Hey Claire, I’ve completed Clear30, and I want to take a moment to celebrate and reflect. Can you ask me questions to help me uncover the strengths I’ve built, the unexpected growth I’ve experienced, and the resilience I’m carrying forward?""}","[""What’s one **strength** you uncovered during Clear30, and how will you carry it forward into the next chapter of your life? ""]","{""Completion Meditation!"":""https://m.clear30.org/finalpage.mp3""}",,moving_forward,celebration,"Look back on what you’ve built, _CLIENTNAME_.",🎉 YOU DID IT! Clear30 Complete!,https://m.clear30.org/videos/day_30.png,https://m.clear30.org/videos/day_30.mp4,,"[""https://m.clear30.org/carousels/30/1.png"",""https://m.clear30.org/carousels/30/2.png"",""https://m.clear30.org/carousels/30/3.png"",""https://m.clear30.org/carousels/30/4.png"",""https://m.clear30.org/carousels/30/5.png"",""https://m.clear30.org/carousels/30/6.png"",""https://m.clear30.org/carousels/30/7.png""]",
526,0,You're break starts soon!,🤗,"Welcome to Clear30 _CLIENTNAME_!
 This is where you'll start to see your daily content once your break begins.",clear30-start-soon,,,,,,,,preparation,,,,,,,,
527,2,Get ready!,☀️,Get ready _CLIENTNAME_ - tomorrow we're gonna get all set up for your Clear30!,clear30-start-soon,,,,,,,,preparation,,,,,,,,
528,3,3 more days!,💯,Its normal to feel a bit nervous before you start your break - but you can reframe that into excitement. Regardless of the outcome - you'll be putting effort into improving your life - and that goes a long way!,clear30-start-soon,,,,,,,,preparation,,,,,,,,
529,4,Look out!,👀,"🔮 Be on the lookout for small, subtle changes on your clear30. It might change you in ways you don't realize...",clear30-start-soon,,,,,,,,preparation,,,,,,,,
530,5,You're not alone!,🫂,"You're not alone on your clear30. You can always Text Asher, Message Dr. Fred or post in community. We're all here for you ☺️",clear30-start-soon,,,,,,,,preparation,,,,,,,,
531,6,6 more days!,🗓️,Six days before your break! If you've got a lot on your mind - it can help to dump it all out into a journal.,clear30-start-soon,,,,,,,,preparation,,,,,,,,
532,7,One week!,⏩,Just a week left before your Clear30 starts _CLIENTNAME_. It's a great time to think about what you hope to gain from it and how you want to prepare!,clear30-start-soon,,,,,,,,preparation,,,,,,,,
533,8,We got you.,🫶,We got you _CLIENTNAME_. We're gonna do everything in our power to make your clear30 as smooth as possible :),clear30-start-soon,,,,,,,,preparation,,,,,,,,
534,9,Discovery,🧠,Comfort zones are fun to break out of. I'm excited for you _CLIENTNAME_!,clear30-start-soon,,,,,,,,preparation,,,,,,,,
535,10,10 more days!,🪴,Your break starts in 10 days... It might bring challenges. Don't be too hard on yourself if you're not perfect - just focus on effort.,clear30-start-soon,,,,,,,,preparation,,,,,,,,
536,11,Who do you want to become?,🤔,You've got 11 days till your Clear30 starts! It's a great time to think about where you are right now - and who you want to become in 41 days.,clear30-start-soon,,,,,,,,preparation,,,,,,,,
537,18,💵 Fueling What Matters to You,Choosing Where Your Money Flows," Every dollar you’re not spending on weed is more than money saved—it’s a vote for the kind of life you’re building.  

When you spend on weed, you’re paying for escape. When you save, you’re paying for possibility.  

The question is: **_CLIENTNAME_, what possibility do you want to fund?**  
Is it energy for your body, a new experience, or more peace of mind?  

You don’t need to have the answer today. But notice the shift—your money is no longer slipping away without thought. It’s waiting for you to choose. And every choice, big or small, is shaping a future that feels more like yours.  ",clear30,,,"{""📊 How To Use Your Money Wisely"":""https://www.youtube.com/watch?v=wsT2bBo4XT8&t=19s"",""💵 Saving $200/month—now what?!"":""https://www.reddit.com/r/leaves/comments/1k6s0ha/im_saving_200mo_by_not_smoking_weed_and_i_find_it/"",""🤔 What do normal people do with extra money?"":""https://www.reddit.com/r/NoStupidQuestions/comments/1m2kgq0/what_do_normal_people_do_with_extra_money/"",""💰 How much money have you saved since you quit weed?"":""https://www.reddit.com/r/leaves/comments/s7upgz/how_much_money_have_you_saved_since_you_quit_weed/""}","{""💡 Can You Help Me Decide What to Save Toward?"":""Hey Claire, I’ve been saving money by not smoking, and I want to figure out the best place to put it. Can you ask me questions to help me explore what I really want to save for, why it matters to me, and how I can start taking steps toward it?""}","[""Imagine holding the money you’ve saved from this break in your hands. Where would you want to place it so it actually supports the *life you want to build*?""]","{""Where Your Money Goes"":""https://m.clear30.org/meditations/18_Where Your Money Goes.m4a""}",,lock_it_in,,You’ve held onto more than you think. Open to choose.,💵 Where Should Your Savings Go?,,,,"[""https://m.clear30.org/carousels/18/1.png"",""https://m.clear30.org/carousels/18/2.png"",""https://m.clear30.org/carousels/18/3.png"",""https://m.clear30.org/carousels/18/4.png"",""https://m.clear30.org/carousels/18/5.png"",""https://m.clear30.org/carousels/18/6.png"",""https://m.clear30.org/carousels/18/7.png"",""https://m.clear30.org/carousels/18/8.png"",""https://m.clear30.org/carousels/18/9.png"",""https://m.clear30.org/carousels/18/10.png""]",
538,0,🎉 Clear30 Tutorial,How to get clear with our program,"The core message today is simple: **you’re awesome** for taking this step. This tutorial is here to help you understand how to get the most out of each day - whether it’s through meditations, messages, or journal prompts. Every part of this process is designed to guide you.

It might not feel like it’s making an impact in the first couple of days, but trust us, putting in this work will **pay off**. As you get into the rhythm over the next week or two, these techniques will help you not only tackle cannabis, but **build the tools to conquer any habit or vice** you want to change.

So, stick with it, enjoy the process, and remember - it’s all about **growth and progress**.",tutorial,,,"{""Reddit"":""https://www.reddit.com/r/TheClear30/comments/1nv9zsv/why_does_clear30_have_reddit_posts_in_the_app/"",""Youtube"":""https://youtu.be/lPoYp0E8OGw""}","{""Get personalized advice from Claire, your AI guide for your break."":""Hi Claire, can you introduce yourself to me?""}","[""How are you gonna use clear30 to get to where you want to be?""]","{""Tutorial Mediation"":""https://m.clear30.org/tutorial/meditation.wav""}",,preparation,tutorial,,,,https://m.clear30.org/tutorial/videos/main.mp4,,"[""https://m.clear30.org/tutorial/carousel/1.png"",""https://m.clear30.org/tutorial/carousel/2.png"",""https://m.clear30.org/tutorial/carousel/3.png"",""https://m.clear30.org/tutorial/carousel/4.png"",""https://m.clear30.org/tutorial/carousel/5.png"",""https://m.clear30.org/tutorial/carousel/6.png"",""https://m.clear30.org/tutorial/carousel/7.png"",""https://m.clear30.org/tutorial/carousel/8.png"",""https://m.clear30.org/tutorial/carousel/9.png"",""https://m.clear30.org/tutorial/carousel/10.png"",""https://m.clear30.org/tutorial/carousel/11.png"",""https://m.clear30.org/tutorial/carousel/12.png"",""https://m.clear30.org/tutorial/carousel/13.png""]","[{""title"":""Members save on therapy with Clear30"",""subtitle"":null,""image_url"":""https://m.clear30.org/images/betterhelp_perk.png"",""sheet_type"":""betterHelp"",""button_link"":""https://clear30.org/betterhelp-quiz/"",""button_text"":""Redeem Perk"",""button_symbol"":""heart.fill""}]"
539,0,,,,tutorial,Break-Reason,Explore Life Without Cannabis,,,,,,,,,,,https://m.clear30.org/tutorial/videos/explore_life.mp4,,,
540,0,,,,tutorial,Break-Reason,Improve Overall Health,,,,,,,,,,,https://m.clear30.org/tutorial/videos/improve_health.mp4,,,
541,0,,,,tutorial,Break-Reason,Improve Lung Health,,,,,,,,,,,https://m.clear30.org/tutorial/videos/improve_lungs.mp4,,,
542,0,,,,tutorial,Break-Reason,Improve Current Relationships,,,,,,,,,,,https://m.clear30.org/tutorial/videos/improve_relationships.mp4,,,
543,0,,,,tutorial,Break-Reason,Improve Self-Control and Intention,,,,,,,,,,,https://m.clear30.org/tutorial/videos/improve_self_control.mp4,,,
544,0,,,,tutorial,Break-Reason,Improve Sleep Quality,,,,,,,,,,,https://m.clear30.org/tutorial/videos/improve_sleep_quality.mp4,,,
545,0,,,,tutorial,Break-Reason,Increase Motivation,,,,,,,,,,,https://m.clear30.org/tutorial/videos/increase_motivation.mp4,,,
546,0,,,,tutorial,Break-Reason,Increase Productivity,,,,,,,,,,,https://m.clear30.org/tutorial/videos/increase_productivity.mp4,,,
547,0,,,,tutorial,Break-Reason,Meet Legal Obligations,,,,,,,,,,,https://m.clear30.org/tutorial/videos/legal_obligations.mp4,,,
548,0,,,,tutorial,Break-Reason,Gain Mental Clarity,,,,,,,,,,,https://m.clear30.org/tutorial/videos/mental_clarity.mp4,,,
549,0,,,,tutorial,Break-Reason,Pass Work-Required Drug Test,,,,,,,,,,,https://m.clear30.org/tutorial/videos/pass_drug_test.mp4,,,
550,0,,,,tutorial,Break-Reason,Reduce Anxiety,,,,,,,,,,,https://m.clear30.org/tutorial/videos/reduce_anxiety.mp4,,,
551,0,,,,tutorial,Break-Reason,Reduce Dependency on Cannabis,,,,,,,,,,,https://m.clear30.org/tutorial/videos/reduce_dependency.mp4,,,
552,0,,,,tutorial,Break-Reason,Reduce Depression,,,,,,,,,,,https://m.clear30.org/tutorial/videos/reduce_depression.mp4,,,
553,0,,,,tutorial,Break-Reason,Enhance Social Connections,,,,,,,,,,,https://m.clear30.org/tutorial/videos/reduece_lonliness.mp4,,,
554,0,,,,tutorial,Break-Reason,Save Money,,,,,,,,,,,https://m.clear30.org/tutorial/videos/save_money.mp4,,,
555,0,,,,tutorial,Break-Reason,Reduce Being Stuck in Own Head,,,,,,,,,,,https://m.clear30.org/tutorial/videos/stuck_in_my_head.mp4,,,
556,1,🧠 Reset Your Brain,Embrace the Challenge,"Quitting after smoking 4 days a week is a big shift. Cannabis affected your **CB1 receptors**—mood, sleep, and perception all relied on it. Now that you’ve stopped, _CLIENTNAME_, your brain is rebalancing. The discomfort you feel? **It’s healing in action.**  
 

 💪 **Withdrawal is tough, but temporary.** Anxiety, irritability, and sleep issues are part of your brain recalibrating. Instead of fearing them, see them for what they are—**progress.** Each hard moment is building your strength.  
 

 🌱 **A clearer perspective is ahead.** As cannabis leaves your system, you’ll start to see life without the haze, fully in your control.
 

 Every tough moment now is leading to something better. Keep going—you’re closer than you think. 🌟",clear30,Days-Using,4,"{""🚭 How to stop smoking weed everyday"":""https://www.reddit.com/r/IWantToLearn/comments/7lh5ib/iwtl_how_to_stop_smoking_weed_everyday/""}","{""🧠 Can You Help Me Adjust After Daily Use?"":""Hey Claire, I’ve been smoking almost every day, and now that I’ve stopped, things feel different. Can you ask me questions to help me understand what’s going on in my brain and guide me through this adjustment? I’d also like your support in finding ways to handle whatever comes up, whether it’s physical or emotional.""}","[""What’s onechallenging symptom you’ve experienced, and how can seeing it as part of your brain’s *healing process* change the way you face it? ""]",,,withdrawal,,"_CLIENTNAME_, frequent use shaped your mood & sleep—here’s what’s shifting now.",🧠 Your Brain’s Adjusting,,,,,
557,1,🧠 Reset Your Brain,Embrace the Challenge,"Quitting after smoking 5 days a week is a big shift. Cannabis affected your **CB1 receptors**—mood, sleep, and perception all relied on it. Now that you’ve stopped, _CLIENTNAME_, your brain is rebalancing. The discomfort you feel? **It’s healing in action.**  
 

 💪 **Withdrawal is tough, but temporary.** Anxiety, irritability, and sleep issues are part of your brain recalibrating. Instead of fearing them, see them for what they are—**progress.** Each hard moment is building your strength.  
 

 🌱 **A clearer perspective is ahead.** As cannabis leaves your system, you’ll start to see life without the haze, fully in your control.
 

 Every tough moment now is leading to something better. Keep going—you’re closer than you think. 🌟",clear30,Days-Using,5,"{""🚭 How to stop smoking weed everyday"":""https://www.reddit.com/r/IWantToLearn/comments/7lh5ib/iwtl_how_to_stop_smoking_weed_everyday/""}","{""🧠 Can You Help Me Adjust After Daily Use?"":""Hey Claire, I’ve been smoking almost every day, and now that I’ve stopped, things feel different. Can you ask me questions to help me understand what’s going on in my brain and guide me through this adjustment? I’d also like your support in finding ways to handle whatever comes up, whether it’s physical or emotional.""}","[""What’s onechallenging symptom you’ve experienced, and how can seeing it as part of your brain’s *healing process* change the way you face it? ""]",,,withdrawal,,"_CLIENTNAME_, frequent use shaped your mood & sleep—here’s what’s shifting now.",🧠 Your Brain’s Adjusting,,,,,
558,1,🧠 Reset Your Brain,Embrace the Challenge,"Quitting after smoking 6 days a week is a big shift, _CLIENTNAME_. Cannabis affected your **CB1 receptors**—mood, sleep, and perception all relied on it. Now that you’ve stopped, your brain is rebalancing. The discomfort you feel? **It’s healing in action.**  
 

 💪 **Withdrawal is tough, but temporary.** Anxiety, irritability, and sleep issues are part of your brain recalibrating. Instead of fearing them, see them for what they are—**progress.** Each hard moment is building your strength.
 

 🌱 **A clearer perspective is ahead.** As cannabis leaves your system, you’ll start to see life without the haze, fully in your control.
 

 Every tough moment now is leading to something better. Keep going—you’re closer than you think. 🌟",clear30,Days-Using,6,,"{""🧠 Can You Help Me Adjust After Daily Use?"":""Hey Claire, I’ve been smoking almost every day, and now that I’ve stopped, things feel different. Can you ask me questions to help me understand what’s going on in my brain and guide me through this adjustment? I’d also like your support in finding ways to handle whatever comes up, whether it’s physical or emotional.""}","[""What’s onechallenging symptom you’ve experienced, and how can seeing it as part of your brain’s *healing process* change the way you face it? ""]",,,withdrawal,,"_CLIENTNAME_, daily use means big changes—let’s break down what’s happening.",💪 Daily Use Reset,,,,,
559,1,🧠 Reset Your Brain,Embrace the Challenge,"Quitting after smoking daily is a big shift, _CLIENTNAME_. Cannabis affected your **CB1 receptors**—mood, sleep, and perception all relied on it. Now that you’ve stopped, your brain is rebalancing. The discomfort you feel? **It’s healing in action.**  
 

 💪 **Withdrawal is tough, but temporary.** Anxiety, irritability, and sleep issues are part of your brain recalibrating. Instead of fearing them, see them for what they are—**progress.** Each hard moment is building your strength.
 

 🌱 **A clearer perspective is ahead.** As cannabis leaves your system, you’ll start to see life without the haze, fully in your control.
 

 Every tough moment now is leading to something better. Keep going—you’re closer than you think. 🌟",clear30,Days-Using,7,,"{""🧠 Can You Help Me Adjust After Daily Use?"":""Hey Claire, I’ve been smoking every day, and now that I’ve stopped, things feel different. Can you ask me questions to help me understand what’s going on in my brain and guide me through this adjustment? I’d also like your support in finding ways to handle whatever comes up, whether it’s physical or emotional.""}","[""What’s onechallenging symptom you’ve experienced, and how can seeing it as part of your brain’s *healing process* change the way you face it? ""]",,,withdrawal,,"_CLIENTNAME_, daily use means big changes—let’s break down what’s happening.",💪 Daily Use Reset,,,,,
561,7,⏳ Building Motivation,Reclaiming Your Days,"If you smoked most days, _CLIENTNAME_, time might feel unfamiliar now—stretched, empty, or even overwhelming. But here’s something to consider: **this space isn’t a void—it’s a blank canvas.**  
 

 Try this: **build anchors into your day.** Start with two or three non-negotiables—things that give structure and momentum, like a morning walk, journaling, or prepping a meal. These aren’t just tasks—they’re touchpoints that create rhythm, giving your day a sense of direction and accomplishment.  
 

 Daily smoking might have shaped your routine, but now you have the chance to shape something new—something intentional and aligned with how you want to feel. **The blank canvas isn’t the challenge—it’s the opportunity.** 🌟",clear30,Days-Using,6,,"{""🕒 Can You Help Me Reclaim My Days?"":""Hey Claire, my days feel wide open without smoking, and I want to rebuild them with purpose. Can you ask me questions to help me create a few non-negotiable habits that bring structure and momentum to my routine?""}","[""What’s one **anchor** you could add to your day to create rhythm, and how might it help turn your time into a *blank canvas* for something new? ""]",,,mental_withdrawal,,Here’s how to rebuild a routine that actually works.,🖼️ Smoking Shaped Your Days—Now What?,,,,,
562,7,⏳ Building Motivation,Reclaiming Your Days,"If you smoked daily, _CLIENTNAME_, time might feel unfamiliar now—stretched, empty, or even overwhelming. But here’s something to consider: **this space isn’t a void—it’s a blank canvas.**  
 

 Try this: **build anchors into your day.** Start with two or three non-negotiables—things that give structure and momentum, like a morning walk, journaling, or prepping a meal. These aren’t just tasks—they’re touchpoints that create rhythm, giving your day a sense of direction and accomplishment.  
 

 Daily smoking might have shaped your routine, but now you have the chance to shape something new—something intentional and aligned with how you want to feel. **The blank canvas isn’t the challenge—it’s the opportunity.** 🌟",clear30,Days-Using,7,,"{""🕒 Can You Help Me Reclaim My Days?"":""Hey Claire, my days feel wide open without smoking, and I want to rebuild them with purpose. Can you ask me questions to help me create a few non-negotiable habits that bring structure and momentum to my routine?""}","[""What’s one **anchor** you could add to your day to create rhythm, and how might it help turn your time into a *blank canvas* for something new? ""]",,,mental_withdrawal,,Here’s how to rebuild a routine that actually works.,🖼️ Smoking Shaped Your Days—Now What?,,,,,
563,11,⚖️ Heavy Use and Mental Health,Protecting Your Clarity,"Smoking almost every day, _CLIENTNAME_, puts your brain under strain. **Heavy use increases the risks of psychosis, anxiety, and paranoia.** Cannabis overstimulates areas like the amygdala, heightening negative emotions and clouding your mental clarity.  
 

 Clear30 is your chance to let your brain heal. *Each day without cannabis, those overstimulated pathways begin to reset.* You’re reducing these risks, rebuilding focus, and giving yourself space to feel sharper and more in control.  
 

 **This isn’t just a break—it’s your opportunity to protect your mind and reclaim your clarity.** 🌟",clear30,Days-Using,6,,"{""🧠 Can You Help Me Understand How Heavy Use Affected My Mental Health?"":""Hey Claire, I’ve been reflecting on how heavy cannabis use might have impacted my mental clarity and emotions. Can you ask me questions to help me notice any changes—like sharper focus or reduced anxiety—during this break, and guide me toward understanding how my brain is healing?""}","[""What’s one **positive change** you’ve noticed in your mental clarity during this break, and how does it remind you of the *healing process*? ""]",,,your_mindset,,Daily use changes how your brain works—here’s what you might not realize.,🧐 Is Weed Clouding Your Mind?,,,,,
564,11,⚖️ Heavy Use and Mental Health,Protecting Your Clarity,"Smoking every day, _CLIENTNAME_, puts your brain under strain. **Heavy use increases the risks of psychosis, anxiety, and paranoia.** Cannabis overstimulates areas like the amygdala, heightening negative emotions and clouding your mental clarity.  
 

 Clear30 is your chance to let your brain heal. *Each day without cannabis, those overstimulated pathways begin to reset.* You’re reducing these risks, rebuilding focus, and giving yourself space to feel sharper and more in control.  
 

 **This isn’t just a break—it’s your opportunity to protect your mind and reclaim your clarity.** 🌟",clear30,Days-Using,7,,"{""🧠 Can You Help Me Understand How Heavy Use Affected My Mental Health?"":""Hey Claire, I’ve been reflecting on how heavy cannabis use might have impacted my mental clarity and emotions. Can you ask me questions to help me notice any changes—like sharper focus or reduced anxiety—during this break, and guide me toward understanding how my brain is healing?""}","[""What’s one **positive change** you’ve noticed in your mental clarity during this break, and how does it remind you of the *healing process*? ""]",,,your_mindset,,Daily use changes how your brain works—here’s what you might not realize.,🧐 Is Weed Clouding Your Mind?,,,,,
565,12,💬 Friends and Habits,Redefining How You Connect,"When smoking is part of your daily life, _CLIENTNAME_, it can shape how you relate to your friends. This break isn’t just about stepping back from weed—it’s a chance to see how those relationships feel without it.
 

 Ask yourself, _CLIENTNAME_: *How do these connections hold up when weed isn’t involved?* Are your conversations meaningful? Do you still enjoy their company, or does it feel tied to smoking? These reflections can show you which relationships truly align with your goals.
 

 Try something new—show up for your friendships in a way that doesn’t center around smoking. It’s not about pulling away—it’s about reconnecting on deeper, healthier terms. 🌟",clear30,Days-Using,6,,"{""💬 Can You Help Me Redefine My Friendships Without Smoking?"":""Hey Claire, I’m taking a break from weed and want to explore how it’s affecting my friendships. Can you ask me questions to help me reflect on which connections feel meaningful without smoking and guide me toward ways to deepen those relationships?""}","[""What’s one **way** you’ve connected with friends without smoking, and how has it helped you see the *strength* of those relationships? ""]",,,your_mindset,,This break is revealing a lot—see what’s shifting in your connections.,👀 Do Your Friendships Feel Different?,,,,,
566,12,💬 Friends and Habits,Redefining How You Connect,"When smoking is part of your daily life, _CLIENTNAME_, it can shape how you relate to your friends. This break isn’t just about stepping back from weed—it’s a chance to see how those relationships feel without it.
 

 Ask yourself, _CLIENTNAME_: *How do these connections hold up when weed isn’t involved?* Are your conversations meaningful? Do you still enjoy their company, or does it feel tied to smoking? These reflections can show you which relationships truly align with your goals.
 

 Try something new—show up for your friendships in a way that doesn’t center around smoking. It’s not about pulling away—it’s about reconnecting on deeper, healthier terms. 🌟",clear30,Days-Using,7,,"{""💬 Can You Help Me Redefine My Friendships Without Smoking?"":""Hey Claire, I’m taking a break from weed and want to explore how it’s affecting my friendships. Can you ask me questions to help me reflect on which connections feel meaningful without smoking and guide me toward ways to deepen those relationships?""}","[""What’s one **way** you’ve connected with friends without smoking, and how has it helped you see the *strength* of those relationships? ""]",,,your_mindset,,This break is revealing a lot—see what’s shifting in your connections.,👀 Do Your Friendships Feel Different?,,,,,
568,23,🍃 Growth Takes Time,Breaking the Daily Cycle,"If you, _CLIENTNAME_, smoked most days, this break is a big shift. Weed shaped your routines, and now you’re rebuilding them piece by piece. **Change takes time because you’re not just breaking habits—you’re rewiring how your brain seeks reward.**  
 

 Notice one thing today that feels different without weed, _CLIENTNAME_. Maybe time feels fuller, or focus comes a little easier. These small shifts are proof that progress is happening—even if it’s slow. Each step you take is building something stronger. 🌟",clear30,Days-Using,4,,"{""🌱 Can You Help Me Reflect on Breaking Old Habits?"":""Hey Claire, this break has been a big shift, and I’m working on rebuilding my routines. Can you ask me questions to help me notice small changes—like feeling more focused or having fuller days—and guide me toward seeing how these steps are shaping my progress?""}","[""What’s one **small shift** you’ve noticed in your daily routine during this break, and how does it show that *progress is taking root*? ""]",,,reflection,,Your brain is rewiring—see what’s shifting today.,🌱 Noticing Any Changes Yet?,,,,,
569,23,🍃 Growth Takes Time,Breaking the Daily Cycle,"If you, _CLIENTNAME_, smoked most days, this break is a big shift. Weed shaped your routines, and now you’re rebuilding them piece by piece. **Change takes time because you’re not just breaking habits—you’re rewiring how your brain seeks reward.**  
 

 Notice one thing today that feels different without weed, _CLIENTNAME_. Maybe time feels fuller, or focus comes a little easier. These small shifts are proof that progress is happening—even if it’s slow. Each step you take is building something stronger. 🌟",clear30,Days-Using,5,,"{""🌱 Can You Help Me Reflect on Breaking Old Habits?"":""Hey Claire, this break has been a big shift, and I’m working on rebuilding my routines. Can you ask me questions to help me notice small changes—like feeling more focused or having fuller days—and guide me toward seeing how these steps are shaping my progress?""}","[""What’s one **small shift** you’ve noticed in your daily routine during this break, and how does it show that *progress is taking root*? ""]",,,reflection,,Your brain is rewiring—see what’s shifting today.,🌱 Noticing Any Changes Yet?,,,,,
570,23,🌿 Growth Takes Time,Breaking the Daily Cycle,"If you, _CLIENTNAME_, smoked most days, this break is a big shift. Weed shaped your routines, and now you’re rebuilding them piece by piece. **Change takes time because you’re not just breaking habits—you’re rewiring how your brain seeks reward.**  
 

 Notice one thing today that feels different without weed, _CLIENTNAME_. Maybe time feels fuller, or focus comes a little easier. These small shifts are proof that progress is happening—even if it’s slow. Each step you take is building something stronger. 🌟",clear30,Days-Using,6,,"{""🌱 Can You Help Me Reflect on Breaking Old Habits?"":""Hey Claire, this break has been a big shift, and I’m working on rebuilding my routines. Can you ask me questions to help me notice small changes—like feeling more focused or having fuller days—and guide me toward seeing how these steps are shaping my progress?""}","[""What’s one **small shift** you’ve noticed in your daily routine during this break, and how does it show that *progress is taking root*? ""]",,,reflection,,Something feels different without it. Tap to find out.,🌱 Weed Shaped Your Routine—Now What?,,,,,
571,23,🌿 Growth Takes Time,Breaking the Daily Cycle,"If you, _CLIENTNAME_, smoked every day, this break is a big shift. Weed shaped your routines, and now you’re rebuilding them piece by piece. **Change takes time because you’re not just breaking habits—you’re rewiring how your brain seeks reward.**  
 

 Notice one thing today that feels different without weed, _CLIENTNAME_. Maybe time feels fuller, or focus comes a little easier. These small shifts are proof that progress is happening—even if it’s slow. Each step you take is building something stronger. 🌟",clear30,Days-Using,7,,"{""🌱 Can You Help Me Reflect on Breaking Old Habits?"":""Hey Claire, this break has been a big shift, and I’m working on rebuilding my routines. Can you ask me questions to help me notice small changes—like feeling more focused or having fuller days—and guide me toward seeing how these steps are shaping my progress?""}","[""What’s one **small shift** you’ve noticed in your daily routine during this break, and how does it show that *progress is taking root*? ""]",,,reflection,,Something feels different without it. Tap to find out.,🌱 Weed Shaped Your Routine—Now What?,,,,,